-- phpMyAdmin SQL Dump
-- version 4.6.5.2
-- https://www.phpmyadmin.net/
--
-- Host: 127.0.0.1
-- Generation Time: 2017-06-23 08:49:53
-- 服务器版本： 10.1.21-MariaDB
-- PHP Version: 5.6.30

SET SQL_MODE = "NO_AUTO_VALUE_ON_ZERO";
SET time_zone = "+00:00";


/*!40101 SET @OLD_CHARACTER_SET_CLIENT=@@CHARACTER_SET_CLIENT */;
/*!40101 SET @OLD_CHARACTER_SET_RESULTS=@@CHARACTER_SET_RESULTS */;
/*!40101 SET @OLD_COLLATION_CONNECTION=@@COLLATION_CONNECTION */;
/*!40101 SET NAMES utf8mb4 */;

--
-- Database: `edc_questionnaire`
--

DELIMITER $$
--
-- 存储过程
--
CREATE DEFINER=`root`@`localhost` PROCEDURE `getChildQuizInfo` (IN `_quizID` VARCHAR(36), IN `_childQuizID` VARCHAR(36))  BEGIN
DECLARE _askID VARCHAR(50);
DECLARE i INT DEFAULT 1;
DECLARE _askCount INT;
SELECT askCount INTO _askCount FROM quiz WHERE quizID = _quizID; 
SELECT * FROM quiz WHERE quizID = _quizID;
while i <= _askCount do
SELECT askID INTO _askID FROM (SELECT (@rowNum:=@rowNum+1) AS rowIndex, a.* FROM quiz_ask AS a, (Select (@rowNum :=0) ) AS b
where quizID = _quizID ORDER BY askIndex)as askNew where askNew.rowIndex = i;
SELECT * FROM quiz_ask where quizID = _quizID AND askID = _askID;
SELECT a.*,b.answerContent,b.statisticalValue FROM quiz_ask_elements AS a LEFT OUTER JOIN quiz_data AS b ON a.elementID = b.eleID AND b.childQuizID = _childQuizID
where a.quizID = _quizID AND a.askID = _askID;
set i=i+1;
end while;
END$$

CREATE DEFINER=`root`@`localhost` PROCEDURE `getQuizInfo` (IN `_quizID` VARCHAR(36))  BEGIN
DECLARE _askID VARCHAR(50);
DECLARE i INT DEFAULT 1;
DECLARE _askCount INT;
SELECT askCount INTO _askCount FROM quiz WHERE quizID = _quizID; 
SELECT * FROM quiz WHERE quizID = _quizID;
SELECT * FROM dict_quiz_statistics WHERE quizID = _quizID;
while i <= _askCount do
SELECT askID INTO _askID FROM (SELECT (@rowNum:=@rowNum+1) AS rowIndex, a.* FROM quiz_ask AS a, (Select (@rowNum :=0) ) AS b
where quizID = _quizID ORDER BY askIndex)as askNew where askNew.rowIndex = i;
SELECT * FROM quiz_ask where quizID = _quizID AND askID = _askID;
SELECT * FROM quiz_ask_elements where quizID = _quizID AND askID = _askID;
set i=i+1;
end while;
END$$

CREATE DEFINER=`root`@`localhost` PROCEDURE `getTemplateInfo` (IN `_templateID` VARCHAR(36))  BEGIN
DECLARE _askID VARCHAR(50);
DECLARE i INT DEFAULT 1;
DECLARE _askCount INT;
SELECT askCount INTO _askCount FROM quiz_templates WHERE templateID = _templateID; 
SELECT * FROM quiz_templates WHERE templateID = _templateID;
while i <= _askCount do
SELECT askID INTO _askID FROM (SELECT (@rowNum:=@rowNum+1) AS rowIndex, a.* FROM quiz_ask AS a, (Select (@rowNum :=0) ) AS b
where quizID = _templateID ORDER BY askIndex)as askNew where askNew.rowIndex = i;
SELECT * FROM quiz_ask where quizID = _templateID AND askID = _askID;
SELECT * FROM quiz_ask_elements where quizID = _templateID AND askID = _askID;
set i=i+1;
end while;
END$$

CREATE DEFINER=`root`@`localhost` PROCEDURE `update_quiz_status` ()  BEGIN
    IF exists (select quizID from quiz where status='2' and SYSDATE()>=finishDateTime) THEN  
            update quiz set status='3'  
            where quizID in (SELECT * FROM ( select quizID  from quiz where status='2' and SYSDATE()>=finishDateTime)AS a); 
    END IF;  
END$$

DELIMITER ;

-- --------------------------------------------------------

--
-- 表的结构 `children`
--

CREATE TABLE `children` (
  `childID` varchar(36) NOT NULL,
  `parentID` varchar(36) NOT NULL,
  `name` varchar(50) NOT NULL,
  `schoolID` varchar(36) NOT NULL,
  `schoolName` varchar(45) NOT NULL,
  `gradeID` tinyint(1) NOT NULL,
  `classID` tinyint(1) NOT NULL
) ENGINE=InnoDB DEFAULT CHARSET=utf8;

--
-- 转存表中的数据 `children`
--

INSERT INTO `children` (`childID`, `parentID`, `name`, `schoolID`, `schoolName`, `gradeID`, `classID`) VALUES
('0041D8EA-8F46-FF4A-F151-807F861078AF', 'E7D9F894-0994-A44D-FC0B-750F68C35758', '王钰轩', 'EA1C6F31-10EC-C60A-3488-C409708AE210', '梅溪小学', 2, 3),
('031A99E3-E840-E3E0-48A2-A78BBA528729', '0BAABEED-566B-2E22-36EA-83D903DD0D26', '曹哲涵', '5EC13ECC-8E93-2464-2F0C-86E2C1A80378', '东荷小学', 1, 1),
('16BA4904-181D-99D5-8E09-0F2AA64E03F3', '1C089EE1-E341-3ADA-411A-A10D2BA3AF8A', '朱思琦', 'EA1C6F31-10EC-C60A-3488-C409708AE210', '梅溪小学', 2, 3),
('189FC5C3-A410-EE20-C05A-D05414B0A784', 'E072F78D-E385-023C-3E0D-F8790E19B848', '许蕊', 'A420B2B0-43BF-AF28-CEC5-C6A254C226CC', '戬浜学校', 6, 2),
('1E867718-1F19-101A-4ACD-2B1AD28820E6', '8C85FA31-B02F-298D-3259-74B5CAB71803', '宓心瑶', 'EA1C6F31-10EC-C60A-3488-C409708AE210', '梅溪小学', 2, 3),
('1F17B703-E2C6-9606-EAE8-F51A77808D12', '41B6876C-BF8F-644B-B23D-9E66096EF270', '龚思颖', 'EA1C6F31-10EC-C60A-3488-C409708AE210', '梅溪小学', 2, 3),
('202F28C7-CB27-93DF-2C7F-CF6477DD67AE', '5202261C-7415-2011-9CF4-3D0A42E077C1', '郑蕊蔓', '5EC13ECC-8E93-2464-2F0C-86E2C1A80378', '东荷小学', 1, 1),
('25AD1BC2-827E-B537-F623-1FCF8FA5670E', '960C9182-AEC1-FEC9-6B7E-97164C44360C', '黄麒安', 'EA1C6F31-10EC-C60A-3488-C409708AE210', '梅溪小学', 2, 3),
('2867061F-6A92-239F-1949-8573CB2BCA1E', 'D8761216-84FD-4A8F-C435-DFFADD00AAE9', '戈旭东', '141AC769-B521-AFCB-6D97-70525DF764BE', '戬浜学校', 6, 2),
('291E4214-D091-DD2C-651A-D9849625675E', '843EB9F2-3A48-9F4F-F3ED-7907279EE547', '李享', '141AC769-B521-AFCB-6D97-70525DF764BE', '戬浜学校', 6, 2),
('2926E559-E758-71F6-C4CA-44BD22FBCE1D', '449CFCCE-BC83-A42C-10FD-71A074777469', '孔炫惠', '5EC13ECC-8E93-2464-2F0C-86E2C1A80378', '东荷小学', 1, 1),
('2C167D1A-F538-F88B-5E6C-5E67B06AE392', 'C1EF24BE-4F09-3268-9663-AD824654A46B', '詹张海', '5EC13ECC-8E93-2464-2F0C-86E2C1A80378', '东荷小学', 1, 1),
('2F15DD8A-9FE8-1464-D55D-48151DEB60EA', '797F8A3D-52FA-F260-FCA5-FE09EF8AF113', '俞淼淼', 'EA1C6F31-10EC-C60A-3488-C409708AE210', '梅溪小学', 2, 3),
('30B0AB11-4260-3E80-B7DB-D3E26B4EAAD9', '45C6AC24-1A54-4848-A7AE-BA54BF3AEC69', '张子涵', '5EC13ECC-8E93-2464-2F0C-86E2C1A80378', '东荷小学', 1, 1),
('30ED0EBC-193E-D898-1C81-807793CF3C70', 'BA8A01DE-7DC4-0E38-577B-BE88250B74C9', '林震', 'A420B2B0-43BF-AF28-CEC5-C6A254C226CC', '戬浜学校', 6, 2),
('310FE195-D224-EA0A-A074-069D035C77F0', '1D7C9652-52B8-36DF-2782-DC8BC1AC5171', '程兴康', 'A420B2B0-43BF-AF28-CEC5-C6A254C226CC', '戬浜学校', 6, 2),
('35D2B7D1-B8D6-230C-A92D-DA5A44A887D4', 'BECF2ABF-4E61-3ABD-27A0-699F2A7ED13C', '成子琪', '5EC13ECC-8E93-2464-2F0C-86E2C1A80378', '东荷小学', 1, 1),
('36F5AC2A-2E85-3CE1-4FA8-0CE838D3F74F', '8A9BC16D-3D5B-D1F3-3CD1-A210537B1349', '叶辰', '5EC13ECC-8E93-2464-2F0C-86E2C1A80378', '东荷小学', 1, 1),
('39B2F9DD-4692-F41A-8314-7D6968E87277', 'BA6178B8-1642-608F-4EF9-733627DA1CDB', '阎佳睿', 'EA1C6F31-10EC-C60A-3488-C409708AE210', '梅溪小学', 2, 3),
('432F298D-5890-2185-33BE-9E04948B4A5E', 'E11E459C-81B5-054C-4B15-C08BB355D8D5', '孙乐乐', 'EA1C6F31-10EC-C60A-3488-C409708AE210', '梅溪小学', 2, 3),
('4461F11F-EC32-6E51-95C4-2CC191AFEFF5', '9E0FB16F-E7F7-97B7-765D-579686B055BA', '李维娜', 'EA1C6F31-10EC-C60A-3488-C409708AE210', '梅溪小学', 2, 3),
('51F2DB2D-FA9F-4037-7620-2E83704625FC', '7B869D7A-8E83-97DD-A025-CB173B43ED8D', '郁阳', '141AC769-B521-AFCB-6D97-70525DF764BE', '戬浜学校', 6, 2),
('54799882-1BBB-5457-A3BE-E5E028DC5069', 'BE03F69C-DF6C-8905-AFA9-BE1E7F0F33C6', '姚颖', '141AC769-B521-AFCB-6D97-70525DF764BE', '戬浜学校', 6, 2),
('55494BEC-00BB-6A08-BD0D-1D7E7EA07F58', '185843D6-0934-9465-69E4-19A39A0BA845', '范文杰', 'A420B2B0-43BF-AF28-CEC5-C6A254C226CC', '戬浜学校', 6, 2),
('60156EC5-1029-37D2-78D0-B29B65581718', 'D8C35C8B-B6D0-7459-35B8-3BA3C82D93A0', '马腾玉', '5EC13ECC-8E93-2464-2F0C-86E2C1A80378', '东荷小学', 1, 1),
('609A98DA-2A8E-7CAA-C2AE-A3FEDDD6AEA8', 'E724FC99-496A-AABA-3E70-259E7FD0DA4C', '杨嘉怡', 'EA1C6F31-10EC-C60A-3488-C409708AE210', '梅溪小学', 2, 3),
('609B0AEF-56C6-D252-2162-6A94F321B271', 'FEB74DB1-FE76-709B-4C26-95FCD4AA50F5', '卞欣怡', 'EA1C6F31-10EC-C60A-3488-C409708AE210', '梅溪小学', 2, 3),
('60EDAF8F-B425-E6C7-2A51-3076766C1C5F', '177F7AC9-3C49-1E5C-ABBA-D88C00052080', '孙博翔', '5EC13ECC-8E93-2464-2F0C-86E2C1A80378', '东荷小学', 1, 1),
('61802E6F-D177-040E-CBDE-7C79D885812B', '869EE792-E5FB-3B82-3222-9DB80650DA9D', '闫君豪', '141AC769-B521-AFCB-6D97-70525DF764BE', '戬浜学校', 6, 2),
('635BE311-F537-7D48-0504-53174805C293', '984A36A2-A385-C009-C645-C59F56AD0E55', '丁悦', '141AC769-B521-AFCB-6D97-70525DF764BE', '戬浜学校', 6, 2),
('65E285B7-13C8-2D06-9F78-A595CDB79649', '9C4A54D1-AE10-FD99-D0CD-E0F0F78C05BE', '陆峻妍', '5EC13ECC-8E93-2464-2F0C-86E2C1A80378', '东荷小学', 1, 1),
('6A1A7048-BAB9-A05A-1ADF-3C07121288D1', '0C43B9F5-9439-E027-BDE6-D76263E7BEE9', '张芷涵', '5EC13ECC-8E93-2464-2F0C-86E2C1A80378', '东荷小学', 1, 1),
('6E6EF14D-7EA1-0190-CE95-11786BF05646', '11042C79-F3DF-2CA3-6998-AE3210C98DBB', '裘子辰', 'EA1C6F31-10EC-C60A-3488-C409708AE210', '梅溪小学', 2, 3),
('6F2DF683-57C7-3855-20BC-809E2225632A', 'D5B015B3-8A24-7F10-CB99-FF98A2CB3891', '刘研欣', 'EA1C6F31-10EC-C60A-3488-C409708AE210', '梅溪小学', 2, 3),
('6FA90152-BF99-EB74-3750-973F29B62C84', '6E6B24FD-12BB-99C6-49A5-F1369831D119', '颜芷颖', '5EC13ECC-8E93-2464-2F0C-86E2C1A80378', '东荷小学', 1, 1),
('70AD261A-98DC-534D-97D6-828E9B4C3CB8', 'DD667C05-5BAD-76C8-23DE-2BDB7FD9AE28', '王程亮', 'EA1C6F31-10EC-C60A-3488-C409708AE210', '梅溪小学', 2, 3),
('7227D9C5-62AE-4C73-42C5-74666A32A6C8', 'D9A7C97D-C81D-0EBF-BBE8-FA5A0FC1170D', '李子康', 'EA1C6F31-10EC-C60A-3488-C409708AE210', '梅溪小学', 2, 3),
('7525F5AC-3CD7-C922-57B3-CCEBE3547004', 'E1151514-8C59-6880-55C2-0BBE3B5AD611', '刘嘉浩', 'EA1C6F31-10EC-C60A-3488-C409708AE210', '梅溪小学', 2, 3),
('78D29899-4AB3-B451-7BA0-E68B2D98101C', '808D940B-D8CA-3541-ADD3-ECE3463F2E8E', '李奇', '5EC13ECC-8E93-2464-2F0C-86E2C1A80378', '东荷小学', 1, 1),
('7959858F-0665-226F-E277-6FD47B2AFB6C', '7132EB5F-84D7-F3E4-FFB4-FE8ECDFD7CFE', '燕佳慧', '141AC769-B521-AFCB-6D97-70525DF764BE', '戬浜学校', 6, 2),
('7A5720BF-F47C-47E4-C5B4-8A2779EC7677', 'A0335007-5AD6-AC7A-CC03-30D886A94BE6', '朱峻昊', '5EC13ECC-8E93-2464-2F0C-86E2C1A80378', '东荷小学', 1, 1),
('7B97C38C-BC31-1971-E6C5-5B26515F4374', '7A2DBFC1-92E6-5BB9-1C67-F8F544EABA6E', '魏中廷', '5EC13ECC-8E93-2464-2F0C-86E2C1A80378', '东荷小学', 1, 1),
('7BDAEBB4-8AC3-A050-78EF-0A3653D986C2', 'FB9EA16A-433F-82EA-1006-3281068CB022', '马嘉琪', 'EA1C6F31-10EC-C60A-3488-C409708AE210', '梅溪小学', 2, 3),
('7DCB53C4-99A9-3CCA-5970-A4E2559AE103', '05C34014-BC0C-1271-5B96-0AC4DC7582AE', '郁凌轩', '5EC13ECC-8E93-2464-2F0C-86E2C1A80378', '东荷小学', 1, 1),
('7F80EEAB-2E2D-ACF5-D71F-9B356FC21D17', '504C8BA3-EB1F-E31F-508E-C193D11F9A27', '刘悦', 'EA1C6F31-10EC-C60A-3488-C409708AE210', '梅溪小学', 2, 3),
('7FF34F8B-5908-2EE1-30EC-BF9D320C7503', '306D97F5-1F4B-49AA-CB3A-1A6C9D8606FA', '吴裴', 'A420B2B0-43BF-AF28-CEC5-C6A254C226CC', '戬浜学校', 6, 2),
('8267468A-1B51-80F2-76A5-1ECF057084CF', '5D2DA973-8C9D-B479-FC18-0A1314A00692', '袁泉', 'A420B2B0-43BF-AF28-CEC5-C6A254C226CC', '戬浜学校', 6, 2),
('8355CD9B-7BF4-A0AE-5097-038BB30E08BD', '53D4C43A-9A45-20D5-3EB5-E3CDCF12BB59', '王璐', 'A420B2B0-43BF-AF28-CEC5-C6A254C226CC', '戬浜学校', 6, 2),
('8E6E8332-177B-33B5-62A3-13F29F65AF2C', 'C286E7DE-0956-844E-4F03-A6FA6507E9DE', '吴思宇', 'A420B2B0-43BF-AF28-CEC5-C6A254C226CC', '戬浜学校', 6, 2),
('91AA3045-FE43-A5B0-EB6D-75451241D9F5', '567169EE-B7F0-F586-6445-E8D1333B8D54', '陈梓萌', '5EC13ECC-8E93-2464-2F0C-86E2C1A80378', '东荷小学', 1, 1),
('9478B37F-6EEA-0EEB-7459-6C4E3E6B16D0', '2AF13510-95B0-79D5-0281-919800C0454D', '蒋思成', '5EC13ECC-8E93-2464-2F0C-86E2C1A80378', '东荷小学', 1, 1),
('9736A538-E64D-20EC-0326-9D5E2ED76952', '2D69E32D-240E-C4AC-2CBD-359E503AE398', '袁彗婷', 'EA1C6F31-10EC-C60A-3488-C409708AE210', '梅溪小学', 2, 3),
('97EFA7D3-8F8A-C8FC-D21D-93C0E3127C5F', '0DD3D1AA-C093-415B-CFCD-33DA2C25E43A', '支瑀辰', '5EC13ECC-8E93-2464-2F0C-86E2C1A80378', '东荷小学', 1, 1),
('99D4300F-4915-D013-8EB4-63A902C23425', 'E1B1EDCB-3472-EFD0-8E27-C536C22E8C4C', '怀沐炎', 'EA1C6F31-10EC-C60A-3488-C409708AE210', '梅溪小学', 2, 3),
('9C9B3F89-CC20-7D8B-ED89-CE46E79F6688', '83071846-8E1E-ECF1-CEA0-3D50B9C7E7DF', '唐嘉辉', '141AC769-B521-AFCB-6D97-70525DF764BE', '戬浜学校', 6, 2),
('9D5DBF2E-991F-1EF8-3256-FC5334503E2A', '07A1591B-A055-8254-5BEA-95BA0555BE1F', '王玄悦', '5EC13ECC-8E93-2464-2F0C-86E2C1A80378', '东荷小学', 1, 1),
('9F750E2E-0D71-5036-7EB1-2E4EA723CF33', 'D58D7604-B9FE-FB81-C387-24E5C1396083', '陶倩', '141AC769-B521-AFCB-6D97-70525DF764BE', '戬浜学校', 6, 2),
('A0171A44-6C1B-58E5-CA9E-1A0A73276072', '30F5E527-08BE-A8F3-8AE1-FEC61B1623BE', '陆欣怡', '141AC769-B521-AFCB-6D97-70525DF764BE', '戬浜学校', 6, 2),
('A15C5CF4-2E39-6907-0C8F-9FD6C3ABC078', 'E84BD825-9354-A6CF-96FB-9EBAFFEA167D', '邬星语', '5EC13ECC-8E93-2464-2F0C-86E2C1A80378', '东荷小学', 1, 1),
('A20C689F-89CF-FEF0-29FB-5709F337695A', '60A97B41-66F6-C526-7E62-A41F84F11BB1', '潘海乐', 'EA1C6F31-10EC-C60A-3488-C409708AE210', '梅溪小学', 2, 3),
('A2BC42DF-ABBD-90AA-3095-D11F8FE0558C', 'C047A907-6D84-A779-3ACC-D5474F569CF0', '王薪迪', '5EC13ECC-8E93-2464-2F0C-86E2C1A80378', '东荷小学', 1, 1),
('a4f07434-3997-20a1-66b7-1ea4723125b1', 'bbe6b277-582c-4735-1fdd-c6c7aebdab5a', '涂钰雯', 'bd883464-e0f4-35dd-b6df-730396c92ce3', '东荷小学', 1, 1),
('A579E9E1-8FB0-5E3E-E74E-6CD66C65DA20', 'F7E36EB1-4861-0EF7-04FF-001392255358', '张萌', '5EC13ECC-8E93-2464-2F0C-86E2C1A80378', '东荷小学', 1, 1),
('A70D10CD-85ED-68AE-98C3-FD007936FE7C', '651BEA3B-262D-BDC8-2194-DC7BB6469EC7', '刘奕成', '5EC13ECC-8E93-2464-2F0C-86E2C1A80378', '东荷小学', 1, 1),
('A78596B3-2730-A20A-3C36-F7B18573BFA0', 'EE005980-2566-B158-F15F-66B96E9F7C58', '陈佳妮', 'A420B2B0-43BF-AF28-CEC5-C6A254C226CC', '戬浜学校', 6, 2),
('A8F079F5-003D-F6BF-6082-7EC133F2F9FA', 'DD20FC9C-5DE7-C788-420C-F78764E84411', '王诺一', 'EA1C6F31-10EC-C60A-3488-C409708AE210', '梅溪小学', 2, 3),
('AE5F3DE5-C5B7-206F-EB77-AA5EFC124A81', 'EAD42495-1254-B194-CCC0-91FAE71D66FA', '翁星宇', '141AC769-B521-AFCB-6D97-70525DF764BE', '戬浜学校', 6, 2),
('B13DD81A-65CE-6593-B35D-835392631A1D', 'B3AB4657-110B-7BDF-0278-F5E2357CF498', '高煜轩', '5F5B3BF4-9EAF-8B01-49A9-AFE020305942', '东荷小学', 1, 1),
('B267D9F5-CA8E-1AF7-115F-C335C3E7B821', 'F9C906B0-0FAF-733C-0671-F81E05CDB61A', '刘宏伟', 'EA1C6F31-10EC-C60A-3488-C409708AE210', '梅溪小学', 2, 3),
('B6789E7F-3776-58D1-2E47-786FC4C606CB', '3F1562C8-DD1C-82CD-C1AD-EF14D6198254', '邓子怡', 'A420B2B0-43BF-AF28-CEC5-C6A254C226CC', '戬浜学校', 6, 2),
('B71F6D5B-5A34-21FF-714B-338DCC3765BD', '8A6D0681-E0EC-5B56-5B80-4CE13474096A', '邹子阳', 'A420B2B0-43BF-AF28-CEC5-C6A254C226CC', '戬浜学校', 6, 2),
('B7788182-D91C-23DC-33D1-E8882F3CCDA8', 'E0934E77-0776-5B92-4390-934072D46FEE', '蔡怡璇', 'A420B2B0-43BF-AF28-CEC5-C6A254C226CC', '戬浜学校', 6, 2),
('BB737531-F83B-5F05-2FAC-1AF619D2DB91', '6607D445-8037-88E7-3E74-60A1DE473555', '代方婷', 'A420B2B0-43BF-AF28-CEC5-C6A254C226CC', '戬浜学校', 6, 2),
('BCF87FE5-180F-29BA-40BB-6622DE079787', '8FCE86AB-CFDA-4F0A-5E0A-2527A23787E8', '王超翔', 'A420B2B0-43BF-AF28-CEC5-C6A254C226CC', '戬浜学校', 6, 2),
('BD126C4B-2A01-70E2-DC95-6540E5077A09', 'B9A523A2-3FFA-91D9-AF1A-8A66BBE4C346', '陈靖源', '141AC769-B521-AFCB-6D97-70525DF764BE', '戬浜学校', 6, 2),
('C3E652CE-D51C-964A-3B03-4846EE6B56E6', '5F8F2290-D263-C727-1624-586F5D97B641', '刘华', '141AC769-B521-AFCB-6D97-70525DF764BE', '戬浜学校', 6, 2),
('C40C6C54-E91D-78D6-D4B3-D3DEB7B82DBC', 'B0ABAAD3-569D-86A9-E312-36DCC35CE732', '潘玥', '5EC13ECC-8E93-2464-2F0C-86E2C1A80378', '东荷小学', 1, 1),
('C5438050-BEF7-EAD3-50B3-1822C2D51CE3', '453DEBAC-B39C-EE1C-A934-7893AEE7B85B', '杨紫轩', '5EC13ECC-8E93-2464-2F0C-86E2C1A80378', '东荷小学', 1, 1),
('C5634044-4F68-103A-BBB6-1B4E13076313', '60DAF9C7-D74B-3F51-265F-582EBFB4837E', '刘怡佳', 'EA1C6F31-10EC-C60A-3488-C409708AE210', '梅溪小学', 2, 3),
('C7B8D653-34AC-A964-F14C-F788ECABEF53', '0B6711B1-8016-F44F-5A40-89EF8473A3C7', '韩如冰', 'A420B2B0-43BF-AF28-CEC5-C6A254C226CC', '戬浜学校', 6, 2),
('CBB17963-0C72-66C8-DF80-0F409253DE3E', '5B66F1F5-81E1-C7FF-EE23-267C8508DF71', '王雯雯', '141AC769-B521-AFCB-6D97-70525DF764BE', '戬浜学校', 6, 2),
('CD53CD2A-E2CD-05A7-567E-ACBA70536CD1', '65F029DC-2F05-A780-A34C-1BB1C1A5C7B3', '李静美', 'EA1C6F31-10EC-C60A-3488-C409708AE210', '梅溪小学', 2, 3),
('CDA6011E-FD8F-A8D8-C636-2ACBB010D09E', 'DA34F298-0C1C-5F08-5501-CB243F5773AC', '伊国霁', 'EA1C6F31-10EC-C60A-3488-C409708AE210', '梅溪小学', 2, 3),
('CDDBBF46-9334-8440-8E95-08C7A1470910', '1DC7513A-5BA3-DED4-C5E2-191A203DCBC3', '张翔', 'A420B2B0-43BF-AF28-CEC5-C6A254C226CC', '戬浜学校', 6, 2),
('D22468B1-55AD-8970-39C4-3F8A305D5DFC', '9EE427B3-453B-CECD-66D1-BE81B3566EF2', '李哲灏', '5EC13ECC-8E93-2464-2F0C-86E2C1A80378', '东荷小学', 1, 1),
('D2E6202C-B345-5F2E-5876-A94EF2B94A64', '1D8E4C90-C12F-DF31-E17A-FCC5C12B3DE3', '邢傲宇', 'EA1C6F31-10EC-C60A-3488-C409708AE210', '梅溪小学', 2, 3),
('D3055549-798B-BD80-3129-F661B85C6557', '9942F5E9-3061-5587-67DB-31CB4B5FC841', '孙琪清', 'EA1C6F31-10EC-C60A-3488-C409708AE210', '梅溪小学', 2, 3),
('D32A7564-E18D-863B-BAE0-3729B25615F6', 'D4834FE5-4718-C4D0-4FC5-5ABE69B3A16C', '李子康', '5EC13ECC-8E93-2464-2F0C-86E2C1A80378', '东荷小学', 1, 1),
('D36BEDF3-4E25-0F35-96F2-AB5F52D34AD5', '48F47DEE-D960-8542-44D4-2009A8EEE353', '王佳翔', 'A420B2B0-43BF-AF28-CEC5-C6A254C226CC', '戬浜学校', 6, 2),
('D4601939-B175-14E4-DEF7-2F94223C124B', '3212BFED-83E4-8C75-7206-E7975CA79630', '宁灿', 'A420B2B0-43BF-AF28-CEC5-C6A254C226CC', '戬浜学校', 6, 2),
('D6A297B1-DBAC-52B6-66DB-9E28B95A8C1D', 'E7BD9A5D-BD5A-5C5F-354D-1148F5B8CF21', '吴雪雁', '141AC769-B521-AFCB-6D97-70525DF764BE', '戬浜学校', 6, 2),
('D6C69A88-CA0D-D812-D107-221046342147', 'C5506754-D4D2-E497-2C98-2A03CEB4784D', '张昊轩', 'EA1C6F31-10EC-C60A-3488-C409708AE210', '梅溪小学', 2, 3),
('D7ECDA73-C79F-2696-9F76-9A90441B283E', '18264475-2849-EB1F-1BC7-6D9587D05362', '朱宥吟', 'EA1C6F31-10EC-C60A-3488-C409708AE210', '梅溪小学', 2, 3),
('D96508C2-85ED-5A64-4A00-09B7D07EC47C', '3A4E6078-923B-BB33-D986-5C40BE5C5DBF', '陆燚君', 'EA1C6F31-10EC-C60A-3488-C409708AE210', '梅溪小学', 2, 3),
('DBC46C5C-E422-12C3-DF99-9F78F3E56131', '2E68DBF2-483E-54B7-50C1-7F2AF6CF8140', '杨欣怡', '5EC13ECC-8E93-2464-2F0C-86E2C1A80378', '东荷小学', 1, 1),
('E456F4BF-4A40-BEF2-33D2-EEAF5A5F512E', '4632C255-CA77-E0EA-DEBE-3C0BE389A6A8', '张黎捷', '5EC13ECC-8E93-2464-2F0C-86E2C1A80378', '东荷小学', 1, 1),
('E99327A5-DB4A-1F2E-6C01-6CFF28317B9D', '5FB17B1B-1B69-2F77-0300-D636A66B1E98', '谢籽鑫', 'EA1C6F31-10EC-C60A-3488-C409708AE210', '梅溪小学', 2, 3),
('EECE8278-23F4-FD13-2FBA-54EE63B4AE27', 'DDC092B0-8D25-EDBF-72F9-E975444055B2', '阎星仪', '141AC769-B521-AFCB-6D97-70525DF764BE', '戬浜学校', 6, 2),
('EEF2C9A6-505C-FE2D-29E7-6CB5313FCF9B', '2FF391B5-BAA1-4F1D-2568-721199678DFE', '陈广田', '141AC769-B521-AFCB-6D97-70525DF764BE', '戬浜学校', 6, 2),
('F196F2BD-C3AA-1F1F-9AEA-0B9581CBD32E', '1C31D3AE-429D-E2BB-3569-955E7C09C52B', '朱涛', '5EC13ECC-8E93-2464-2F0C-86E2C1A80378', '东荷小学', 1, 1),
('F2327904-4D05-1EEE-9A37-6C278523C665', '4FB3EAA5-8BC3-E9D9-BB86-E5472E6E5F3F', '高梓轩', '5EC13ECC-8E93-2464-2F0C-86E2C1A80378', '东荷小学', 1, 1),
('F2B46F36-08FD-1206-CE7B-F6EBE4F2393D', '6AF1DA64-6CF6-2092-1EE4-811197C82EBF', '姚健强', 'A420B2B0-43BF-AF28-CEC5-C6A254C226CC', '戬浜学校', 6, 2),
('F31B90D3-3780-D486-D382-66D8A7232085', 'D20E4DC8-B226-C13D-5318-074ECEB13725', '陆婷薇', 'EA1C6F31-10EC-C60A-3488-C409708AE210', '梅溪小学', 2, 3),
('F3C08282-D87C-2172-5E8E-32A2B8411C77', '137CE7D6-C7B4-7D42-A33D-6CE851A76943', '李乐乐', '141AC769-B521-AFCB-6D97-70525DF764BE', '戬浜学校', 6, 2),
('F5D3F7CA-4598-C104-AB7F-40FB402B9A4D', '7828E110-1920-0BB4-167C-78C53C963E44', '陆文博', '5EC13ECC-8E93-2464-2F0C-86E2C1A80378', '东荷小学', 1, 1),
('F7BCA4B6-0295-C824-B94E-DF253407B9A3', 'DBFD29D4-84C1-7595-5922-51276DBA6BF3', '马俊杰', 'EA1C6F31-10EC-C60A-3488-C409708AE210', '梅溪小学', 2, 3),
('FF41F729-7DE1-02E2-2DF6-56694ACC759C', '607F02D1-4797-EDB3-50B8-0B0634A74BF0', '张昕语', 'EA1C6F31-10EC-C60A-3488-C409708AE210', '梅溪小学', 2, 3);

-- --------------------------------------------------------

--
-- 表的结构 `child_quiz`
--

CREATE TABLE `child_quiz` (
  `childQuizID` varchar(36) NOT NULL,
  `childID` varchar(36) NOT NULL,
  `quizID` varchar(36) NOT NULL,
  `updateDatetime` datetime NOT NULL,
  `answerDatetime` datetime DEFAULT NULL,
  `writeStatus` varchar(3) NOT NULL
) ENGINE=InnoDB DEFAULT CHARSET=utf8;

--
-- 转存表中的数据 `child_quiz`
--

INSERT INTO `child_quiz` (`childQuizID`, `childID`, `quizID`, `updateDatetime`, `answerDatetime`, `writeStatus`) VALUES
('01C3F245-74B1-CE18-8628-5E42233CD937', 'FF41F729-7DE1-02E2-2DF6-56694ACC759C', '00ce5773-1f4f-3007-6d2b-170e90a2df46', '2017-06-19 06:25:10', NULL, '2'),
('026765AB-A2F6-C670-23E0-9FA882D1306A', 'A15C5CF4-2E39-6907-0C8F-9FD6C3ABC078', '00ce5773-1f4f-3007-6d2b-170e90a2df46', '2017-06-10 02:24:29', NULL, '2'),
('030BDFF9-5BDF-A203-ECE8-DD68B137B6D7', '609A98DA-2A8E-7CAA-C2AE-A3FEDDD6AEA8', '00ce5773-1f4f-3007-6d2b-170e90a2df46', '2017-06-28 10:57:29', NULL, '2'),
('0701F3FD-5C1A-481F-713D-4AA9B4CA314E', '30B0AB11-4260-3E80-B7DB-D3E26B4EAAD9', '00ce5773-1f4f-3007-6d2b-170e90a2df46', '2017-06-11 18:09:26', NULL, '2'),
('071CFB9A-B4A3-7541-3FD9-A31A6CED19A0', '9736A538-E64D-20EC-0326-9D5E2ED76952', '00ce5773-1f4f-3007-6d2b-170e90a2df46', '2017-06-26 14:00:18', NULL, '2'),
('0861E976-846A-3786-FD6C-A7AFB67773FF', '202F28C7-CB27-93DF-2C7F-CF6477DD67AE', '00ce5773-1f4f-3007-6d2b-170e90a2df46', '2017-06-15 21:05:26', NULL, '2'),
('0A30BF3B-B061-CEBF-52AE-D8C5611144C8', 'E99327A5-DB4A-1F2E-6C01-6CFF28317B9D', '00ce5773-1f4f-3007-6d2b-170e90a2df46', '2017-06-28 22:33:31', NULL, '2'),
('0D5833DE-6F06-A80C-6162-CB03A6224EAC', '2F15DD8A-9FE8-1464-D55D-48151DEB60EA', '00ce5773-1f4f-3007-6d2b-170e90a2df46', '2017-06-26 13:36:30', NULL, '2'),
('1866C035-EFBE-F08D-FD20-6FEC88F5D73E', '61802E6F-D177-040E-CBDE-7C79D885812B', '00ce5773-1f4f-3007-6d2b-170e90a2df46', '2017-06-07 21:02:21', NULL, '2'),
('20B9DF5E-4829-36B1-B9AF-936A3ABE4E82', '310FE195-D224-EA0A-A074-069D035C77F0', '00ce5773-1f4f-3007-6d2b-170e90a2df46', '2017-06-25 19:33:47', NULL, '2'),
('20BAB38A-F4C2-919B-1F36-DD3800A5FB6D', '7FF34F8B-5908-2EE1-30EC-BF9D320C7503', '00ce5773-1f4f-3007-6d2b-170e90a2df46', '2017-06-13 19:38:22', NULL, '2'),
('244E077B-1ECF-506A-D89A-1189662266D9', 'B71F6D5B-5A34-21FF-714B-338DCC3765BD', '00ce5773-1f4f-3007-6d2b-170e90a2df46', '2017-06-07 17:09:32', NULL, '2'),
('24E1F4D7-3A24-42AB-322C-1C28CF7D944B', 'A70D10CD-85ED-68AE-98C3-FD007936FE7C', '00ce5773-1f4f-3007-6d2b-170e90a2df46', '2017-06-12 15:39:57', NULL, '2'),
('253B0D0F-1832-4553-AF8D-DB12076F2805', 'AE5F3DE5-C5B7-206F-EB77-AA5EFC124A81', '00ce5773-1f4f-3007-6d2b-170e90a2df46', '2017-06-19 14:43:46', NULL, '2'),
('2cd4fb5d-b929-39c2-955f-4faa1f0b4307', 'a4f07434-3997-20a1-66b7-1ea4723125b1', 'ddae44db-5cbb-9396-7c74-7aaef6e54969', '2017-05-19 20:21:48', NULL, '1'),
('2DB3AC6D-A112-06A2-359B-9DF7E956280D', '30ED0EBC-193E-D898-1C81-807793CF3C70', '00ce5773-1f4f-3007-6d2b-170e90a2df46', '2017-06-12 18:23:46', NULL, '2'),
('31974BD1-6D95-F803-AD70-4559ADBA5890', '609B0AEF-56C6-D252-2162-6A94F321B271', '00ce5773-1f4f-3007-6d2b-170e90a2df46', '2017-06-29 18:08:13', NULL, '2'),
('3539514C-1172-B3FF-F6BF-DBC512B1EAD2', '2C167D1A-F538-F88B-5E6C-5E67B06AE392', '00ce5773-1f4f-3007-6d2b-170e90a2df46', '2017-06-12 19:16:20', NULL, '2'),
('3B8CB567-353D-A73D-51F8-EEE5200DF84C', '16BA4904-181D-99D5-8E09-0F2AA64E03F3', '00ce5773-1f4f-3007-6d2b-170e90a2df46', '2017-06-08 23:38:39', NULL, '2'),
('3BB1A79F-34CA-166F-DF0D-3F3203DB26EF', 'B267D9F5-CA8E-1AF7-115F-C335C3E7B821', '00ce5773-1f4f-3007-6d2b-170e90a2df46', '2017-06-22 05:55:40', NULL, '2'),
('3FEE4C58-6EFE-0D2F-B672-F26C2BBFFF1F', 'CDA6011E-FD8F-A8D8-C636-2ACBB010D09E', '00ce5773-1f4f-3007-6d2b-170e90a2df46', '2017-06-08 18:44:31', NULL, '2'),
('441D80A7-FFDF-11BD-1925-DC889D5F7111', '2926E559-E758-71F6-C4CA-44BD22FBCE1D', '00ce5773-1f4f-3007-6d2b-170e90a2df46', '2017-06-30 00:17:32', NULL, '2'),
('44BF359D-3BD7-5547-3867-1D187F64433A', '8355CD9B-7BF4-A0AE-5097-038BB30E08BD', '00ce5773-1f4f-3007-6d2b-170e90a2df46', '2017-06-18 19:31:14', NULL, '2'),
('46e3c57b-3120-a670-2112-88729700a769', 'a4f07434-3997-20a1-66b7-1ea4723125b1', '00ce5773-1f4f-3007-6d2b-170e90a2df46', '2017-06-21 10:20:16', NULL, '1'),
('476763BF-3A7E-59C3-B6FC-FD9ED7EE91DD', '60EDAF8F-B425-E6C7-2A51-3076766C1C5F', '00ce5773-1f4f-3007-6d2b-170e90a2df46', '2017-06-08 18:18:13', NULL, '2'),
('476E1E91-C9FC-7AC3-5776-6916ECC17162', '8267468A-1B51-80F2-76A5-1ECF057084CF', '00ce5773-1f4f-3007-6d2b-170e90a2df46', '2017-06-30 22:52:22', NULL, '2'),
('479CD03A-3725-D961-AF8A-FB1FA8FC138B', '7BDAEBB4-8AC3-A050-78EF-0A3653D986C2', '00ce5773-1f4f-3007-6d2b-170e90a2df46', '2017-06-07 06:44:03', NULL, '2'),
('4829D924-3E87-A91F-E1A8-F6060DF8962F', 'B6789E7F-3776-58D1-2E47-786FC4C606CB', '00ce5773-1f4f-3007-6d2b-170e90a2df46', '2017-06-25 12:07:59', NULL, '2'),
('484F2F03-9639-05F6-084B-FA7E4903C7C3', 'BCF87FE5-180F-29BA-40BB-6622DE079787', '00ce5773-1f4f-3007-6d2b-170e90a2df46', '2017-06-30 23:34:53', NULL, '2'),
('495765A4-1659-0572-D78F-98E920B210B5', 'DBC46C5C-E422-12C3-DF99-9F78F3E56131', '00ce5773-1f4f-3007-6d2b-170e90a2df46', '2017-06-17 08:38:29', NULL, '2'),
('4A0B15D3-8A26-CB4F-F75E-8950D45F494F', 'B13DD81A-65CE-6593-B35D-835392631A1D', '00ce5773-1f4f-3007-6d2b-170e90a2df46', '2017-06-14 13:18:04', NULL, '2'),
('4C24D38B-8E28-B833-067A-0D24DC5A06AA', 'CDDBBF46-9334-8440-8E95-08C7A1470910', '00ce5773-1f4f-3007-6d2b-170e90a2df46', '2017-06-27 03:04:22', NULL, '2'),
('4DFE1916-B0F0-1AFE-031D-41440DCCA55B', '2867061F-6A92-239F-1949-8573CB2BCA1E', '00ce5773-1f4f-3007-6d2b-170e90a2df46', '2017-06-25 15:50:08', NULL, '2'),
('4E207B40-B9DD-972B-6B38-9E60A3EE80D6', '7959858F-0665-226F-E277-6FD47B2AFB6C', '00ce5773-1f4f-3007-6d2b-170e90a2df46', '2017-06-29 08:11:42', NULL, '2'),
('4EECC38A-BF84-F30F-1BE7-213D1EFBB617', 'C5634044-4F68-103A-BBB6-1B4E13076313', '00ce5773-1f4f-3007-6d2b-170e90a2df46', '2017-06-09 21:14:42', NULL, '2'),
('5432EE5D-D471-FDB2-A461-715E9D202896', 'F196F2BD-C3AA-1F1F-9AEA-0B9581CBD32E', '00ce5773-1f4f-3007-6d2b-170e90a2df46', '2017-06-21 22:47:24', NULL, '2'),
('5467762E-9C18-AE51-A3F1-915D5BFB21EE', '1E867718-1F19-101A-4ACD-2B1AD28820E6', '00ce5773-1f4f-3007-6d2b-170e90a2df46', '2017-06-30 18:00:29', NULL, '2'),
('566897c3-bd75-0c2c-3ae0-6fc01db39ff7', 'a4f07434-3997-20a1-66b7-1ea4723125b1', '6f6d010e-9626-15c9-410b-f08d46de4b6e', '2017-06-03 17:03:51', NULL, '1'),
('594DED5C-E68E-3F48-4CE5-39FF7B6E748B', '97EFA7D3-8F8A-C8FC-D21D-93C0E3127C5F', '00ce5773-1f4f-3007-6d2b-170e90a2df46', '2017-06-08 22:16:50', NULL, '2'),
('5A96EEC7-F5ED-4158-60A0-70CA1A8B00B5', '7DCB53C4-99A9-3CCA-5970-A4E2559AE103', '00ce5773-1f4f-3007-6d2b-170e90a2df46', '2017-06-19 03:49:43', NULL, '2'),
('5F4A3B52-3FEF-7614-EF5D-2C4700B55778', '189FC5C3-A410-EE20-C05A-D05414B0A784', '00ce5773-1f4f-3007-6d2b-170e90a2df46', '2017-06-26 02:13:35', NULL, '2'),
('61539D46-2310-AAFE-1339-01B660CD4C66', '291E4214-D091-DD2C-651A-D9849625675E', '00ce5773-1f4f-3007-6d2b-170e90a2df46', '2017-06-25 06:48:57', NULL, '2'),
('63ECECE2-9057-5BF3-90D0-3212F3052C80', '7F80EEAB-2E2D-ACF5-D71F-9B356FC21D17', '00ce5773-1f4f-3007-6d2b-170e90a2df46', '2017-06-05 15:15:11', NULL, '2'),
('66F182F0-FD27-9737-F85C-F7FD301F3621', 'D96508C2-85ED-5A64-4A00-09B7D07EC47C', '00ce5773-1f4f-3007-6d2b-170e90a2df46', '2017-06-15 08:37:15', NULL, '2'),
('6759C623-872D-0BF0-119B-34E079815692', 'A2BC42DF-ABBD-90AA-3095-D11F8FE0558C', '00ce5773-1f4f-3007-6d2b-170e90a2df46', '2017-06-24 21:14:00', NULL, '2'),
('68812A2B-64C1-1E9F-3DB3-DF1E468C3608', '7525F5AC-3CD7-C922-57B3-CCEBE3547004', '00ce5773-1f4f-3007-6d2b-170e90a2df46', '2017-06-08 18:38:30', NULL, '2'),
('6C8AE7BE-4018-D77A-7504-6BCC32E66B29', 'F2327904-4D05-1EEE-9A37-6C278523C665', '00ce5773-1f4f-3007-6d2b-170e90a2df46', '2017-06-23 15:53:29', NULL, '2'),
('7008FFE4-D0A3-18B5-519E-98BF23E4D28F', '25AD1BC2-827E-B537-F623-1FCF8FA5670E', '00ce5773-1f4f-3007-6d2b-170e90a2df46', '2017-06-18 23:23:30', NULL, '2'),
('71CB2A51-CEE6-F214-809A-09F6205C5083', '78D29899-4AB3-B451-7BA0-E68B2D98101C', '00ce5773-1f4f-3007-6d2b-170e90a2df46', '2017-06-09 19:30:41', NULL, '2'),
('72870223-8FDD-5A6E-4F73-EE48BF56C58A', '9F750E2E-0D71-5036-7EB1-2E4EA723CF33', '00ce5773-1f4f-3007-6d2b-170e90a2df46', '2017-06-19 10:06:40', NULL, '2'),
('7397EC4A-1473-987A-DA84-7FD15EE09BEB', '51F2DB2D-FA9F-4037-7620-2E83704625FC', '00ce5773-1f4f-3007-6d2b-170e90a2df46', '2017-06-25 11:11:13', NULL, '2'),
('7BF08113-36CB-6A5E-AD30-650C8EBD189E', '65E285B7-13C8-2D06-9F78-A595CDB79649', '00ce5773-1f4f-3007-6d2b-170e90a2df46', '2017-07-02 09:23:42', NULL, '2'),
('7D935D58-CA4D-4104-A9BF-9847252749CD', 'EEF2C9A6-505C-FE2D-29E7-6CB5313FCF9B', '00ce5773-1f4f-3007-6d2b-170e90a2df46', '2017-07-01 18:40:52', NULL, '2'),
('8061CF45-8F9F-13E3-B29C-58B1DFC93FA0', 'C7B8D653-34AC-A964-F14C-F788ECABEF53', '00ce5773-1f4f-3007-6d2b-170e90a2df46', '2017-06-06 16:52:24', NULL, '2'),
('80FFED84-104B-6235-B9E0-8AB8D9812941', '8E6E8332-177B-33B5-62A3-13F29F65AF2C', '00ce5773-1f4f-3007-6d2b-170e90a2df46', '2017-06-12 11:56:41', NULL, '2'),
('8880E589-3970-162E-FFDD-8DE5744D79B9', 'BB737531-F83B-5F05-2FAC-1AF619D2DB91', '00ce5773-1f4f-3007-6d2b-170e90a2df46', '2017-06-22 23:12:12', NULL, '2'),
('89843604-8761-1E31-70F8-F96E4D7D6CA4', '635BE311-F537-7D48-0504-53174805C293', '00ce5773-1f4f-3007-6d2b-170e90a2df46', '2017-06-29 21:26:58', NULL, '2'),
('8FDAFC98-136D-30F6-CF6B-B8845F3685BD', 'BD126C4B-2A01-70E2-DC95-6540E5077A09', '00ce5773-1f4f-3007-6d2b-170e90a2df46', '2017-06-18 02:05:29', NULL, '2'),
('920AB2EB-8296-D706-0DA4-EC8F6CB970AB', '9D5DBF2E-991F-1EF8-3256-FC5334503E2A', '00ce5773-1f4f-3007-6d2b-170e90a2df46', '2017-06-17 09:28:34', NULL, '2'),
('92ED7B93-4A09-C1BD-17C3-01F30709A859', 'D6C69A88-CA0D-D812-D107-221046342147', '00ce5773-1f4f-3007-6d2b-170e90a2df46', '2017-07-02 06:26:48', NULL, '2'),
('93484759-D692-672D-9228-4C5AFCAA9ADF', 'CBB17963-0C72-66C8-DF80-0F409253DE3E', '00ce5773-1f4f-3007-6d2b-170e90a2df46', '2017-06-08 01:45:25', NULL, '2'),
('98ACAC8B-0A70-711A-DFDD-CDFCA20ECD27', '35D2B7D1-B8D6-230C-A92D-DA5A44A887D4', '00ce5773-1f4f-3007-6d2b-170e90a2df46', '2017-06-10 19:03:22', NULL, '2'),
('98AF264E-03BA-4966-CCB1-3EE02FA46455', '031A99E3-E840-E3E0-48A2-A78BBA528729', '00ce5773-1f4f-3007-6d2b-170e90a2df46', '2017-06-27 11:09:18', NULL, '2'),
('98F141FB-2511-826C-471D-7668C10E2CFD', '9478B37F-6EEA-0EEB-7459-6C4E3E6B16D0', '00ce5773-1f4f-3007-6d2b-170e90a2df46', '2017-06-22 01:30:45', NULL, '2'),
('99A6D9E1-7736-A3EF-B801-B7A15B64D9A1', 'EECE8278-23F4-FD13-2FBA-54EE63B4AE27', '00ce5773-1f4f-3007-6d2b-170e90a2df46', '2017-06-15 00:34:17', NULL, '2'),
('9FA3D59F-9DC2-E62C-84E6-7B5DD301D6C0', '7A5720BF-F47C-47E4-C5B4-8A2779EC7677', '00ce5773-1f4f-3007-6d2b-170e90a2df46', '2017-06-26 01:58:30', NULL, '2'),
('A20928C1-E897-E4CC-8582-2588F9FA29CF', '99D4300F-4915-D013-8EB4-63A902C23425', '00ce5773-1f4f-3007-6d2b-170e90a2df46', '2017-06-13 14:54:58', NULL, '2'),
('A6DB9643-ED27-94B5-F552-E26808164F4C', 'C5438050-BEF7-EAD3-50B3-1822C2D51CE3', '00ce5773-1f4f-3007-6d2b-170e90a2df46', '2017-06-30 17:18:13', NULL, '2'),
('A9479D2A-1659-3C66-8E53-FAF567636504', '54799882-1BBB-5457-A3BE-E5E028DC5069', '00ce5773-1f4f-3007-6d2b-170e90a2df46', '2017-06-10 21:23:09', NULL, '2'),
('A9EB8C13-5723-0267-7E50-458CFB1FBDE8', '6F2DF683-57C7-3855-20BC-809E2225632A', '00ce5773-1f4f-3007-6d2b-170e90a2df46', '2017-06-18 03:29:29', NULL, '2'),
('AB6B921B-753D-9027-4341-64CABC248921', 'A20C689F-89CF-FEF0-29FB-5709F337695A', '00ce5773-1f4f-3007-6d2b-170e90a2df46', '2017-06-25 02:10:31', NULL, '2'),
('ADAEF9AA-4DCA-CAD7-24E5-4B53F5824FC7', 'D36BEDF3-4E25-0F35-96F2-AB5F52D34AD5', '00ce5773-1f4f-3007-6d2b-170e90a2df46', '2017-06-18 17:48:59', NULL, '2'),
('AFF85C0F-0FBE-798D-752A-751527612DAA', 'D3055549-798B-BD80-3129-F661B85C6557', '00ce5773-1f4f-3007-6d2b-170e90a2df46', '2017-06-24 08:19:02', NULL, '2'),
('B1F7DED9-D53E-E265-6749-7A3C93743573', 'D6A297B1-DBAC-52B6-66DB-9E28B95A8C1D', '00ce5773-1f4f-3007-6d2b-170e90a2df46', '2017-06-13 19:19:10', NULL, '2'),
('B2D6D6A2-38BC-F8A7-58D8-6CBEB1AB926D', 'A579E9E1-8FB0-5E3E-E74E-6CD66C65DA20', '00ce5773-1f4f-3007-6d2b-170e90a2df46', '2017-06-07 17:07:50', NULL, '2'),
('B4CF14E0-7886-C20E-39AE-5923BCCE169F', '91AA3045-FE43-A5B0-EB6D-75451241D9F5', '00ce5773-1f4f-3007-6d2b-170e90a2df46', '2017-06-22 13:05:39', NULL, '2'),
('B563CC59-188A-4236-6463-4A581651AD55', '6FA90152-BF99-EB74-3750-973F29B62C84', '00ce5773-1f4f-3007-6d2b-170e90a2df46', '2017-06-12 05:31:43', NULL, '2'),
('B670929B-C8F0-DD41-C3E2-DE3501F72643', '36F5AC2A-2E85-3CE1-4FA8-0CE838D3F74F', '00ce5773-1f4f-3007-6d2b-170e90a2df46', '2017-07-01 13:18:50', NULL, '2'),
('B7D72601-8A15-1A95-C509-E439DDE324AE', 'F5D3F7CA-4598-C104-AB7F-40FB402B9A4D', '00ce5773-1f4f-3007-6d2b-170e90a2df46', '2017-06-23 00:18:49', NULL, '2'),
('B922226B-47DD-8B63-449B-383E9A8B2F7A', '39B2F9DD-4692-F41A-8314-7D6968E87277', '00ce5773-1f4f-3007-6d2b-170e90a2df46', '2017-06-06 15:00:59', NULL, '2'),
('BF0D0869-87B5-62DA-0F21-4459A8BE911C', 'F3C08282-D87C-2172-5E8E-32A2B8411C77', '00ce5773-1f4f-3007-6d2b-170e90a2df46', '2017-06-21 19:15:07', NULL, '2'),
('C2CF7220-17A0-EE89-F8B2-9F62976F72F3', '6A1A7048-BAB9-A05A-1ADF-3C07121288D1', '00ce5773-1f4f-3007-6d2b-170e90a2df46', '2017-06-22 21:07:41', NULL, '2'),
('C30F948F-4C43-9A47-A02E-29B3DFF2047F', '7227D9C5-62AE-4C73-42C5-74666A32A6C8', '00ce5773-1f4f-3007-6d2b-170e90a2df46', '2017-06-16 16:06:58', NULL, '2'),
('C35BA2FC-EC9A-60DE-C617-27A3A166F44E', '432F298D-5890-2185-33BE-9E04948B4A5E', '00ce5773-1f4f-3007-6d2b-170e90a2df46', '2017-06-18 01:17:24', NULL, '2'),
('C3BBC740-0938-2D72-821D-D05A30E3EBF4', '7B97C38C-BC31-1971-E6C5-5B26515F4374', '00ce5773-1f4f-3007-6d2b-170e90a2df46', '2017-06-12 02:47:08', NULL, '2'),
('C652A5EE-4E23-617E-21D5-F359E1992010', 'CD53CD2A-E2CD-05A7-567E-ACBA70536CD1', '00ce5773-1f4f-3007-6d2b-170e90a2df46', '2017-06-09 16:47:52', NULL, '2'),
('CB525597-8FC9-1101-2719-2CEF8C7CF0E7', 'E456F4BF-4A40-BEF2-33D2-EEAF5A5F512E', '00ce5773-1f4f-3007-6d2b-170e90a2df46', '2017-07-01 07:20:10', NULL, '2'),
('CD83271F-5EC4-253F-7F2E-07CB2F7525D9', 'D2E6202C-B345-5F2E-5876-A94EF2B94A64', '00ce5773-1f4f-3007-6d2b-170e90a2df46', '2017-06-16 13:42:49', NULL, '2'),
('D36013E4-8995-4DB2-6F59-51E50DE6D0BF', 'D22468B1-55AD-8970-39C4-3F8A305D5DFC', '00ce5773-1f4f-3007-6d2b-170e90a2df46', '2017-06-21 09:07:19', NULL, '2'),
('D3CC81A1-4699-56D6-391C-62F35B4DA2B8', 'A78596B3-2730-A20A-3C36-F7B18573BFA0', '00ce5773-1f4f-3007-6d2b-170e90a2df46', '2017-06-13 23:56:13', NULL, '2'),
('D81DC3B3-E47D-3A8C-C338-EF4733374C13', 'D4601939-B175-14E4-DEF7-2F94223C124B', '00ce5773-1f4f-3007-6d2b-170e90a2df46', '2017-06-22 22:11:29', NULL, '2'),
('D8580F15-04B8-E0B5-526A-EB7DD20B7C15', 'F2B46F36-08FD-1206-CE7B-F6EBE4F2393D', '00ce5773-1f4f-3007-6d2b-170e90a2df46', '2017-06-17 11:15:26', NULL, '2'),
('D9305346-0B38-C07D-2017-BA5E2F88303C', 'C3E652CE-D51C-964A-3B03-4846EE6B56E6', '00ce5773-1f4f-3007-6d2b-170e90a2df46', '2017-06-11 23:55:24', NULL, '2'),
('DA3636C9-417E-D8FC-7800-52F460768C00', 'A0171A44-6C1B-58E5-CA9E-1A0A73276072', '00ce5773-1f4f-3007-6d2b-170e90a2df46', '2017-06-09 11:42:16', NULL, '2'),
('DD7DA2CB-F771-3E46-D72B-FBD338702BBE', 'A8F079F5-003D-F6BF-6082-7EC133F2F9FA', '00ce5773-1f4f-3007-6d2b-170e90a2df46', '2017-06-23 10:03:53', NULL, '2'),
('E0BA3932-5BA8-8C16-7867-6B8689B21BA5', 'D7ECDA73-C79F-2696-9F76-9A90441B283E', '00ce5773-1f4f-3007-6d2b-170e90a2df46', '2017-06-23 04:41:14', '2017-06-23 04:41:14', '2'),
('E2020DE8-9EB7-16D0-D801-C6CF6ECAFD7C', '70AD261A-98DC-534D-97D6-828E9B4C3CB8', '00ce5773-1f4f-3007-6d2b-170e90a2df46', '2017-06-24 05:43:19', NULL, '2'),
('E295B98F-DA83-5E72-4401-8D6DAC3F0DBB', '9C9B3F89-CC20-7D8B-ED89-CE46E79F6688', '00ce5773-1f4f-3007-6d2b-170e90a2df46', '2017-06-18 13:04:36', NULL, '2'),
('E8859928-868C-F675-560A-81C6C514FCC4', '60156EC5-1029-37D2-78D0-B29B65581718', '00ce5773-1f4f-3007-6d2b-170e90a2df46', '2017-06-23 10:06:39', NULL, '2'),
('ED9FC926-8476-8046-F2F7-BC1A0BA1E4D5', '0041D8EA-8F46-FF4A-F151-807F861078AF', '00ce5773-1f4f-3007-6d2b-170e90a2df46', '2017-07-02 05:35:17', NULL, '2'),
('EDB0960E-01AE-EDE6-1E1D-34EC8E420548', 'B7788182-D91C-23DC-33D1-E8882F3CCDA8', '00ce5773-1f4f-3007-6d2b-170e90a2df46', '2017-06-16 07:57:28', NULL, '2'),
('F37D1C10-F546-47AB-E844-63BF6C62881A', 'D32A7564-E18D-863B-BAE0-3729B25615F6', '00ce5773-1f4f-3007-6d2b-170e90a2df46', '2017-06-05 04:09:23', NULL, '2'),
('F4322BA4-183B-25DF-7285-774667C0F36A', '1F17B703-E2C6-9606-EAE8-F51A77808D12', '00ce5773-1f4f-3007-6d2b-170e90a2df46', '2017-06-11 23:09:54', NULL, '2'),
('F657097C-B5DA-BF72-CAE3-0EE04A85B891', '55494BEC-00BB-6A08-BD0D-1D7E7EA07F58', '00ce5773-1f4f-3007-6d2b-170e90a2df46', '2017-06-13 19:36:11', NULL, '2'),
('F67ADE68-69FE-CE59-7008-E63B1F91E5AB', 'C40C6C54-E91D-78D6-D4B3-D3DEB7B82DBC', '00ce5773-1f4f-3007-6d2b-170e90a2df46', '2017-06-25 02:59:58', NULL, '2'),
('F7689B92-C69C-A217-8C12-BEA7C248E8F6', 'F31B90D3-3780-D486-D382-66D8A7232085', '00ce5773-1f4f-3007-6d2b-170e90a2df46', '2017-06-10 20:38:23', NULL, '2'),
('F7A459D2-0B5D-1018-0527-BBCDE352EE31', '6E6EF14D-7EA1-0190-CE95-11786BF05646', '00ce5773-1f4f-3007-6d2b-170e90a2df46', '2017-06-21 13:49:57', NULL, '2'),
('F9A6B033-FED8-5917-4D8E-08326A5E5669', '4461F11F-EC32-6E51-95C4-2CC191AFEFF5', '00ce5773-1f4f-3007-6d2b-170e90a2df46', '2017-06-06 19:15:51', NULL, '2'),
('FA76F62E-40C5-8251-1DE5-815C9EB00048', 'F7BCA4B6-0295-C824-B94E-DF253407B9A3', '00ce5773-1f4f-3007-6d2b-170e90a2df46', '2017-06-26 16:26:47', NULL, '2');

-- --------------------------------------------------------

--
-- 表的结构 `dict_quiz_statistics`
--

CREATE TABLE `dict_quiz_statistics` (
  `statisticalID` varchar(36) NOT NULL,
  `eleID` varchar(50) NOT NULL,
  `quizID` varchar(36) NOT NULL,
  `statisticalType` varchar(4) NOT NULL,
  `name` varchar(60) NOT NULL,
  `nameAbbreviation` varchar(10) DEFAULT NULL,
  `valueName` text,
  `code` varchar(255) DEFAULT NULL
) ENGINE=InnoDB DEFAULT CHARSET=utf8;

--
-- 转存表中的数据 `dict_quiz_statistics`
--

INSERT INTO `dict_quiz_statistics` (`statisticalID`, `eleID`, `quizID`, `statisticalType`, `name`, `nameAbbreviation`, `valueName`, `code`) VALUES
('ac3d52f8-09f8-124a-44dc-6d1f074cd2e5', 'rad474bca01-e477-99b5-27f3-66d5ac270a60', '00ce5773-1f4f-3007-6d2b-170e90a2df46', '001', '孩子近视情况', NULL, '是*,*否*,*不清楚', '0,1,2'),
('b37bf31c-aa82-acc9-8d9f-b10e7f5f630b', 'rad439643f6-89be-599c-d173-d8808902d3c5', '00ce5773-1f4f-3007-6d2b-170e90a2df46', '001', '持续阅读时间', NULL, '0.5小时以内*,*0.5-1小时*,*1-1.5小时*,*1.5-2小时*,*超过2小时*,*从不休息', '0,1,2,3,4,5'),
('f6c41cd0-74ff-a123-5961-a24b22bf37e4', 'rad7b4df87c-dbb7-7ccd-eb36-ed00a20c718b', '00ce5773-1f4f-3007-6d2b-170e90a2df46', '001', '眼睛放松方式', NULL, '远眺休息眼睛*,*轻微活动休息眼睛*,*交替望远望近休息眼睛*,*做眼保健操休息眼睛*,*闭目休息眼睛*,*户外活动休息眼睛*,*看绿色植物休息眼睛', '0,1,2,3,4,5,8');

-- --------------------------------------------------------

--
-- 表的结构 `quiz`
--

CREATE TABLE `quiz` (
  `quizID` varchar(36) NOT NULL,
  `templateID` varchar(36) DEFAULT NULL,
  `createUserID` varchar(36) NOT NULL,
  `name` varchar(50) NOT NULL,
  `title` varchar(50) NOT NULL,
  `subtitle` varchar(50) DEFAULT NULL,
  `createDateTime` datetime NOT NULL,
  `releaseDateTime` datetime DEFAULT NULL,
  `finishDateTime` datetime DEFAULT NULL,
  `status` varchar(3) NOT NULL,
  `layoutStyle` varchar(3) NOT NULL,
  `askCount` int(5) NOT NULL,
  `tabCount` int(5) DEFAULT NULL,
  `tabName` tinytext,
  `dataCount` int(5) NOT NULL
) ENGINE=InnoDB DEFAULT CHARSET=utf8;

--
-- 转存表中的数据 `quiz`
--

INSERT INTO `quiz` (`quizID`, `templateID`, `createUserID`, `name`, `title`, `subtitle`, `createDateTime`, `releaseDateTime`, `finishDateTime`, `status`, `layoutStyle`, `askCount`, `tabCount`, `tabName`, `dataCount`) VALUES
('00ce5773-1f4f-3007-6d2b-170e90a2df46', '93d66b26-555b-1eef-c66a-aa195f0e1778', '1c39c1f2-0057-8235-9197-3d84ab554228', '2017-2018寒假调查问卷随访', '调查问卷', '随访2', '2017-05-14 21:56:33', '2017-06-04 00:00:00', '2017-07-04 00:00:00', '2', '001', 12, NULL, NULL, 12),
('6f6d010e-9626-15c9-410b-f08d46de4b6e', '', '1c39c1f2-0057-8235-9197-3d84ab554228', '散瞳知情同意书', '散瞳知情同意书', '', '2017-05-14 23:26:44', '2017-06-04 00:00:00', '2017-07-04 00:00:00', '2', '001', 2, NULL, NULL, 3),
('ddae44db-5cbb-9396-7c74-7aaef6e54969', '', '1c39c1f2-0057-8235-9197-3d84ab554228', '2016-2017暑假调查问卷随访', '调查问卷', '随访1', '2017-05-14 21:56:33', '2017-06-01 00:00:00', '2017-07-04 00:00:00', '2', '001', 12, NULL, NULL, 12);

-- --------------------------------------------------------

--
-- 表的结构 `quiz_ask`
--

CREATE TABLE `quiz_ask` (
  `askID` varchar(36) NOT NULL,
  `quizID` varchar(36) NOT NULL,
  `templateFlag` tinyint(1) NOT NULL,
  `askType` varchar(3) NOT NULL,
  `pageCode` varchar(40) DEFAULT NULL,
  `askIndex` tinyint(1) DEFAULT NULL,
  `askTitle` tinytext,
  `askContent` text
) ENGINE=InnoDB DEFAULT CHARSET=utf8;

--
-- 转存表中的数据 `quiz_ask`
--

INSERT INTO `quiz_ask` (`askID`, `quizID`, `templateFlag`, `askType`, `pageCode`, `askIndex`, `askTitle`, `askContent`) VALUES
('039370e3-e2f6-b813-7ec7-7e0b844ddb4b', '00ce5773-1f4f-3007-6d2b-170e90a2df46', 0, '001', '4,1', 12, NULL, '&lt;div class=&quot;form-group form-md-line-input form-md-radios quiz-input&quot;&gt;&lt;div class=&quot;md-radio-list&quot;&gt;&lt;p&gt;&lt;span class=&quot;quiz-ask-index&quot;&gt;12.&lt;/span&gt;您的孩子是否近视？&lt;/p&gt;&lt;div class=&quot;md-radio&quot;&gt;&lt;input type=&quot;radio&quot; id=&quot;rad13-474bca01-e477-99b5-27f3-66d5ac270a60-0&quot; data-input-type=&quot;001&quot; data-ele-level=&quot;1&quot; data-statistical=&quot;statistical&quot; name=&quot;rad474bca01-e477-99b5-27f3-66d5ac270a60&quot; value=&quot;0&quot; class=&quot;md-radiobtn&quot; data-statistical-name=&quot;孩子近视情况&quot;&gt;&lt;label for=&quot;rad13-474bca01-e477-99b5-27f3-66d5ac270a60-0&quot;&gt;&lt;span class=&quot;inc&quot;&gt;&lt;/span&gt;&lt;span class=&quot;check&quot;&gt;&lt;/span&gt;&lt;span class=&quot;box&quot;&gt;&lt;/span&gt;是&lt;/label&gt;&lt;/div&gt;&lt;div class=&quot;md-radio&quot;&gt;&lt;input type=&quot;radio&quot; id=&quot;rad13-474bca01-e477-99b5-27f3-66d5ac270a60-1&quot; data-input-type=&quot;001&quot; data-ele-level=&quot;1&quot; data-statistical=&quot;statistical&quot; name=&quot;rad474bca01-e477-99b5-27f3-66d5ac270a60&quot; value=&quot;1&quot; class=&quot;md-radiobtn&quot; data-statistical-name=&quot;孩子近视情况&quot;&gt;&lt;label for=&quot;rad13-474bca01-e477-99b5-27f3-66d5ac270a60-1&quot;&gt;&lt;span class=&quot;inc&quot;&gt;&lt;/span&gt;&lt;span class=&quot;check&quot;&gt;&lt;/span&gt;&lt;span class=&quot;box&quot;&gt;&lt;/span&gt;否&lt;/label&gt;&lt;/div&gt;&lt;div class=&quot;md-radio&quot;&gt;&lt;input type=&quot;radio&quot; id=&quot;rad13-474bca01-e477-99b5-27f3-66d5ac270a60-2&quot; data-input-type=&quot;001&quot; data-ele-level=&quot;1&quot; data-statistical=&quot;statistical&quot; name=&quot;rad474bca01-e477-99b5-27f3-66d5ac270a60&quot; value=&quot;2&quot; class=&quot;md-radiobtn&quot; data-statistical-name=&quot;孩子近视情况&quot;&gt;&lt;label for=&quot;rad13-474bca01-e477-99b5-27f3-66d5ac270a60-2&quot;&gt;&lt;span class=&quot;inc&quot;&gt;&lt;/span&gt;&lt;span class=&quot;check&quot;&gt;&lt;/span&gt;&lt;span class=&quot;box&quot;&gt;&lt;/span&gt;不清楚&lt;/label&gt;&lt;/div&gt;&lt;/div&gt;&lt;/div&gt;'),
('04cb6533-f92c-d08c-aeb1-70218a08a1c8', 'ddae44db-5cbb-9396-7c74-7aaef6e54969', 0, '001', '1,2', 5, NULL, '&lt;div class=&quot;form-group form-md-line-input form-md-radios quiz-input&quot;&gt;&lt;div class=&quot;md-radio-list&quot;&gt;&lt;p&gt;&lt;span class=&quot;quiz-ask-index&quot;&gt;5.&lt;/span&gt;孩子通常阅读的距离是多少(从眼睛到书本的距离)?&lt;/p&gt;&lt;div class=&quot;md-radio&quot;&gt;&lt;input type=&quot;radio&quot; id=&quot;rad5-50269a41-1fbb-7994-4d99-9bd71af4ed76-0&quot; data-input-type=&quot;001&quot; data-ele-level=&quot;1&quot; data-statistical=&quot;&quot; name=&quot;rad50269a41-1fbb-7994-4d99-9bd71af4ed76&quot; value=&quot;0&quot; class=&quot;md-radiobtn&quot;&gt;&lt;label for=&quot;rad5-50269a41-1fbb-7994-4d99-9bd71af4ed76-0&quot;&gt;&lt;span class=&quot;inc&quot;&gt;&lt;/span&gt;&lt;span class=&quot;check&quot;&gt;&lt;/span&gt;&lt;span class=&quot;box&quot;&gt;&lt;/span&gt;少于10厘米&lt;/label&gt;&lt;/div&gt;&lt;div class=&quot;md-radio&quot;&gt;&lt;input type=&quot;radio&quot; id=&quot;rad5-50269a41-1fbb-7994-4d99-9bd71af4ed76-1&quot; data-input-type=&quot;001&quot; data-ele-level=&quot;1&quot; data-statistical=&quot;&quot; name=&quot;rad50269a41-1fbb-7994-4d99-9bd71af4ed76&quot; value=&quot;1&quot; class=&quot;md-radiobtn&quot;&gt;&lt;label for=&quot;rad5-50269a41-1fbb-7994-4d99-9bd71af4ed76-1&quot;&gt;&lt;span class=&quot;inc&quot;&gt;&lt;/span&gt;&lt;span class=&quot;check&quot;&gt;&lt;/span&gt;&lt;span class=&quot;box&quot;&gt;&lt;/span&gt;11-20厘米&lt;/label&gt;&lt;/div&gt;&lt;div class=&quot;md-radio&quot;&gt;&lt;input type=&quot;radio&quot; id=&quot;rad5-50269a41-1fbb-7994-4d99-9bd71af4ed76-2&quot; data-input-type=&quot;001&quot; data-ele-level=&quot;1&quot; data-statistical=&quot;&quot; name=&quot;rad50269a41-1fbb-7994-4d99-9bd71af4ed76&quot; value=&quot;2&quot; class=&quot;md-radiobtn&quot;&gt;&lt;label for=&quot;rad5-50269a41-1fbb-7994-4d99-9bd71af4ed76-2&quot;&gt;&lt;span class=&quot;inc&quot;&gt;&lt;/span&gt;&lt;span class=&quot;check&quot;&gt;&lt;/span&gt;&lt;span class=&quot;box&quot;&gt;&lt;/span&gt;21-30厘米&lt;/label&gt;&lt;/div&gt;&lt;div class=&quot;md-radio&quot;&gt;&lt;input type=&quot;radio&quot; id=&quot;rad5-50269a41-1fbb-7994-4d99-9bd71af4ed76-3&quot; data-input-type=&quot;001&quot; data-ele-level=&quot;1&quot; data-statistical=&quot;&quot; name=&quot;rad50269a41-1fbb-7994-4d99-9bd71af4ed76&quot; value=&quot;3&quot; class=&quot;md-radiobtn&quot;&gt;&lt;label for=&quot;rad5-50269a41-1fbb-7994-4d99-9bd71af4ed76-3&quot;&gt;&lt;span class=&quot;inc&quot;&gt;&lt;/span&gt;&lt;span class=&quot;check&quot;&gt;&lt;/span&gt;&lt;span class=&quot;box&quot;&gt;&lt;/span&gt;超过30厘米&lt;/label&gt;&lt;/div&gt;&lt;/div&gt;&lt;/div&gt;'),
('075e705d-4058-8754-ffd7-3f2439d912cd', 'ddae44db-5cbb-9396-7c74-7aaef6e54969', 0, '001', '1,1', 2, NULL, '&lt;div class=&quot;form-group form-md-line-input form-md-radios quiz-input&quot;&gt;&lt;div class=&quot;md-radio-list&quot;&gt;&lt;p&gt;&lt;span class=&quot;quiz-ask-index&quot;&gt;2.&lt;/span&gt;持续多久看电视后，休息眼睛?&lt;/p&gt;&lt;div class=&quot;md-radio&quot;&gt;&lt;input type=&quot;radio&quot; id=&quot;rad2-7102f42c-a918-6355-ac77-19d4f038779f-0&quot; data-input-type=&quot;001&quot; data-ele-level=&quot;1&quot; data-statistical=&quot;&quot; name=&quot;rad7102f42c-a918-6355-ac77-19d4f038779f&quot; value=&quot;0&quot; class=&quot;md-radiobtn&quot;&gt;&lt;label for=&quot;rad2-7102f42c-a918-6355-ac77-19d4f038779f-0&quot;&gt;&lt;span class=&quot;inc&quot;&gt;&lt;/span&gt;&lt;span class=&quot;check&quot;&gt;&lt;/span&gt;&lt;span class=&quot;box&quot;&gt;&lt;/span&gt;0.5小时以内&lt;/label&gt;&lt;/div&gt;&lt;div class=&quot;md-radio&quot;&gt;&lt;input type=&quot;radio&quot; id=&quot;rad2-7102f42c-a918-6355-ac77-19d4f038779f-1&quot; data-input-type=&quot;001&quot; data-ele-level=&quot;1&quot; data-statistical=&quot;&quot; name=&quot;rad7102f42c-a918-6355-ac77-19d4f038779f&quot; value=&quot;1&quot; class=&quot;md-radiobtn&quot;&gt;&lt;label for=&quot;rad2-7102f42c-a918-6355-ac77-19d4f038779f-1&quot;&gt;&lt;span class=&quot;inc&quot;&gt;&lt;/span&gt;&lt;span class=&quot;check&quot;&gt;&lt;/span&gt;&lt;span class=&quot;box&quot;&gt;&lt;/span&gt;0.5-1小时&lt;/label&gt;&lt;/div&gt;&lt;div class=&quot;md-radio&quot;&gt;&lt;input type=&quot;radio&quot; id=&quot;rad2-7102f42c-a918-6355-ac77-19d4f038779f-2&quot; data-input-type=&quot;001&quot; data-ele-level=&quot;1&quot; data-statistical=&quot;&quot; name=&quot;rad7102f42c-a918-6355-ac77-19d4f038779f&quot; value=&quot;2&quot; class=&quot;md-radiobtn&quot;&gt;&lt;label for=&quot;rad2-7102f42c-a918-6355-ac77-19d4f038779f-2&quot;&gt;&lt;span class=&quot;inc&quot;&gt;&lt;/span&gt;&lt;span class=&quot;check&quot;&gt;&lt;/span&gt;&lt;span class=&quot;box&quot;&gt;&lt;/span&gt;1-1.5小时&lt;/label&gt;&lt;/div&gt;&lt;div class=&quot;md-radio&quot;&gt;&lt;input type=&quot;radio&quot; id=&quot;rad2-7102f42c-a918-6355-ac77-19d4f038779f-3&quot; data-input-type=&quot;001&quot; data-ele-level=&quot;1&quot; data-statistical=&quot;&quot; name=&quot;rad7102f42c-a918-6355-ac77-19d4f038779f&quot; value=&quot;3&quot; class=&quot;md-radiobtn&quot;&gt;&lt;label for=&quot;rad2-7102f42c-a918-6355-ac77-19d4f038779f-3&quot;&gt;&lt;span class=&quot;inc&quot;&gt;&lt;/span&gt;&lt;span class=&quot;check&quot;&gt;&lt;/span&gt;&lt;span class=&quot;box&quot;&gt;&lt;/span&gt;1.5-2小时&lt;/label&gt;&lt;/div&gt;&lt;div class=&quot;md-radio&quot;&gt;&lt;input type=&quot;radio&quot; id=&quot;rad2-7102f42c-a918-6355-ac77-19d4f038779f-4&quot; data-input-type=&quot;001&quot; data-ele-level=&quot;1&quot; data-statistical=&quot;&quot; name=&quot;rad7102f42c-a918-6355-ac77-19d4f038779f&quot; value=&quot;4&quot; class=&quot;md-radiobtn&quot;&gt;&lt;label for=&quot;rad2-7102f42c-a918-6355-ac77-19d4f038779f-4&quot;&gt;&lt;span class=&quot;inc&quot;&gt;&lt;/span&gt;&lt;span class=&quot;check&quot;&gt;&lt;/span&gt;&lt;span class=&quot;box&quot;&gt;&lt;/span&gt;超过2小时&lt;/label&gt;&lt;/div&gt;&lt;div class=&quot;md-radio&quot;&gt;&lt;input type=&quot;radio&quot; id=&quot;rad2-7102f42c-a918-6355-ac77-19d4f038779f-5&quot; data-input-type=&quot;001&quot; data-ele-level=&quot;1&quot; data-statistical=&quot;&quot; name=&quot;rad7102f42c-a918-6355-ac77-19d4f038779f&quot; value=&quot;5&quot; class=&quot;md-radiobtn&quot;&gt;&lt;label for=&quot;rad2-7102f42c-a918-6355-ac77-19d4f038779f-5&quot;&gt;&lt;span class=&quot;inc&quot;&gt;&lt;/span&gt;&lt;span class=&quot;check&quot;&gt;&lt;/span&gt;&lt;span class=&quot;box&quot;&gt;&lt;/span&gt;从不休息&lt;/label&gt;&lt;/div&gt;&lt;/div&gt;&lt;/div&gt;'),
('0862fb95-230a-467c-c13a-8a2e19de9600', '93d66b26-555b-1eef-c66a-aa195f0e1778', 1, '001', '2,1', 8, NULL, '&lt;div class=&quot;form-group form-md-line-input form-md-radios quiz-input&quot;&gt;&lt;div class=&quot;md-radio-list&quot;&gt;&lt;p&gt;&lt;span class=&quot;quiz-ask-index&quot;&gt;8.&lt;/span&gt;孩子偏着头写字的频率?&lt;/p&gt;&lt;div class=&quot;md-radio&quot;&gt;&lt;input type=&quot;radio&quot; id=&quot;rad8-3e59c80c-f82a-d0f2-21cc-231ab7184247-0&quot; data-input-type=&quot;001&quot; data-ele-level=&quot;1&quot; data-statistical=&quot;&quot; name=&quot;rad3e59c80c-f82a-d0f2-21cc-231ab7184247&quot; value=&quot;0&quot; class=&quot;md-radiobtn&quot;&gt;&lt;label for=&quot;rad8-3e59c80c-f82a-d0f2-21cc-231ab7184247-0&quot;&gt;&lt;span class=&quot;inc&quot;&gt;&lt;/span&gt;&lt;span class=&quot;check&quot;&gt;&lt;/span&gt;&lt;span class=&quot;box&quot;&gt;&lt;/span&gt;从不&lt;/label&gt;&lt;/div&gt;&lt;div class=&quot;md-radio&quot;&gt;&lt;input type=&quot;radio&quot; id=&quot;rad8-3e59c80c-f82a-d0f2-21cc-231ab7184247-1&quot; data-input-type=&quot;001&quot; data-ele-level=&quot;1&quot; data-statistical=&quot;&quot; name=&quot;rad3e59c80c-f82a-d0f2-21cc-231ab7184247&quot; value=&quot;1&quot; class=&quot;md-radiobtn&quot;&gt;&lt;label for=&quot;rad8-3e59c80c-f82a-d0f2-21cc-231ab7184247-1&quot;&gt;&lt;span class=&quot;inc&quot;&gt;&lt;/span&gt;&lt;span class=&quot;check&quot;&gt;&lt;/span&gt;&lt;span class=&quot;box&quot;&gt;&lt;/span&gt;偶尔&lt;/label&gt;&lt;/div&gt;&lt;div class=&quot;md-radio&quot;&gt;&lt;input type=&quot;radio&quot; id=&quot;rad8-3e59c80c-f82a-d0f2-21cc-231ab7184247-2&quot; data-input-type=&quot;001&quot; data-ele-level=&quot;1&quot; data-statistical=&quot;&quot; name=&quot;rad3e59c80c-f82a-d0f2-21cc-231ab7184247&quot; value=&quot;2&quot; class=&quot;md-radiobtn&quot;&gt;&lt;label for=&quot;rad8-3e59c80c-f82a-d0f2-21cc-231ab7184247-2&quot;&gt;&lt;span class=&quot;inc&quot;&gt;&lt;/span&gt;&lt;span class=&quot;check&quot;&gt;&lt;/span&gt;&lt;span class=&quot;box&quot;&gt;&lt;/span&gt;经常&lt;/label&gt;&lt;/div&gt;&lt;div class=&quot;md-radio&quot;&gt;&lt;input type=&quot;radio&quot; id=&quot;rad8-3e59c80c-f82a-d0f2-21cc-231ab7184247-3&quot; data-input-type=&quot;001&quot; data-ele-level=&quot;1&quot; data-statistical=&quot;&quot; name=&quot;rad3e59c80c-f82a-d0f2-21cc-231ab7184247&quot; value=&quot;3&quot; class=&quot;md-radiobtn&quot;&gt;&lt;label for=&quot;rad8-3e59c80c-f82a-d0f2-21cc-231ab7184247-3&quot;&gt;&lt;span class=&quot;inc&quot;&gt;&lt;/span&gt;&lt;span class=&quot;check&quot;&gt;&lt;/span&gt;&lt;span class=&quot;box&quot;&gt;&lt;/span&gt;总是&lt;/label&gt;&lt;/div&gt;&lt;/div&gt;&lt;/div&gt;'),
('145beece-5eac-533e-91b6-f23ac8bf46fe', '00ce5773-1f4f-3007-6d2b-170e90a2df46', 0, '001', '1,1', 3, NULL, '&lt;div class=&quot;form-group form-md-line-input form-md-radios quiz-input&quot;&gt;&lt;div class=&quot;md-radio-list&quot;&gt;&lt;p&gt;&lt;span class=&quot;quiz-ask-index&quot;&gt;3.&lt;/span&gt;持续多长时间用电脑/手机后，休息眼睛?&lt;/p&gt;&lt;div class=&quot;md-radio&quot;&gt;&lt;input type=&quot;radio&quot; id=&quot;rad3-3d3fb95a-2adb-3048-b15e-6077dd17973e-0&quot; data-input-type=&quot;001&quot; data-ele-level=&quot;1&quot; data-statistical=&quot;&quot; name=&quot;rad3d3fb95a-2adb-3048-b15e-6077dd17973e&quot; value=&quot;0&quot; class=&quot;md-radiobtn&quot;&gt;&lt;label for=&quot;rad3-3d3fb95a-2adb-3048-b15e-6077dd17973e-0&quot;&gt;&lt;span class=&quot;inc&quot;&gt;&lt;/span&gt;&lt;span class=&quot;check&quot;&gt;&lt;/span&gt;&lt;span class=&quot;box&quot;&gt;&lt;/span&gt;0.5小时以内&lt;/label&gt;&lt;/div&gt;&lt;div class=&quot;md-radio&quot;&gt;&lt;input type=&quot;radio&quot; id=&quot;rad3-3d3fb95a-2adb-3048-b15e-6077dd17973e-1&quot; data-input-type=&quot;001&quot; data-ele-level=&quot;1&quot; data-statistical=&quot;&quot; name=&quot;rad3d3fb95a-2adb-3048-b15e-6077dd17973e&quot; value=&quot;1&quot; class=&quot;md-radiobtn&quot;&gt;&lt;label for=&quot;rad3-3d3fb95a-2adb-3048-b15e-6077dd17973e-1&quot;&gt;&lt;span class=&quot;inc&quot;&gt;&lt;/span&gt;&lt;span class=&quot;check&quot;&gt;&lt;/span&gt;&lt;span class=&quot;box&quot;&gt;&lt;/span&gt;0.5-1小时&lt;/label&gt;&lt;/div&gt;&lt;div class=&quot;md-radio&quot;&gt;&lt;input type=&quot;radio&quot; id=&quot;rad3-3d3fb95a-2adb-3048-b15e-6077dd17973e-2&quot; data-input-type=&quot;001&quot; data-ele-level=&quot;1&quot; data-statistical=&quot;&quot; name=&quot;rad3d3fb95a-2adb-3048-b15e-6077dd17973e&quot; value=&quot;2&quot; class=&quot;md-radiobtn&quot;&gt;&lt;label for=&quot;rad3-3d3fb95a-2adb-3048-b15e-6077dd17973e-2&quot;&gt;&lt;span class=&quot;inc&quot;&gt;&lt;/span&gt;&lt;span class=&quot;check&quot;&gt;&lt;/span&gt;&lt;span class=&quot;box&quot;&gt;&lt;/span&gt;1-1.5小时&lt;/label&gt;&lt;/div&gt;&lt;div class=&quot;md-radio&quot;&gt;&lt;input type=&quot;radio&quot; id=&quot;rad3-3d3fb95a-2adb-3048-b15e-6077dd17973e-3&quot; data-input-type=&quot;001&quot; data-ele-level=&quot;1&quot; data-statistical=&quot;&quot; name=&quot;rad3d3fb95a-2adb-3048-b15e-6077dd17973e&quot; value=&quot;3&quot; class=&quot;md-radiobtn&quot;&gt;&lt;label for=&quot;rad3-3d3fb95a-2adb-3048-b15e-6077dd17973e-3&quot;&gt;&lt;span class=&quot;inc&quot;&gt;&lt;/span&gt;&lt;span class=&quot;check&quot;&gt;&lt;/span&gt;&lt;span class=&quot;box&quot;&gt;&lt;/span&gt;1.5-2小时&lt;/label&gt;&lt;/div&gt;&lt;div class=&quot;md-radio&quot;&gt;&lt;input type=&quot;radio&quot; id=&quot;rad3-3d3fb95a-2adb-3048-b15e-6077dd17973e-4&quot; data-input-type=&quot;001&quot; data-ele-level=&quot;1&quot; data-statistical=&quot;&quot; name=&quot;rad3d3fb95a-2adb-3048-b15e-6077dd17973e&quot; value=&quot;4&quot; class=&quot;md-radiobtn&quot;&gt;&lt;label for=&quot;rad3-3d3fb95a-2adb-3048-b15e-6077dd17973e-4&quot;&gt;&lt;span class=&quot;inc&quot;&gt;&lt;/span&gt;&lt;span class=&quot;check&quot;&gt;&lt;/span&gt;&lt;span class=&quot;box&quot;&gt;&lt;/span&gt;超过2小时&lt;/label&gt;&lt;/div&gt;&lt;div class=&quot;md-radio&quot;&gt;&lt;input type=&quot;radio&quot; id=&quot;rad3-3d3fb95a-2adb-3048-b15e-6077dd17973e-5&quot; data-input-type=&quot;001&quot; data-ele-level=&quot;1&quot; data-statistical=&quot;&quot; name=&quot;rad3d3fb95a-2adb-3048-b15e-6077dd17973e&quot; value=&quot;5&quot; class=&quot;md-radiobtn&quot;&gt;&lt;label for=&quot;rad3-3d3fb95a-2adb-3048-b15e-6077dd17973e-5&quot;&gt;&lt;span class=&quot;inc&quot;&gt;&lt;/span&gt;&lt;span class=&quot;check&quot;&gt;&lt;/span&gt;&lt;span class=&quot;box&quot;&gt;&lt;/span&gt;从不休息&lt;/label&gt;&lt;/div&gt;&lt;/div&gt;&lt;/div&gt;'),
('189977b2-eb8a-a729-da42-d252c7c0c931', 'ddae44db-5cbb-9396-7c74-7aaef6e54969', 0, '001', '1,1', 1, NULL, '&lt;div class=&quot;form-group form-md-line-input form-md-radios quiz-input&quot;&gt;&lt;div class=&quot;md-radio-list&quot;&gt;&lt;p&gt;&lt;span class=&quot;quiz-ask-index&quot;&gt;1.&lt;/span&gt;持续多久的阅读后，休息眼睛?&lt;/p&gt;&lt;div class=&quot;md-radio&quot;&gt;&lt;input type=&quot;radio&quot; id=&quot;rad1-8fb2a3e6-ea08-55da-01cb-0892284efe7a-0&quot; data-input-type=&quot;001&quot; data-ele-level=&quot;1&quot; data-statistical=&quot;statistical&quot; name=&quot;rad8fb2a3e6-ea08-55da-01cb-0892284efe7a&quot; value=&quot;0&quot; class=&quot;md-radiobtn&quot;&gt;&lt;label for=&quot;rad1-8fb2a3e6-ea08-55da-01cb-0892284efe7a-0&quot;&gt;&lt;span class=&quot;inc&quot;&gt;&lt;/span&gt;&lt;span class=&quot;check&quot;&gt;&lt;/span&gt;&lt;span class=&quot;box&quot;&gt;&lt;/span&gt;0.5小时以内&lt;/label&gt;&lt;/div&gt;&lt;div class=&quot;md-radio&quot;&gt;&lt;input type=&quot;radio&quot; id=&quot;rad1-8fb2a3e6-ea08-55da-01cb-0892284efe7a-1&quot; data-input-type=&quot;001&quot; data-ele-level=&quot;1&quot; data-statistical=&quot;statistical&quot; name=&quot;rad8fb2a3e6-ea08-55da-01cb-0892284efe7a&quot; value=&quot;1&quot; class=&quot;md-radiobtn&quot;&gt;&lt;label for=&quot;rad1-8fb2a3e6-ea08-55da-01cb-0892284efe7a-1&quot;&gt;&lt;span class=&quot;inc&quot;&gt;&lt;/span&gt;&lt;span class=&quot;check&quot;&gt;&lt;/span&gt;&lt;span class=&quot;box&quot;&gt;&lt;/span&gt;0.5-1小时&lt;/label&gt;&lt;/div&gt;&lt;div class=&quot;md-radio&quot;&gt;&lt;input type=&quot;radio&quot; id=&quot;rad1-8fb2a3e6-ea08-55da-01cb-0892284efe7a-2&quot; data-input-type=&quot;001&quot; data-ele-level=&quot;1&quot; data-statistical=&quot;statistical&quot; name=&quot;rad8fb2a3e6-ea08-55da-01cb-0892284efe7a&quot; value=&quot;2&quot; class=&quot;md-radiobtn&quot;&gt;&lt;label for=&quot;rad1-8fb2a3e6-ea08-55da-01cb-0892284efe7a-2&quot;&gt;&lt;span class=&quot;inc&quot;&gt;&lt;/span&gt;&lt;span class=&quot;check&quot;&gt;&lt;/span&gt;&lt;span class=&quot;box&quot;&gt;&lt;/span&gt;1-1.5小时&lt;/label&gt;&lt;/div&gt;&lt;div class=&quot;md-radio&quot;&gt;&lt;input type=&quot;radio&quot; id=&quot;rad1-8fb2a3e6-ea08-55da-01cb-0892284efe7a-3&quot; data-input-type=&quot;001&quot; data-ele-level=&quot;1&quot; data-statistical=&quot;statistical&quot; name=&quot;rad8fb2a3e6-ea08-55da-01cb-0892284efe7a&quot; value=&quot;3&quot; class=&quot;md-radiobtn&quot;&gt;&lt;label for=&quot;rad1-8fb2a3e6-ea08-55da-01cb-0892284efe7a-3&quot;&gt;&lt;span class=&quot;inc&quot;&gt;&lt;/span&gt;&lt;span class=&quot;check&quot;&gt;&lt;/span&gt;&lt;span class=&quot;box&quot;&gt;&lt;/span&gt;1.5-2小时&lt;/label&gt;&lt;/div&gt;&lt;div class=&quot;md-radio&quot;&gt;&lt;input type=&quot;radio&quot; id=&quot;rad1-8fb2a3e6-ea08-55da-01cb-0892284efe7a-4&quot; data-input-type=&quot;001&quot; data-ele-level=&quot;1&quot; data-statistical=&quot;statistical&quot; name=&quot;rad8fb2a3e6-ea08-55da-01cb-0892284efe7a&quot; value=&quot;4&quot; class=&quot;md-radiobtn&quot;&gt;&lt;label for=&quot;rad1-8fb2a3e6-ea08-55da-01cb-0892284efe7a-4&quot;&gt;&lt;span class=&quot;inc&quot;&gt;&lt;/span&gt;&lt;span class=&quot;check&quot;&gt;&lt;/span&gt;&lt;span class=&quot;box&quot;&gt;&lt;/span&gt;超过2小时&lt;/label&gt;&lt;/div&gt;&lt;div class=&quot;md-radio&quot;&gt;&lt;input type=&quot;radio&quot; id=&quot;rad1-8fb2a3e6-ea08-55da-01cb-0892284efe7a-5&quot; data-input-type=&quot;001&quot; data-ele-level=&quot;1&quot; data-statistical=&quot;statistical&quot; name=&quot;rad8fb2a3e6-ea08-55da-01cb-0892284efe7a&quot; value=&quot;5&quot; class=&quot;md-radiobtn&quot;&gt;&lt;label for=&quot;rad1-8fb2a3e6-ea08-55da-01cb-0892284efe7a-5&quot;&gt;&lt;span class=&quot;inc&quot;&gt;&lt;/span&gt;&lt;span class=&quot;check&quot;&gt;&lt;/span&gt;&lt;span class=&quot;box&quot;&gt;&lt;/span&gt;从不休息&lt;/label&gt;&lt;/div&gt;&lt;/div&gt;&lt;/div&gt;'),
('268e03a4-1556-4404-c70f-625cfd2fe9aa', '93d66b26-555b-1eef-c66a-aa195f0e1778', 1, '001', '1,2', 6, NULL, '&lt;div class=&quot;form-group form-md-line-input form-md-radios quiz-input&quot;&gt;&lt;div class=&quot;md-radio-list&quot;&gt;&lt;p&gt;&lt;span class=&quot;quiz-ask-index&quot;&gt;6.&lt;/span&gt;孩子通常看电视的距离是多少(从眼睛到电视的距离)?&lt;/p&gt;&lt;div class=&quot;md-radio&quot;&gt;&lt;input type=&quot;radio&quot; id=&quot;rad6-d1909e28-1f08-847c-8639-553f5de89ff1-0&quot; data-input-type=&quot;001&quot; data-ele-level=&quot;1&quot; data-statistical=&quot;&quot; name=&quot;radd1909e28-1f08-847c-8639-553f5de89ff1&quot; value=&quot;0&quot; class=&quot;md-radiobtn&quot;&gt;&lt;label for=&quot;rad6-d1909e28-1f08-847c-8639-553f5de89ff1-0&quot;&gt;&lt;span class=&quot;inc&quot;&gt;&lt;/span&gt;&lt;span class=&quot;check&quot;&gt;&lt;/span&gt;&lt;span class=&quot;box&quot;&gt;&lt;/span&gt;少于1米&lt;/label&gt;&lt;/div&gt;&lt;div class=&quot;md-radio&quot;&gt;&lt;input type=&quot;radio&quot; id=&quot;rad6-d1909e28-1f08-847c-8639-553f5de89ff1-1&quot; data-input-type=&quot;001&quot; data-ele-level=&quot;1&quot; data-statistical=&quot;&quot; name=&quot;radd1909e28-1f08-847c-8639-553f5de89ff1&quot; value=&quot;1&quot; class=&quot;md-radiobtn&quot;&gt;&lt;label for=&quot;rad6-d1909e28-1f08-847c-8639-553f5de89ff1-1&quot;&gt;&lt;span class=&quot;inc&quot;&gt;&lt;/span&gt;&lt;span class=&quot;check&quot;&gt;&lt;/span&gt;&lt;span class=&quot;box&quot;&gt;&lt;/span&gt;1-2米&lt;/label&gt;&lt;/div&gt;&lt;div class=&quot;md-radio&quot;&gt;&lt;input type=&quot;radio&quot; id=&quot;rad6-d1909e28-1f08-847c-8639-553f5de89ff1-2&quot; data-input-type=&quot;001&quot; data-ele-level=&quot;1&quot; data-statistical=&quot;&quot; name=&quot;radd1909e28-1f08-847c-8639-553f5de89ff1&quot; value=&quot;2&quot; class=&quot;md-radiobtn&quot;&gt;&lt;label for=&quot;rad6-d1909e28-1f08-847c-8639-553f5de89ff1-2&quot;&gt;&lt;span class=&quot;inc&quot;&gt;&lt;/span&gt;&lt;span class=&quot;check&quot;&gt;&lt;/span&gt;&lt;span class=&quot;box&quot;&gt;&lt;/span&gt;2-3米&lt;/label&gt;&lt;/div&gt;&lt;div class=&quot;md-radio&quot;&gt;&lt;input type=&quot;radio&quot; id=&quot;rad6-d1909e28-1f08-847c-8639-553f5de89ff1-3&quot; data-input-type=&quot;001&quot; data-ele-level=&quot;1&quot; data-statistical=&quot;&quot; name=&quot;radd1909e28-1f08-847c-8639-553f5de89ff1&quot; value=&quot;3&quot; class=&quot;md-radiobtn&quot;&gt;&lt;label for=&quot;rad6-d1909e28-1f08-847c-8639-553f5de89ff1-3&quot;&gt;&lt;span class=&quot;inc&quot;&gt;&lt;/span&gt;&lt;span class=&quot;check&quot;&gt;&lt;/span&gt;&lt;span class=&quot;box&quot;&gt;&lt;/span&gt;超过3米&lt;/label&gt;&lt;/div&gt;&lt;/div&gt;&lt;/div&gt;'),
('275ccc70-540b-c557-79ac-2f9b4328f716', '93d66b26-555b-1eef-c66a-aa195f0e1778', 1, '001', '2,1', 10, NULL, '&lt;div class=&quot;form-group form-md-line-input form-md-radios quiz-input&quot;&gt;&lt;div class=&quot;md-radio-list&quot;&gt;&lt;p&gt;&lt;span class=&quot;quiz-ask-index&quot;&gt;10.&lt;/span&gt;孩子俯卧看书的频率?&lt;/p&gt;&lt;div class=&quot;md-radio&quot;&gt;&lt;input type=&quot;radio&quot; id=&quot;rad10-50bcbd69-8799-bbb8-2c19-357286019fd7-0&quot; data-input-type=&quot;001&quot; data-ele-level=&quot;1&quot; data-statistical=&quot;&quot; name=&quot;rad50bcbd69-8799-bbb8-2c19-357286019fd7&quot; value=&quot;0&quot; class=&quot;md-radiobtn&quot;&gt;&lt;label for=&quot;rad10-50bcbd69-8799-bbb8-2c19-357286019fd7-0&quot;&gt;&lt;span class=&quot;inc&quot;&gt;&lt;/span&gt;&lt;span class=&quot;check&quot;&gt;&lt;/span&gt;&lt;span class=&quot;box&quot;&gt;&lt;/span&gt;从不&lt;/label&gt;&lt;/div&gt;&lt;div class=&quot;md-radio&quot;&gt;&lt;input type=&quot;radio&quot; id=&quot;rad10-50bcbd69-8799-bbb8-2c19-357286019fd7-1&quot; data-input-type=&quot;001&quot; data-ele-level=&quot;1&quot; data-statistical=&quot;&quot; name=&quot;rad50bcbd69-8799-bbb8-2c19-357286019fd7&quot; value=&quot;1&quot; class=&quot;md-radiobtn&quot;&gt;&lt;label for=&quot;rad10-50bcbd69-8799-bbb8-2c19-357286019fd7-1&quot;&gt;&lt;span class=&quot;inc&quot;&gt;&lt;/span&gt;&lt;span class=&quot;check&quot;&gt;&lt;/span&gt;&lt;span class=&quot;box&quot;&gt;&lt;/span&gt;偶尔&lt;/label&gt;&lt;/div&gt;&lt;div class=&quot;md-radio&quot;&gt;&lt;input type=&quot;radio&quot; id=&quot;rad10-50bcbd69-8799-bbb8-2c19-357286019fd7-2&quot; data-input-type=&quot;001&quot; data-ele-level=&quot;1&quot; data-statistical=&quot;&quot; name=&quot;rad50bcbd69-8799-bbb8-2c19-357286019fd7&quot; value=&quot;2&quot; class=&quot;md-radiobtn&quot;&gt;&lt;label for=&quot;rad10-50bcbd69-8799-bbb8-2c19-357286019fd7-2&quot;&gt;&lt;span class=&quot;inc&quot;&gt;&lt;/span&gt;&lt;span class=&quot;check&quot;&gt;&lt;/span&gt;&lt;span class=&quot;box&quot;&gt;&lt;/span&gt;经常&lt;/label&gt;&lt;/div&gt;&lt;div class=&quot;md-radio&quot;&gt;&lt;input type=&quot;radio&quot; id=&quot;rad10-50bcbd69-8799-bbb8-2c19-357286019fd7-3&quot; data-input-type=&quot;001&quot; data-ele-level=&quot;1&quot; data-statistical=&quot;&quot; name=&quot;rad50bcbd69-8799-bbb8-2c19-357286019fd7&quot; value=&quot;3&quot; class=&quot;md-radiobtn&quot;&gt;&lt;label for=&quot;rad10-50bcbd69-8799-bbb8-2c19-357286019fd7-3&quot;&gt;&lt;span class=&quot;inc&quot;&gt;&lt;/span&gt;&lt;span class=&quot;check&quot;&gt;&lt;/span&gt;&lt;span class=&quot;box&quot;&gt;&lt;/span&gt;总是&lt;/label&gt;&lt;/div&gt;&lt;/div&gt;&lt;/div&gt;'),
('2de91bce-edf7-8e1c-05a5-dc9874581333', 'ddae44db-5cbb-9396-7c74-7aaef6e54969', 0, '001', '2,2', 11, NULL, '&lt;div class=&quot;form-group form-md-line-input form-md-radios quiz-input&quot;&gt;&lt;div class=&quot;md-radio-list&quot;&gt;&lt;p&gt;&lt;span class=&quot;quiz-ask-index&quot;&gt;11.&lt;/span&gt;孩子读写时，照明充足的频率?&lt;/p&gt;&lt;div class=&quot;md-radio&quot;&gt;&lt;input type=&quot;radio&quot; id=&quot;rad11-c9422eea-de86-ee8a-32a0-41da9fd496f2-0&quot; data-input-type=&quot;001&quot; data-ele-level=&quot;1&quot; data-statistical=&quot;&quot; name=&quot;radc9422eea-de86-ee8a-32a0-41da9fd496f2&quot; value=&quot;0&quot; class=&quot;md-radiobtn&quot;&gt;&lt;label for=&quot;rad11-c9422eea-de86-ee8a-32a0-41da9fd496f2-0&quot;&gt;&lt;span class=&quot;inc&quot;&gt;&lt;/span&gt;&lt;span class=&quot;check&quot;&gt;&lt;/span&gt;&lt;span class=&quot;box&quot;&gt;&lt;/span&gt;从不&lt;/label&gt;&lt;/div&gt;&lt;div class=&quot;md-radio&quot;&gt;&lt;input type=&quot;radio&quot; id=&quot;rad11-c9422eea-de86-ee8a-32a0-41da9fd496f2-1&quot; data-input-type=&quot;001&quot; data-ele-level=&quot;1&quot; data-statistical=&quot;&quot; name=&quot;radc9422eea-de86-ee8a-32a0-41da9fd496f2&quot; value=&quot;1&quot; class=&quot;md-radiobtn&quot;&gt;&lt;label for=&quot;rad11-c9422eea-de86-ee8a-32a0-41da9fd496f2-1&quot;&gt;&lt;span class=&quot;inc&quot;&gt;&lt;/span&gt;&lt;span class=&quot;check&quot;&gt;&lt;/span&gt;&lt;span class=&quot;box&quot;&gt;&lt;/span&gt;偶尔&lt;/label&gt;&lt;/div&gt;&lt;div class=&quot;md-radio&quot;&gt;&lt;input type=&quot;radio&quot; id=&quot;rad11-c9422eea-de86-ee8a-32a0-41da9fd496f2-2&quot; data-input-type=&quot;001&quot; data-ele-level=&quot;1&quot; data-statistical=&quot;&quot; name=&quot;radc9422eea-de86-ee8a-32a0-41da9fd496f2&quot; value=&quot;2&quot; class=&quot;md-radiobtn&quot;&gt;&lt;label for=&quot;rad11-c9422eea-de86-ee8a-32a0-41da9fd496f2-2&quot;&gt;&lt;span class=&quot;inc&quot;&gt;&lt;/span&gt;&lt;span class=&quot;check&quot;&gt;&lt;/span&gt;&lt;span class=&quot;box&quot;&gt;&lt;/span&gt;经常&lt;/label&gt;&lt;/div&gt;&lt;div class=&quot;md-radio&quot;&gt;&lt;input type=&quot;radio&quot; id=&quot;rad11-c9422eea-de86-ee8a-32a0-41da9fd496f2-3&quot; data-input-type=&quot;001&quot; data-ele-level=&quot;1&quot; data-statistical=&quot;&quot; name=&quot;radc9422eea-de86-ee8a-32a0-41da9fd496f2&quot; value=&quot;3&quot; class=&quot;md-radiobtn&quot;&gt;&lt;label for=&quot;rad11-c9422eea-de86-ee8a-32a0-41da9fd496f2-3&quot;&gt;&lt;span class=&quot;inc&quot;&gt;&lt;/span&gt;&lt;span class=&quot;check&quot;&gt;&lt;/span&gt;&lt;span class=&quot;box&quot;&gt;&lt;/span&gt;总是&lt;/label&gt;&lt;/div&gt;&lt;/div&gt;&lt;/div&gt;'),
('34a3a34e-f79b-393f-2a4b-0c5125555ba6', '93d66b26-555b-1eef-c66a-aa195f0e1778', 1, '001', '1,1', 2, NULL, '&lt;div class=&quot;form-group form-md-line-input form-md-radios quiz-input&quot;&gt;&lt;div class=&quot;md-radio-list&quot;&gt;&lt;p&gt;&lt;span class=&quot;quiz-ask-index&quot;&gt;2.&lt;/span&gt;持续多久看电视后，休息眼睛?&lt;/p&gt;&lt;div class=&quot;md-radio&quot;&gt;&lt;input type=&quot;radio&quot; id=&quot;rad2-97773538-a5ad-0c88-4b8e-d015853c78ab-0&quot; data-input-type=&quot;001&quot; data-ele-level=&quot;1&quot; data-statistical=&quot;&quot; name=&quot;rad97773538-a5ad-0c88-4b8e-d015853c78ab&quot; value=&quot;0&quot; class=&quot;md-radiobtn&quot;&gt;&lt;label for=&quot;rad2-97773538-a5ad-0c88-4b8e-d015853c78ab-0&quot;&gt;&lt;span class=&quot;inc&quot;&gt;&lt;/span&gt;&lt;span class=&quot;check&quot;&gt;&lt;/span&gt;&lt;span class=&quot;box&quot;&gt;&lt;/span&gt;0.5小时以内&lt;/label&gt;&lt;/div&gt;&lt;div class=&quot;md-radio&quot;&gt;&lt;input type=&quot;radio&quot; id=&quot;rad2-97773538-a5ad-0c88-4b8e-d015853c78ab-1&quot; data-input-type=&quot;001&quot; data-ele-level=&quot;1&quot; data-statistical=&quot;&quot; name=&quot;rad97773538-a5ad-0c88-4b8e-d015853c78ab&quot; value=&quot;1&quot; class=&quot;md-radiobtn&quot;&gt;&lt;label for=&quot;rad2-97773538-a5ad-0c88-4b8e-d015853c78ab-1&quot;&gt;&lt;span class=&quot;inc&quot;&gt;&lt;/span&gt;&lt;span class=&quot;check&quot;&gt;&lt;/span&gt;&lt;span class=&quot;box&quot;&gt;&lt;/span&gt;0.5-1小时&lt;/label&gt;&lt;/div&gt;&lt;div class=&quot;md-radio&quot;&gt;&lt;input type=&quot;radio&quot; id=&quot;rad2-97773538-a5ad-0c88-4b8e-d015853c78ab-2&quot; data-input-type=&quot;001&quot; data-ele-level=&quot;1&quot; data-statistical=&quot;&quot; name=&quot;rad97773538-a5ad-0c88-4b8e-d015853c78ab&quot; value=&quot;2&quot; class=&quot;md-radiobtn&quot;&gt;&lt;label for=&quot;rad2-97773538-a5ad-0c88-4b8e-d015853c78ab-2&quot;&gt;&lt;span class=&quot;inc&quot;&gt;&lt;/span&gt;&lt;span class=&quot;check&quot;&gt;&lt;/span&gt;&lt;span class=&quot;box&quot;&gt;&lt;/span&gt;1-1.5小时&lt;/label&gt;&lt;/div&gt;&lt;div class=&quot;md-radio&quot;&gt;&lt;input type=&quot;radio&quot; id=&quot;rad2-97773538-a5ad-0c88-4b8e-d015853c78ab-3&quot; data-input-type=&quot;001&quot; data-ele-level=&quot;1&quot; data-statistical=&quot;&quot; name=&quot;rad97773538-a5ad-0c88-4b8e-d015853c78ab&quot; value=&quot;3&quot; class=&quot;md-radiobtn&quot;&gt;&lt;label for=&quot;rad2-97773538-a5ad-0c88-4b8e-d015853c78ab-3&quot;&gt;&lt;span class=&quot;inc&quot;&gt;&lt;/span&gt;&lt;span class=&quot;check&quot;&gt;&lt;/span&gt;&lt;span class=&quot;box&quot;&gt;&lt;/span&gt;1.5-2小时&lt;/label&gt;&lt;/div&gt;&lt;div class=&quot;md-radio&quot;&gt;&lt;input type=&quot;radio&quot; id=&quot;rad2-97773538-a5ad-0c88-4b8e-d015853c78ab-4&quot; data-input-type=&quot;001&quot; data-ele-level=&quot;1&quot; data-statistical=&quot;&quot; name=&quot;rad97773538-a5ad-0c88-4b8e-d015853c78ab&quot; value=&quot;4&quot; class=&quot;md-radiobtn&quot;&gt;&lt;label for=&quot;rad2-97773538-a5ad-0c88-4b8e-d015853c78ab-4&quot;&gt;&lt;span class=&quot;inc&quot;&gt;&lt;/span&gt;&lt;span class=&quot;check&quot;&gt;&lt;/span&gt;&lt;span class=&quot;box&quot;&gt;&lt;/span&gt;超过2小时&lt;/label&gt;&lt;/div&gt;&lt;div class=&quot;md-radio&quot;&gt;&lt;input type=&quot;radio&quot; id=&quot;rad2-97773538-a5ad-0c88-4b8e-d015853c78ab-5&quot; data-input-type=&quot;001&quot; data-ele-level=&quot;1&quot; data-statistical=&quot;&quot; name=&quot;rad97773538-a5ad-0c88-4b8e-d015853c78ab&quot; value=&quot;5&quot; class=&quot;md-radiobtn&quot;&gt;&lt;label for=&quot;rad2-97773538-a5ad-0c88-4b8e-d015853c78ab-5&quot;&gt;&lt;span class=&quot;inc&quot;&gt;&lt;/span&gt;&lt;span class=&quot;check&quot;&gt;&lt;/span&gt;&lt;span class=&quot;box&quot;&gt;&lt;/span&gt;从不休息&lt;/label&gt;&lt;/div&gt;&lt;/div&gt;&lt;/div&gt;'),
('4277886f-32f7-f315-f6ee-b70065955656', '6f6d010e-9626-15c9-410b-f08d46de4b6e', 0, '001', '1,1', 1, NULL, '&lt;div class=&quot;form-group form-md-line-input form-md-radios quiz-input&quot;&gt;&lt;div class=&quot;md-radio-list&quot;&gt;&lt;p&gt;&lt;span class=&quot;quiz-ask-index&quot;&gt;1.&lt;/span&gt;是否带孩子前往散瞳&lt;/p&gt;&lt;div class=&quot;md-radio&quot;&gt;&lt;input type=&quot;radio&quot; id=&quot;rad1-e868d82e-da35-349e-aefb-3c835cae3dc4-0&quot; data-input-type=&quot;001&quot; data-ele-level=&quot;1&quot; data-statistical=&quot;statistical&quot; name=&quot;rade868d82e-da35-349e-aefb-3c835cae3dc4&quot; value=&quot;0&quot; class=&quot;md-radiobtn&quot;&gt;&lt;label for=&quot;rad1-e868d82e-da35-349e-aefb-3c835cae3dc4-0&quot;&gt;&lt;span class=&quot;inc&quot;&gt;&lt;/span&gt;&lt;span class=&quot;check&quot;&gt;&lt;/span&gt;&lt;span class=&quot;box&quot;&gt;&lt;/span&gt;是&lt;/label&gt;&lt;/div&gt;&lt;div class=&quot;md-radio&quot;&gt;&lt;input type=&quot;radio&quot; id=&quot;rad1-e868d82e-da35-349e-aefb-3c835cae3dc4-1&quot; data-input-type=&quot;001&quot; data-ele-level=&quot;1&quot; data-statistical=&quot;statistical&quot; name=&quot;rade868d82e-da35-349e-aefb-3c835cae3dc4&quot; value=&quot;1&quot; class=&quot;md-radiobtn&quot;&gt;&lt;label for=&quot;rad1-e868d82e-da35-349e-aefb-3c835cae3dc4-1&quot;&gt;&lt;span class=&quot;inc&quot;&gt;&lt;/span&gt;&lt;span class=&quot;check&quot;&gt;&lt;/span&gt;&lt;span class=&quot;box&quot;&gt;&lt;/span&gt;否&lt;/label&gt;&lt;/div&gt;&lt;/div&gt;&lt;/div&gt;'),
('4721c7c9-957d-eb74-04d1-bf0a47e60f76', '00ce5773-1f4f-3007-6d2b-170e90a2df46', 0, '001', '1,2', 5, NULL, '&lt;div class=&quot;form-group form-md-line-input form-md-radios quiz-input&quot;&gt;&lt;div class=&quot;md-radio-list&quot;&gt;&lt;p&gt;&lt;span class=&quot;quiz-ask-index&quot;&gt;5.&lt;/span&gt;孩子通常阅读的距离是多少(从眼睛到书本的距离)?&lt;/p&gt;&lt;div class=&quot;md-radio&quot;&gt;&lt;input type=&quot;radio&quot; id=&quot;rad5-2131f5b5-f094-248b-586b-0ac26f2e9a3c-0&quot; data-input-type=&quot;001&quot; data-ele-level=&quot;1&quot; data-statistical=&quot;&quot; name=&quot;rad2131f5b5-f094-248b-586b-0ac26f2e9a3c&quot; value=&quot;0&quot; class=&quot;md-radiobtn&quot;&gt;&lt;label for=&quot;rad5-2131f5b5-f094-248b-586b-0ac26f2e9a3c-0&quot;&gt;&lt;span class=&quot;inc&quot;&gt;&lt;/span&gt;&lt;span class=&quot;check&quot;&gt;&lt;/span&gt;&lt;span class=&quot;box&quot;&gt;&lt;/span&gt;少于10厘米&lt;/label&gt;&lt;/div&gt;&lt;div class=&quot;md-radio&quot;&gt;&lt;input type=&quot;radio&quot; id=&quot;rad5-2131f5b5-f094-248b-586b-0ac26f2e9a3c-1&quot; data-input-type=&quot;001&quot; data-ele-level=&quot;1&quot; data-statistical=&quot;&quot; name=&quot;rad2131f5b5-f094-248b-586b-0ac26f2e9a3c&quot; value=&quot;1&quot; class=&quot;md-radiobtn&quot;&gt;&lt;label for=&quot;rad5-2131f5b5-f094-248b-586b-0ac26f2e9a3c-1&quot;&gt;&lt;span class=&quot;inc&quot;&gt;&lt;/span&gt;&lt;span class=&quot;check&quot;&gt;&lt;/span&gt;&lt;span class=&quot;box&quot;&gt;&lt;/span&gt;11-20厘米&lt;/label&gt;&lt;/div&gt;&lt;div class=&quot;md-radio&quot;&gt;&lt;input type=&quot;radio&quot; id=&quot;rad5-2131f5b5-f094-248b-586b-0ac26f2e9a3c-2&quot; data-input-type=&quot;001&quot; data-ele-level=&quot;1&quot; data-statistical=&quot;&quot; name=&quot;rad2131f5b5-f094-248b-586b-0ac26f2e9a3c&quot; value=&quot;2&quot; class=&quot;md-radiobtn&quot;&gt;&lt;label for=&quot;rad5-2131f5b5-f094-248b-586b-0ac26f2e9a3c-2&quot;&gt;&lt;span class=&quot;inc&quot;&gt;&lt;/span&gt;&lt;span class=&quot;check&quot;&gt;&lt;/span&gt;&lt;span class=&quot;box&quot;&gt;&lt;/span&gt;21-30厘米&lt;/label&gt;&lt;/div&gt;&lt;div class=&quot;md-radio&quot;&gt;&lt;input type=&quot;radio&quot; id=&quot;rad5-2131f5b5-f094-248b-586b-0ac26f2e9a3c-3&quot; data-input-type=&quot;001&quot; data-ele-level=&quot;1&quot; data-statistical=&quot;&quot; name=&quot;rad2131f5b5-f094-248b-586b-0ac26f2e9a3c&quot; value=&quot;3&quot; class=&quot;md-radiobtn&quot;&gt;&lt;label for=&quot;rad5-2131f5b5-f094-248b-586b-0ac26f2e9a3c-3&quot;&gt;&lt;span class=&quot;inc&quot;&gt;&lt;/span&gt;&lt;span class=&quot;check&quot;&gt;&lt;/span&gt;&lt;span class=&quot;box&quot;&gt;&lt;/span&gt;超过30厘米&lt;/label&gt;&lt;/div&gt;&lt;/div&gt;&lt;/div&gt;'),
('4bfa6256-3f7a-63ba-930c-fb6e667811d3', '6f6d010e-9626-15c9-410b-f08d46de4b6e', 0, '002', '1,1', 2, NULL, '&lt;div class=&quot;form-group form-md-line-input form-md-radios quiz-input&quot;&gt;&lt;div class=&quot;md-radio-list&quot;&gt;&lt;p&gt;&lt;span class=&quot;quiz-ask-index&quot;&gt;2.&lt;/span&gt;您孩子的作息时间?&lt;/p&gt;&lt;div class=&quot;md-radio&quot;&gt;&lt;label class=&quot;control-label quiz-input-label&quot;&gt;起床时间:&lt;/label&gt;&lt;div class=&quot;quiz-inline-input&quot;&gt;&lt;input type=&quot;text&quot; id=&quot;txt2-cbb36d5c-bd39-c6ad-b88c-e27b446e377a-0&quot; data-input-type=&quot;003&quot; data-ele-level=&quot;1&quot; data-statistical=&quot;&quot; class=&quot;form-control&quot;&gt;&lt;/div&gt;&lt;/div&gt;&lt;div class=&quot;md-radio&quot;&gt;&lt;label class=&quot;control-label quiz-input-label&quot;&gt;睡觉时间:&lt;/label&gt;&lt;div class=&quot;quiz-inline-input&quot;&gt;&lt;input type=&quot;text&quot; id=&quot;txt2-cbb36d5c-bd39-c6ad-b88c-e27b446e377a-1&quot; data-input-type=&quot;003&quot; data-ele-level=&quot;1&quot; data-statistical=&quot;&quot; class=&quot;form-control&quot;&gt;&lt;/div&gt;&lt;/div&gt;&lt;/div&gt;&lt;/div&gt;'),
('508b2974-79e6-091b-4398-c98cfe91742d', '93d66b26-555b-1eef-c66a-aa195f0e1778', 1, '001', '4,1', 12, NULL, '&lt;div class=&quot;form-group form-md-line-input form-md-radios quiz-input&quot;&gt;&lt;div class=&quot;md-radio-list&quot;&gt;&lt;p&gt;&lt;span class=&quot;quiz-ask-index&quot;&gt;12.&lt;/span&gt;您的孩子是否近视？&lt;/p&gt;&lt;div class=&quot;md-radio&quot;&gt;&lt;input type=&quot;radio&quot; id=&quot;rad13-d94d5d55-10fa-4365-9fb8-86073964949f-0&quot; data-input-type=&quot;001&quot; data-ele-level=&quot;1&quot; data-statistical=&quot;statistical&quot; name=&quot;radd94d5d55-10fa-4365-9fb8-86073964949f&quot; value=&quot;0&quot; class=&quot;md-radiobtn&quot;&gt;&lt;label for=&quot;rad13-d94d5d55-10fa-4365-9fb8-86073964949f-0&quot;&gt;&lt;span class=&quot;inc&quot;&gt;&lt;/span&gt;&lt;span class=&quot;check&quot;&gt;&lt;/span&gt;&lt;span class=&quot;box&quot;&gt;&lt;/span&gt;是&lt;/label&gt;&lt;/div&gt;&lt;div class=&quot;md-radio&quot;&gt;&lt;input type=&quot;radio&quot; id=&quot;rad13-d94d5d55-10fa-4365-9fb8-86073964949f-1&quot; data-input-type=&quot;001&quot; data-ele-level=&quot;1&quot; data-statistical=&quot;statistical&quot; name=&quot;radd94d5d55-10fa-4365-9fb8-86073964949f&quot; value=&quot;1&quot; class=&quot;md-radiobtn&quot;&gt;&lt;label for=&quot;rad13-d94d5d55-10fa-4365-9fb8-86073964949f-1&quot;&gt;&lt;span class=&quot;inc&quot;&gt;&lt;/span&gt;&lt;span class=&quot;check&quot;&gt;&lt;/span&gt;&lt;span class=&quot;box&quot;&gt;&lt;/span&gt;否&lt;/label&gt;&lt;/div&gt;&lt;div class=&quot;md-radio&quot;&gt;&lt;input type=&quot;radio&quot; id=&quot;rad13-d94d5d55-10fa-4365-9fb8-86073964949f-2&quot; data-input-type=&quot;001&quot; data-ele-level=&quot;1&quot; data-statistical=&quot;statistical&quot; name=&quot;radd94d5d55-10fa-4365-9fb8-86073964949f&quot; value=&quot;2&quot; class=&quot;md-radiobtn&quot;&gt;&lt;label for=&quot;rad13-d94d5d55-10fa-4365-9fb8-86073964949f-2&quot;&gt;&lt;span class=&quot;inc&quot;&gt;&lt;/span&gt;&lt;span class=&quot;check&quot;&gt;&lt;/span&gt;&lt;span class=&quot;box&quot;&gt;&lt;/span&gt;不清楚&lt;/label&gt;&lt;/div&gt;&lt;/div&gt;&lt;/div&gt;'),
('5bc2c341-5b4b-b3a8-b208-1aba371a6f4f', '00ce5773-1f4f-3007-6d2b-170e90a2df46', 0, '001', '2,2', 11, NULL, '&lt;div class=&quot;form-group form-md-line-input form-md-radios quiz-input&quot;&gt;&lt;div class=&quot;md-radio-list&quot;&gt;&lt;p&gt;&lt;span class=&quot;quiz-ask-index&quot;&gt;11.&lt;/span&gt;孩子读写时，照明充足的频率?&lt;/p&gt;&lt;div class=&quot;md-radio&quot;&gt;&lt;input type=&quot;radio&quot; id=&quot;rad11-c91e1090-11f6-3208-c57f-cf560103d6ce-0&quot; data-input-type=&quot;001&quot; data-ele-level=&quot;1&quot; data-statistical=&quot;&quot; name=&quot;radc91e1090-11f6-3208-c57f-cf560103d6ce&quot; value=&quot;0&quot; class=&quot;md-radiobtn&quot;&gt;&lt;label for=&quot;rad11-c91e1090-11f6-3208-c57f-cf560103d6ce-0&quot;&gt;&lt;span class=&quot;inc&quot;&gt;&lt;/span&gt;&lt;span class=&quot;check&quot;&gt;&lt;/span&gt;&lt;span class=&quot;box&quot;&gt;&lt;/span&gt;从不&lt;/label&gt;&lt;/div&gt;&lt;div class=&quot;md-radio&quot;&gt;&lt;input type=&quot;radio&quot; id=&quot;rad11-c91e1090-11f6-3208-c57f-cf560103d6ce-1&quot; data-input-type=&quot;001&quot; data-ele-level=&quot;1&quot; data-statistical=&quot;&quot; name=&quot;radc91e1090-11f6-3208-c57f-cf560103d6ce&quot; value=&quot;1&quot; class=&quot;md-radiobtn&quot;&gt;&lt;label for=&quot;rad11-c91e1090-11f6-3208-c57f-cf560103d6ce-1&quot;&gt;&lt;span class=&quot;inc&quot;&gt;&lt;/span&gt;&lt;span class=&quot;check&quot;&gt;&lt;/span&gt;&lt;span class=&quot;box&quot;&gt;&lt;/span&gt;偶尔&lt;/label&gt;&lt;/div&gt;&lt;div class=&quot;md-radio&quot;&gt;&lt;input type=&quot;radio&quot; id=&quot;rad11-c91e1090-11f6-3208-c57f-cf560103d6ce-2&quot; data-input-type=&quot;001&quot; data-ele-level=&quot;1&quot; data-statistical=&quot;&quot; name=&quot;radc91e1090-11f6-3208-c57f-cf560103d6ce&quot; value=&quot;2&quot; class=&quot;md-radiobtn&quot;&gt;&lt;label for=&quot;rad11-c91e1090-11f6-3208-c57f-cf560103d6ce-2&quot;&gt;&lt;span class=&quot;inc&quot;&gt;&lt;/span&gt;&lt;span class=&quot;check&quot;&gt;&lt;/span&gt;&lt;span class=&quot;box&quot;&gt;&lt;/span&gt;经常&lt;/label&gt;&lt;/div&gt;&lt;div class=&quot;md-radio&quot;&gt;&lt;input type=&quot;radio&quot; id=&quot;rad11-c91e1090-11f6-3208-c57f-cf560103d6ce-3&quot; data-input-type=&quot;001&quot; data-ele-level=&quot;1&quot; data-statistical=&quot;&quot; name=&quot;radc91e1090-11f6-3208-c57f-cf560103d6ce&quot; value=&quot;3&quot; class=&quot;md-radiobtn&quot;&gt;&lt;label for=&quot;rad11-c91e1090-11f6-3208-c57f-cf560103d6ce-3&quot;&gt;&lt;span class=&quot;inc&quot;&gt;&lt;/span&gt;&lt;span class=&quot;check&quot;&gt;&lt;/span&gt;&lt;span class=&quot;box&quot;&gt;&lt;/span&gt;总是&lt;/label&gt;&lt;/div&gt;&lt;/div&gt;&lt;/div&gt;'),
('5c248967-6402-2fc0-4408-4b46e0dff4ef', 'ddae44db-5cbb-9396-7c74-7aaef6e54969', 0, '001', '1,2', 6, NULL, '&lt;div class=&quot;form-group form-md-line-input form-md-radios quiz-input&quot;&gt;&lt;div class=&quot;md-radio-list&quot;&gt;&lt;p&gt;&lt;span class=&quot;quiz-ask-index&quot;&gt;6.&lt;/span&gt;孩子通常看电视的距离是多少(从眼睛到电视的距离)?&lt;/p&gt;&lt;div class=&quot;md-radio&quot;&gt;&lt;input type=&quot;radio&quot; id=&quot;rad6-57a13880-3648-803b-6330-4aa88557f00f-0&quot; data-input-type=&quot;001&quot; data-ele-level=&quot;1&quot; data-statistical=&quot;&quot; name=&quot;rad57a13880-3648-803b-6330-4aa88557f00f&quot; value=&quot;0&quot; class=&quot;md-radiobtn&quot;&gt;&lt;label for=&quot;rad6-57a13880-3648-803b-6330-4aa88557f00f-0&quot;&gt;&lt;span class=&quot;inc&quot;&gt;&lt;/span&gt;&lt;span class=&quot;check&quot;&gt;&lt;/span&gt;&lt;span class=&quot;box&quot;&gt;&lt;/span&gt;少于1米&lt;/label&gt;&lt;/div&gt;&lt;div class=&quot;md-radio&quot;&gt;&lt;input type=&quot;radio&quot; id=&quot;rad6-57a13880-3648-803b-6330-4aa88557f00f-1&quot; data-input-type=&quot;001&quot; data-ele-level=&quot;1&quot; data-statistical=&quot;&quot; name=&quot;rad57a13880-3648-803b-6330-4aa88557f00f&quot; value=&quot;1&quot; class=&quot;md-radiobtn&quot;&gt;&lt;label for=&quot;rad6-57a13880-3648-803b-6330-4aa88557f00f-1&quot;&gt;&lt;span class=&quot;inc&quot;&gt;&lt;/span&gt;&lt;span class=&quot;check&quot;&gt;&lt;/span&gt;&lt;span class=&quot;box&quot;&gt;&lt;/span&gt;1-2米&lt;/label&gt;&lt;/div&gt;&lt;div class=&quot;md-radio&quot;&gt;&lt;input type=&quot;radio&quot; id=&quot;rad6-57a13880-3648-803b-6330-4aa88557f00f-2&quot; data-input-type=&quot;001&quot; data-ele-level=&quot;1&quot; data-statistical=&quot;&quot; name=&quot;rad57a13880-3648-803b-6330-4aa88557f00f&quot; value=&quot;2&quot; class=&quot;md-radiobtn&quot;&gt;&lt;label for=&quot;rad6-57a13880-3648-803b-6330-4aa88557f00f-2&quot;&gt;&lt;span class=&quot;inc&quot;&gt;&lt;/span&gt;&lt;span class=&quot;check&quot;&gt;&lt;/span&gt;&lt;span class=&quot;box&quot;&gt;&lt;/span&gt;2-3米&lt;/label&gt;&lt;/div&gt;&lt;div class=&quot;md-radio&quot;&gt;&lt;input type=&quot;radio&quot; id=&quot;rad6-57a13880-3648-803b-6330-4aa88557f00f-3&quot; data-input-type=&quot;001&quot; data-ele-level=&quot;1&quot; data-statistical=&quot;&quot; name=&quot;rad57a13880-3648-803b-6330-4aa88557f00f&quot; value=&quot;3&quot; class=&quot;md-radiobtn&quot;&gt;&lt;label for=&quot;rad6-57a13880-3648-803b-6330-4aa88557f00f-3&quot;&gt;&lt;span class=&quot;inc&quot;&gt;&lt;/span&gt;&lt;span class=&quot;check&quot;&gt;&lt;/span&gt;&lt;span class=&quot;box&quot;&gt;&lt;/span&gt;超过3米&lt;/label&gt;&lt;/div&gt;&lt;/div&gt;&lt;/div&gt;'),
('5ca8ba30-935e-5165-ef82-1a833a12aa29', '93d66b26-555b-1eef-c66a-aa195f0e1778', 1, '001', '1,1', 1, NULL, '&lt;div class=&quot;form-group form-md-line-input form-md-radios quiz-input&quot;&gt;&lt;div class=&quot;md-radio-list&quot;&gt;&lt;p&gt;&lt;span class=&quot;quiz-ask-index&quot;&gt;1.&lt;/span&gt;持续多久的阅读后，休息眼睛?&lt;/p&gt;&lt;div class=&quot;md-radio&quot;&gt;&lt;input type=&quot;radio&quot; id=&quot;rad1-dac54353-5b46-42cd-04af-758e03bd0bee-0&quot; data-input-type=&quot;001&quot; data-ele-level=&quot;1&quot; data-statistical=&quot;statistical&quot; name=&quot;raddac54353-5b46-42cd-04af-758e03bd0bee&quot; value=&quot;0&quot; class=&quot;md-radiobtn&quot;&gt;&lt;label for=&quot;rad1-dac54353-5b46-42cd-04af-758e03bd0bee-0&quot;&gt;&lt;span class=&quot;inc&quot;&gt;&lt;/span&gt;&lt;span class=&quot;check&quot;&gt;&lt;/span&gt;&lt;span class=&quot;box&quot;&gt;&lt;/span&gt;0.5小时以内&lt;/label&gt;&lt;/div&gt;&lt;div class=&quot;md-radio&quot;&gt;&lt;input type=&quot;radio&quot; id=&quot;rad1-dac54353-5b46-42cd-04af-758e03bd0bee-1&quot; data-input-type=&quot;001&quot; data-ele-level=&quot;1&quot; data-statistical=&quot;statistical&quot; name=&quot;raddac54353-5b46-42cd-04af-758e03bd0bee&quot; value=&quot;1&quot; class=&quot;md-radiobtn&quot;&gt;&lt;label for=&quot;rad1-dac54353-5b46-42cd-04af-758e03bd0bee-1&quot;&gt;&lt;span class=&quot;inc&quot;&gt;&lt;/span&gt;&lt;span class=&quot;check&quot;&gt;&lt;/span&gt;&lt;span class=&quot;box&quot;&gt;&lt;/span&gt;0.5-1小时&lt;/label&gt;&lt;/div&gt;&lt;div class=&quot;md-radio&quot;&gt;&lt;input type=&quot;radio&quot; id=&quot;rad1-dac54353-5b46-42cd-04af-758e03bd0bee-2&quot; data-input-type=&quot;001&quot; data-ele-level=&quot;1&quot; data-statistical=&quot;statistical&quot; name=&quot;raddac54353-5b46-42cd-04af-758e03bd0bee&quot; value=&quot;2&quot; class=&quot;md-radiobtn&quot;&gt;&lt;label for=&quot;rad1-dac54353-5b46-42cd-04af-758e03bd0bee-2&quot;&gt;&lt;span class=&quot;inc&quot;&gt;&lt;/span&gt;&lt;span class=&quot;check&quot;&gt;&lt;/span&gt;&lt;span class=&quot;box&quot;&gt;&lt;/span&gt;1-1.5小时&lt;/label&gt;&lt;/div&gt;&lt;div class=&quot;md-radio&quot;&gt;&lt;input type=&quot;radio&quot; id=&quot;rad1-dac54353-5b46-42cd-04af-758e03bd0bee-3&quot; data-input-type=&quot;001&quot; data-ele-level=&quot;1&quot; data-statistical=&quot;statistical&quot; name=&quot;raddac54353-5b46-42cd-04af-758e03bd0bee&quot; value=&quot;3&quot; class=&quot;md-radiobtn&quot;&gt;&lt;label for=&quot;rad1-dac54353-5b46-42cd-04af-758e03bd0bee-3&quot;&gt;&lt;span class=&quot;inc&quot;&gt;&lt;/span&gt;&lt;span class=&quot;check&quot;&gt;&lt;/span&gt;&lt;span class=&quot;box&quot;&gt;&lt;/span&gt;1.5-2小时&lt;/label&gt;&lt;/div&gt;&lt;div class=&quot;md-radio&quot;&gt;&lt;input type=&quot;radio&quot; id=&quot;rad1-dac54353-5b46-42cd-04af-758e03bd0bee-4&quot; data-input-type=&quot;001&quot; data-ele-level=&quot;1&quot; data-statistical=&quot;statistical&quot; name=&quot;raddac54353-5b46-42cd-04af-758e03bd0bee&quot; value=&quot;4&quot; class=&quot;md-radiobtn&quot;&gt;&lt;label for=&quot;rad1-dac54353-5b46-42cd-04af-758e03bd0bee-4&quot;&gt;&lt;span class=&quot;inc&quot;&gt;&lt;/span&gt;&lt;span class=&quot;check&quot;&gt;&lt;/span&gt;&lt;span class=&quot;box&quot;&gt;&lt;/span&gt;超过2小时&lt;/label&gt;&lt;/div&gt;&lt;div class=&quot;md-radio&quot;&gt;&lt;input type=&quot;radio&quot; id=&quot;rad1-dac54353-5b46-42cd-04af-758e03bd0bee-5&quot; data-input-type=&quot;001&quot; data-ele-level=&quot;1&quot; data-statistical=&quot;statistical&quot; name=&quot;raddac54353-5b46-42cd-04af-758e03bd0bee&quot; value=&quot;5&quot; class=&quot;md-radiobtn&quot;&gt;&lt;label for=&quot;rad1-dac54353-5b46-42cd-04af-758e03bd0bee-5&quot;&gt;&lt;span class=&quot;inc&quot;&gt;&lt;/span&gt;&lt;span class=&quot;check&quot;&gt;&lt;/span&gt;&lt;span class=&quot;box&quot;&gt;&lt;/span&gt;从不休息&lt;/label&gt;&lt;/div&gt;&lt;/div&gt;&lt;/div&gt;');
INSERT INTO `quiz_ask` (`askID`, `quizID`, `templateFlag`, `askType`, `pageCode`, `askIndex`, `askTitle`, `askContent`) VALUES
('65eec3e6-9ae9-3c0d-0c32-e9ccf0963038', 'ddae44db-5cbb-9396-7c74-7aaef6e54969', 0, '001', '2,1', 10, NULL, '&lt;div class=&quot;form-group form-md-line-input form-md-radios quiz-input&quot;&gt;&lt;div class=&quot;md-radio-list&quot;&gt;&lt;p&gt;&lt;span class=&quot;quiz-ask-index&quot;&gt;10.&lt;/span&gt;孩子俯卧看书的频率?&lt;/p&gt;&lt;div class=&quot;md-radio&quot;&gt;&lt;input type=&quot;radio&quot; id=&quot;rad10-d8e435bc-ff92-7150-7b38-4df369650edb-0&quot; data-input-type=&quot;001&quot; data-ele-level=&quot;1&quot; data-statistical=&quot;&quot; name=&quot;radd8e435bc-ff92-7150-7b38-4df369650edb&quot; value=&quot;0&quot; class=&quot;md-radiobtn&quot;&gt;&lt;label for=&quot;rad10-d8e435bc-ff92-7150-7b38-4df369650edb-0&quot;&gt;&lt;span class=&quot;inc&quot;&gt;&lt;/span&gt;&lt;span class=&quot;check&quot;&gt;&lt;/span&gt;&lt;span class=&quot;box&quot;&gt;&lt;/span&gt;从不&lt;/label&gt;&lt;/div&gt;&lt;div class=&quot;md-radio&quot;&gt;&lt;input type=&quot;radio&quot; id=&quot;rad10-d8e435bc-ff92-7150-7b38-4df369650edb-1&quot; data-input-type=&quot;001&quot; data-ele-level=&quot;1&quot; data-statistical=&quot;&quot; name=&quot;radd8e435bc-ff92-7150-7b38-4df369650edb&quot; value=&quot;1&quot; class=&quot;md-radiobtn&quot;&gt;&lt;label for=&quot;rad10-d8e435bc-ff92-7150-7b38-4df369650edb-1&quot;&gt;&lt;span class=&quot;inc&quot;&gt;&lt;/span&gt;&lt;span class=&quot;check&quot;&gt;&lt;/span&gt;&lt;span class=&quot;box&quot;&gt;&lt;/span&gt;偶尔&lt;/label&gt;&lt;/div&gt;&lt;div class=&quot;md-radio&quot;&gt;&lt;input type=&quot;radio&quot; id=&quot;rad10-d8e435bc-ff92-7150-7b38-4df369650edb-2&quot; data-input-type=&quot;001&quot; data-ele-level=&quot;1&quot; data-statistical=&quot;&quot; name=&quot;radd8e435bc-ff92-7150-7b38-4df369650edb&quot; value=&quot;2&quot; class=&quot;md-radiobtn&quot;&gt;&lt;label for=&quot;rad10-d8e435bc-ff92-7150-7b38-4df369650edb-2&quot;&gt;&lt;span class=&quot;inc&quot;&gt;&lt;/span&gt;&lt;span class=&quot;check&quot;&gt;&lt;/span&gt;&lt;span class=&quot;box&quot;&gt;&lt;/span&gt;经常&lt;/label&gt;&lt;/div&gt;&lt;div class=&quot;md-radio&quot;&gt;&lt;input type=&quot;radio&quot; id=&quot;rad10-d8e435bc-ff92-7150-7b38-4df369650edb-3&quot; data-input-type=&quot;001&quot; data-ele-level=&quot;1&quot; data-statistical=&quot;&quot; name=&quot;radd8e435bc-ff92-7150-7b38-4df369650edb&quot; value=&quot;3&quot; class=&quot;md-radiobtn&quot;&gt;&lt;label for=&quot;rad10-d8e435bc-ff92-7150-7b38-4df369650edb-3&quot;&gt;&lt;span class=&quot;inc&quot;&gt;&lt;/span&gt;&lt;span class=&quot;check&quot;&gt;&lt;/span&gt;&lt;span class=&quot;box&quot;&gt;&lt;/span&gt;总是&lt;/label&gt;&lt;/div&gt;&lt;/div&gt;&lt;/div&gt;'),
('67c32e3e-ae1f-8274-370b-d88c6b33a53e', '00ce5773-1f4f-3007-6d2b-170e90a2df46', 0, '001', '1,1', 2, NULL, '&lt;div class=&quot;form-group form-md-line-input form-md-radios quiz-input&quot;&gt;&lt;div class=&quot;md-radio-list&quot;&gt;&lt;p&gt;&lt;span class=&quot;quiz-ask-index&quot;&gt;2.&lt;/span&gt;持续多久看电视后，休息眼睛?&lt;/p&gt;&lt;div class=&quot;md-radio&quot;&gt;&lt;input type=&quot;radio&quot; id=&quot;rad2-f2e9260e-eee6-3699-4b3e-16dcd727ed1a-0&quot; data-input-type=&quot;001&quot; data-ele-level=&quot;1&quot; data-statistical=&quot;&quot; name=&quot;radf2e9260e-eee6-3699-4b3e-16dcd727ed1a&quot; value=&quot;0&quot; class=&quot;md-radiobtn&quot;&gt;&lt;label for=&quot;rad2-f2e9260e-eee6-3699-4b3e-16dcd727ed1a-0&quot;&gt;&lt;span class=&quot;inc&quot;&gt;&lt;/span&gt;&lt;span class=&quot;check&quot;&gt;&lt;/span&gt;&lt;span class=&quot;box&quot;&gt;&lt;/span&gt;0.5小时以内&lt;/label&gt;&lt;/div&gt;&lt;div class=&quot;md-radio&quot;&gt;&lt;input type=&quot;radio&quot; id=&quot;rad2-f2e9260e-eee6-3699-4b3e-16dcd727ed1a-1&quot; data-input-type=&quot;001&quot; data-ele-level=&quot;1&quot; data-statistical=&quot;&quot; name=&quot;radf2e9260e-eee6-3699-4b3e-16dcd727ed1a&quot; value=&quot;1&quot; class=&quot;md-radiobtn&quot;&gt;&lt;label for=&quot;rad2-f2e9260e-eee6-3699-4b3e-16dcd727ed1a-1&quot;&gt;&lt;span class=&quot;inc&quot;&gt;&lt;/span&gt;&lt;span class=&quot;check&quot;&gt;&lt;/span&gt;&lt;span class=&quot;box&quot;&gt;&lt;/span&gt;0.5-1小时&lt;/label&gt;&lt;/div&gt;&lt;div class=&quot;md-radio&quot;&gt;&lt;input type=&quot;radio&quot; id=&quot;rad2-f2e9260e-eee6-3699-4b3e-16dcd727ed1a-2&quot; data-input-type=&quot;001&quot; data-ele-level=&quot;1&quot; data-statistical=&quot;&quot; name=&quot;radf2e9260e-eee6-3699-4b3e-16dcd727ed1a&quot; value=&quot;2&quot; class=&quot;md-radiobtn&quot;&gt;&lt;label for=&quot;rad2-f2e9260e-eee6-3699-4b3e-16dcd727ed1a-2&quot;&gt;&lt;span class=&quot;inc&quot;&gt;&lt;/span&gt;&lt;span class=&quot;check&quot;&gt;&lt;/span&gt;&lt;span class=&quot;box&quot;&gt;&lt;/span&gt;1-1.5小时&lt;/label&gt;&lt;/div&gt;&lt;div class=&quot;md-radio&quot;&gt;&lt;input type=&quot;radio&quot; id=&quot;rad2-f2e9260e-eee6-3699-4b3e-16dcd727ed1a-3&quot; data-input-type=&quot;001&quot; data-ele-level=&quot;1&quot; data-statistical=&quot;&quot; name=&quot;radf2e9260e-eee6-3699-4b3e-16dcd727ed1a&quot; value=&quot;3&quot; class=&quot;md-radiobtn&quot;&gt;&lt;label for=&quot;rad2-f2e9260e-eee6-3699-4b3e-16dcd727ed1a-3&quot;&gt;&lt;span class=&quot;inc&quot;&gt;&lt;/span&gt;&lt;span class=&quot;check&quot;&gt;&lt;/span&gt;&lt;span class=&quot;box&quot;&gt;&lt;/span&gt;1.5-2小时&lt;/label&gt;&lt;/div&gt;&lt;div class=&quot;md-radio&quot;&gt;&lt;input type=&quot;radio&quot; id=&quot;rad2-f2e9260e-eee6-3699-4b3e-16dcd727ed1a-4&quot; data-input-type=&quot;001&quot; data-ele-level=&quot;1&quot; data-statistical=&quot;&quot; name=&quot;radf2e9260e-eee6-3699-4b3e-16dcd727ed1a&quot; value=&quot;4&quot; class=&quot;md-radiobtn&quot;&gt;&lt;label for=&quot;rad2-f2e9260e-eee6-3699-4b3e-16dcd727ed1a-4&quot;&gt;&lt;span class=&quot;inc&quot;&gt;&lt;/span&gt;&lt;span class=&quot;check&quot;&gt;&lt;/span&gt;&lt;span class=&quot;box&quot;&gt;&lt;/span&gt;超过2小时&lt;/label&gt;&lt;/div&gt;&lt;div class=&quot;md-radio&quot;&gt;&lt;input type=&quot;radio&quot; id=&quot;rad2-f2e9260e-eee6-3699-4b3e-16dcd727ed1a-5&quot; data-input-type=&quot;001&quot; data-ele-level=&quot;1&quot; data-statistical=&quot;&quot; name=&quot;radf2e9260e-eee6-3699-4b3e-16dcd727ed1a&quot; value=&quot;5&quot; class=&quot;md-radiobtn&quot;&gt;&lt;label for=&quot;rad2-f2e9260e-eee6-3699-4b3e-16dcd727ed1a-5&quot;&gt;&lt;span class=&quot;inc&quot;&gt;&lt;/span&gt;&lt;span class=&quot;check&quot;&gt;&lt;/span&gt;&lt;span class=&quot;box&quot;&gt;&lt;/span&gt;从不休息&lt;/label&gt;&lt;/div&gt;&lt;/div&gt;&lt;/div&gt;'),
('699465b7-0fae-7310-487a-8d4cd6f5fd5e', 'ddae44db-5cbb-9396-7c74-7aaef6e54969', 0, '001', '1,1', 3, NULL, '&lt;div class=&quot;form-group form-md-line-input form-md-radios quiz-input&quot;&gt;&lt;div class=&quot;md-radio-list&quot;&gt;&lt;p&gt;&lt;span class=&quot;quiz-ask-index&quot;&gt;3.&lt;/span&gt;持续多长时间用电脑/手机后，休息眼睛?&lt;/p&gt;&lt;div class=&quot;md-radio&quot;&gt;&lt;input type=&quot;radio&quot; id=&quot;rad3-7e66191b-516b-a106-bfa3-04e544492a3b-0&quot; data-input-type=&quot;001&quot; data-ele-level=&quot;1&quot; data-statistical=&quot;&quot; name=&quot;rad7e66191b-516b-a106-bfa3-04e544492a3b&quot; value=&quot;0&quot; class=&quot;md-radiobtn&quot;&gt;&lt;label for=&quot;rad3-7e66191b-516b-a106-bfa3-04e544492a3b-0&quot;&gt;&lt;span class=&quot;inc&quot;&gt;&lt;/span&gt;&lt;span class=&quot;check&quot;&gt;&lt;/span&gt;&lt;span class=&quot;box&quot;&gt;&lt;/span&gt;0.5小时以内&lt;/label&gt;&lt;/div&gt;&lt;div class=&quot;md-radio&quot;&gt;&lt;input type=&quot;radio&quot; id=&quot;rad3-7e66191b-516b-a106-bfa3-04e544492a3b-1&quot; data-input-type=&quot;001&quot; data-ele-level=&quot;1&quot; data-statistical=&quot;&quot; name=&quot;rad7e66191b-516b-a106-bfa3-04e544492a3b&quot; value=&quot;1&quot; class=&quot;md-radiobtn&quot;&gt;&lt;label for=&quot;rad3-7e66191b-516b-a106-bfa3-04e544492a3b-1&quot;&gt;&lt;span class=&quot;inc&quot;&gt;&lt;/span&gt;&lt;span class=&quot;check&quot;&gt;&lt;/span&gt;&lt;span class=&quot;box&quot;&gt;&lt;/span&gt;0.5-1小时&lt;/label&gt;&lt;/div&gt;&lt;div class=&quot;md-radio&quot;&gt;&lt;input type=&quot;radio&quot; id=&quot;rad3-7e66191b-516b-a106-bfa3-04e544492a3b-2&quot; data-input-type=&quot;001&quot; data-ele-level=&quot;1&quot; data-statistical=&quot;&quot; name=&quot;rad7e66191b-516b-a106-bfa3-04e544492a3b&quot; value=&quot;2&quot; class=&quot;md-radiobtn&quot;&gt;&lt;label for=&quot;rad3-7e66191b-516b-a106-bfa3-04e544492a3b-2&quot;&gt;&lt;span class=&quot;inc&quot;&gt;&lt;/span&gt;&lt;span class=&quot;check&quot;&gt;&lt;/span&gt;&lt;span class=&quot;box&quot;&gt;&lt;/span&gt;1-1.5小时&lt;/label&gt;&lt;/div&gt;&lt;div class=&quot;md-radio&quot;&gt;&lt;input type=&quot;radio&quot; id=&quot;rad3-7e66191b-516b-a106-bfa3-04e544492a3b-3&quot; data-input-type=&quot;001&quot; data-ele-level=&quot;1&quot; data-statistical=&quot;&quot; name=&quot;rad7e66191b-516b-a106-bfa3-04e544492a3b&quot; value=&quot;3&quot; class=&quot;md-radiobtn&quot;&gt;&lt;label for=&quot;rad3-7e66191b-516b-a106-bfa3-04e544492a3b-3&quot;&gt;&lt;span class=&quot;inc&quot;&gt;&lt;/span&gt;&lt;span class=&quot;check&quot;&gt;&lt;/span&gt;&lt;span class=&quot;box&quot;&gt;&lt;/span&gt;1.5-2小时&lt;/label&gt;&lt;/div&gt;&lt;div class=&quot;md-radio&quot;&gt;&lt;input type=&quot;radio&quot; id=&quot;rad3-7e66191b-516b-a106-bfa3-04e544492a3b-4&quot; data-input-type=&quot;001&quot; data-ele-level=&quot;1&quot; data-statistical=&quot;&quot; name=&quot;rad7e66191b-516b-a106-bfa3-04e544492a3b&quot; value=&quot;4&quot; class=&quot;md-radiobtn&quot;&gt;&lt;label for=&quot;rad3-7e66191b-516b-a106-bfa3-04e544492a3b-4&quot;&gt;&lt;span class=&quot;inc&quot;&gt;&lt;/span&gt;&lt;span class=&quot;check&quot;&gt;&lt;/span&gt;&lt;span class=&quot;box&quot;&gt;&lt;/span&gt;超过2小时&lt;/label&gt;&lt;/div&gt;&lt;div class=&quot;md-radio&quot;&gt;&lt;input type=&quot;radio&quot; id=&quot;rad3-7e66191b-516b-a106-bfa3-04e544492a3b-5&quot; data-input-type=&quot;001&quot; data-ele-level=&quot;1&quot; data-statistical=&quot;&quot; name=&quot;rad7e66191b-516b-a106-bfa3-04e544492a3b&quot; value=&quot;5&quot; class=&quot;md-radiobtn&quot;&gt;&lt;label for=&quot;rad3-7e66191b-516b-a106-bfa3-04e544492a3b-5&quot;&gt;&lt;span class=&quot;inc&quot;&gt;&lt;/span&gt;&lt;span class=&quot;check&quot;&gt;&lt;/span&gt;&lt;span class=&quot;box&quot;&gt;&lt;/span&gt;从不休息&lt;/label&gt;&lt;/div&gt;&lt;/div&gt;&lt;/div&gt;'),
('6a1fe386-2add-0f8b-661c-de506d475b21', '00ce5773-1f4f-3007-6d2b-170e90a2df46', 0, '001', '2,1', 7, NULL, '&lt;div class=&quot;form-group form-md-line-input form-md-radios quiz-input&quot;&gt;&lt;div class=&quot;md-radio-list&quot;&gt;&lt;p&gt;&lt;span class=&quot;quiz-ask-index&quot;&gt;7.&lt;/span&gt;孩子通常用电脑的距离是多少(从眼睛到屏幕的距离)?&lt;/p&gt;&lt;div class=&quot;md-radio&quot;&gt;&lt;input type=&quot;radio&quot; id=&quot;rad7-c797a541-2c01-03bd-0500-e390bbe83822-0&quot; data-input-type=&quot;001&quot; data-ele-level=&quot;1&quot; data-statistical=&quot;&quot; name=&quot;radc797a541-2c01-03bd-0500-e390bbe83822&quot; value=&quot;0&quot; class=&quot;md-radiobtn&quot;&gt;&lt;label for=&quot;rad7-c797a541-2c01-03bd-0500-e390bbe83822-0&quot;&gt;&lt;span class=&quot;inc&quot;&gt;&lt;/span&gt;&lt;span class=&quot;check&quot;&gt;&lt;/span&gt;&lt;span class=&quot;box&quot;&gt;&lt;/span&gt;少于15厘米&lt;/label&gt;&lt;/div&gt;&lt;div class=&quot;md-radio&quot;&gt;&lt;input type=&quot;radio&quot; id=&quot;rad7-c797a541-2c01-03bd-0500-e390bbe83822-1&quot; data-input-type=&quot;001&quot; data-ele-level=&quot;1&quot; data-statistical=&quot;&quot; name=&quot;radc797a541-2c01-03bd-0500-e390bbe83822&quot; value=&quot;1&quot; class=&quot;md-radiobtn&quot;&gt;&lt;label for=&quot;rad7-c797a541-2c01-03bd-0500-e390bbe83822-1&quot;&gt;&lt;span class=&quot;inc&quot;&gt;&lt;/span&gt;&lt;span class=&quot;check&quot;&gt;&lt;/span&gt;&lt;span class=&quot;box&quot;&gt;&lt;/span&gt;15-30厘米&lt;/label&gt;&lt;/div&gt;&lt;div class=&quot;md-radio&quot;&gt;&lt;input type=&quot;radio&quot; id=&quot;rad7-c797a541-2c01-03bd-0500-e390bbe83822-2&quot; data-input-type=&quot;001&quot; data-ele-level=&quot;1&quot; data-statistical=&quot;&quot; name=&quot;radc797a541-2c01-03bd-0500-e390bbe83822&quot; value=&quot;2&quot; class=&quot;md-radiobtn&quot;&gt;&lt;label for=&quot;rad7-c797a541-2c01-03bd-0500-e390bbe83822-2&quot;&gt;&lt;span class=&quot;inc&quot;&gt;&lt;/span&gt;&lt;span class=&quot;check&quot;&gt;&lt;/span&gt;&lt;span class=&quot;box&quot;&gt;&lt;/span&gt;31-50厘米&lt;/label&gt;&lt;/div&gt;&lt;div class=&quot;md-radio&quot;&gt;&lt;input type=&quot;radio&quot; id=&quot;rad7-c797a541-2c01-03bd-0500-e390bbe83822-3&quot; data-input-type=&quot;001&quot; data-ele-level=&quot;1&quot; data-statistical=&quot;&quot; name=&quot;radc797a541-2c01-03bd-0500-e390bbe83822&quot; value=&quot;3&quot; class=&quot;md-radiobtn&quot;&gt;&lt;label for=&quot;rad7-c797a541-2c01-03bd-0500-e390bbe83822-3&quot;&gt;&lt;span class=&quot;inc&quot;&gt;&lt;/span&gt;&lt;span class=&quot;check&quot;&gt;&lt;/span&gt;&lt;span class=&quot;box&quot;&gt;&lt;/span&gt;超过50厘米&lt;/label&gt;&lt;/div&gt;&lt;/div&gt;&lt;/div&gt;'),
('7511594b-1716-91fc-9a3e-805eeedb5a55', 'ddae44db-5cbb-9396-7c74-7aaef6e54969', 0, '001', '2,1', 8, NULL, '&lt;div class=&quot;form-group form-md-line-input form-md-radios quiz-input&quot;&gt;&lt;div class=&quot;md-radio-list&quot;&gt;&lt;p&gt;&lt;span class=&quot;quiz-ask-index&quot;&gt;8.&lt;/span&gt;孩子偏着头写字的频率?&lt;/p&gt;&lt;div class=&quot;md-radio&quot;&gt;&lt;input type=&quot;radio&quot; id=&quot;rad8-ccf7949f-a2ec-1a99-f032-78be709a779d-0&quot; data-input-type=&quot;001&quot; data-ele-level=&quot;1&quot; data-statistical=&quot;&quot; name=&quot;radccf7949f-a2ec-1a99-f032-78be709a779d&quot; value=&quot;0&quot; class=&quot;md-radiobtn&quot;&gt;&lt;label for=&quot;rad8-ccf7949f-a2ec-1a99-f032-78be709a779d-0&quot;&gt;&lt;span class=&quot;inc&quot;&gt;&lt;/span&gt;&lt;span class=&quot;check&quot;&gt;&lt;/span&gt;&lt;span class=&quot;box&quot;&gt;&lt;/span&gt;从不&lt;/label&gt;&lt;/div&gt;&lt;div class=&quot;md-radio&quot;&gt;&lt;input type=&quot;radio&quot; id=&quot;rad8-ccf7949f-a2ec-1a99-f032-78be709a779d-1&quot; data-input-type=&quot;001&quot; data-ele-level=&quot;1&quot; data-statistical=&quot;&quot; name=&quot;radccf7949f-a2ec-1a99-f032-78be709a779d&quot; value=&quot;1&quot; class=&quot;md-radiobtn&quot;&gt;&lt;label for=&quot;rad8-ccf7949f-a2ec-1a99-f032-78be709a779d-1&quot;&gt;&lt;span class=&quot;inc&quot;&gt;&lt;/span&gt;&lt;span class=&quot;check&quot;&gt;&lt;/span&gt;&lt;span class=&quot;box&quot;&gt;&lt;/span&gt;偶尔&lt;/label&gt;&lt;/div&gt;&lt;div class=&quot;md-radio&quot;&gt;&lt;input type=&quot;radio&quot; id=&quot;rad8-ccf7949f-a2ec-1a99-f032-78be709a779d-2&quot; data-input-type=&quot;001&quot; data-ele-level=&quot;1&quot; data-statistical=&quot;&quot; name=&quot;radccf7949f-a2ec-1a99-f032-78be709a779d&quot; value=&quot;2&quot; class=&quot;md-radiobtn&quot;&gt;&lt;label for=&quot;rad8-ccf7949f-a2ec-1a99-f032-78be709a779d-2&quot;&gt;&lt;span class=&quot;inc&quot;&gt;&lt;/span&gt;&lt;span class=&quot;check&quot;&gt;&lt;/span&gt;&lt;span class=&quot;box&quot;&gt;&lt;/span&gt;经常&lt;/label&gt;&lt;/div&gt;&lt;div class=&quot;md-radio&quot;&gt;&lt;input type=&quot;radio&quot; id=&quot;rad8-ccf7949f-a2ec-1a99-f032-78be709a779d-3&quot; data-input-type=&quot;001&quot; data-ele-level=&quot;1&quot; data-statistical=&quot;&quot; name=&quot;radccf7949f-a2ec-1a99-f032-78be709a779d&quot; value=&quot;3&quot; class=&quot;md-radiobtn&quot;&gt;&lt;label for=&quot;rad8-ccf7949f-a2ec-1a99-f032-78be709a779d-3&quot;&gt;&lt;span class=&quot;inc&quot;&gt;&lt;/span&gt;&lt;span class=&quot;check&quot;&gt;&lt;/span&gt;&lt;span class=&quot;box&quot;&gt;&lt;/span&gt;总是&lt;/label&gt;&lt;/div&gt;&lt;/div&gt;&lt;/div&gt;'),
('7d8a73a9-f969-5873-fab9-a55a049335ca', '93d66b26-555b-1eef-c66a-aa195f0e1778', 1, '001', '2,1', 9, NULL, '&lt;div class=&quot;form-group form-md-line-input form-md-radios quiz-input&quot;&gt;&lt;div class=&quot;md-radio-list&quot;&gt;&lt;p&gt;&lt;span class=&quot;quiz-ask-index&quot;&gt;9.&lt;/span&gt;孩子仰躺着看书的频率?&lt;/p&gt;&lt;div class=&quot;md-radio&quot;&gt;&lt;input type=&quot;radio&quot; id=&quot;rad9-03d73494-2015-6824-fa66-0058e6699681-0&quot; data-input-type=&quot;001&quot; data-ele-level=&quot;1&quot; data-statistical=&quot;&quot; name=&quot;rad03d73494-2015-6824-fa66-0058e6699681&quot; value=&quot;0&quot; class=&quot;md-radiobtn&quot;&gt;&lt;label for=&quot;rad9-03d73494-2015-6824-fa66-0058e6699681-0&quot;&gt;&lt;span class=&quot;inc&quot;&gt;&lt;/span&gt;&lt;span class=&quot;check&quot;&gt;&lt;/span&gt;&lt;span class=&quot;box&quot;&gt;&lt;/span&gt;从不&lt;/label&gt;&lt;/div&gt;&lt;div class=&quot;md-radio&quot;&gt;&lt;input type=&quot;radio&quot; id=&quot;rad9-03d73494-2015-6824-fa66-0058e6699681-1&quot; data-input-type=&quot;001&quot; data-ele-level=&quot;1&quot; data-statistical=&quot;&quot; name=&quot;rad03d73494-2015-6824-fa66-0058e6699681&quot; value=&quot;1&quot; class=&quot;md-radiobtn&quot;&gt;&lt;label for=&quot;rad9-03d73494-2015-6824-fa66-0058e6699681-1&quot;&gt;&lt;span class=&quot;inc&quot;&gt;&lt;/span&gt;&lt;span class=&quot;check&quot;&gt;&lt;/span&gt;&lt;span class=&quot;box&quot;&gt;&lt;/span&gt;偶尔&lt;/label&gt;&lt;/div&gt;&lt;div class=&quot;md-radio&quot;&gt;&lt;input type=&quot;radio&quot; id=&quot;rad9-03d73494-2015-6824-fa66-0058e6699681-2&quot; data-input-type=&quot;001&quot; data-ele-level=&quot;1&quot; data-statistical=&quot;&quot; name=&quot;rad03d73494-2015-6824-fa66-0058e6699681&quot; value=&quot;2&quot; class=&quot;md-radiobtn&quot;&gt;&lt;label for=&quot;rad9-03d73494-2015-6824-fa66-0058e6699681-2&quot;&gt;&lt;span class=&quot;inc&quot;&gt;&lt;/span&gt;&lt;span class=&quot;check&quot;&gt;&lt;/span&gt;&lt;span class=&quot;box&quot;&gt;&lt;/span&gt;经常&lt;/label&gt;&lt;/div&gt;&lt;div class=&quot;md-radio&quot;&gt;&lt;input type=&quot;radio&quot; id=&quot;rad9-03d73494-2015-6824-fa66-0058e6699681-3&quot; data-input-type=&quot;001&quot; data-ele-level=&quot;1&quot; data-statistical=&quot;&quot; name=&quot;rad03d73494-2015-6824-fa66-0058e6699681&quot; value=&quot;3&quot; class=&quot;md-radiobtn&quot;&gt;&lt;label for=&quot;rad9-03d73494-2015-6824-fa66-0058e6699681-3&quot;&gt;&lt;span class=&quot;inc&quot;&gt;&lt;/span&gt;&lt;span class=&quot;check&quot;&gt;&lt;/span&gt;&lt;span class=&quot;box&quot;&gt;&lt;/span&gt;总是&lt;/label&gt;&lt;/div&gt;&lt;/div&gt;&lt;/div&gt;'),
('874840e2-bc6d-0c01-670d-f4dd459aa43e', 'ddae44db-5cbb-9396-7c74-7aaef6e54969', 0, '001', '2,1', 9, NULL, '&lt;div class=&quot;form-group form-md-line-input form-md-radios quiz-input&quot;&gt;&lt;div class=&quot;md-radio-list&quot;&gt;&lt;p&gt;&lt;span class=&quot;quiz-ask-index&quot;&gt;9.&lt;/span&gt;孩子仰躺着看书的频率?&lt;/p&gt;&lt;div class=&quot;md-radio&quot;&gt;&lt;input type=&quot;radio&quot; id=&quot;rad9-70450ee3-2e5b-7f10-462b-96e4b0b9c5a7-0&quot; data-input-type=&quot;001&quot; data-ele-level=&quot;1&quot; data-statistical=&quot;&quot; name=&quot;rad70450ee3-2e5b-7f10-462b-96e4b0b9c5a7&quot; value=&quot;0&quot; class=&quot;md-radiobtn&quot;&gt;&lt;label for=&quot;rad9-70450ee3-2e5b-7f10-462b-96e4b0b9c5a7-0&quot;&gt;&lt;span class=&quot;inc&quot;&gt;&lt;/span&gt;&lt;span class=&quot;check&quot;&gt;&lt;/span&gt;&lt;span class=&quot;box&quot;&gt;&lt;/span&gt;从不&lt;/label&gt;&lt;/div&gt;&lt;div class=&quot;md-radio&quot;&gt;&lt;input type=&quot;radio&quot; id=&quot;rad9-70450ee3-2e5b-7f10-462b-96e4b0b9c5a7-1&quot; data-input-type=&quot;001&quot; data-ele-level=&quot;1&quot; data-statistical=&quot;&quot; name=&quot;rad70450ee3-2e5b-7f10-462b-96e4b0b9c5a7&quot; value=&quot;1&quot; class=&quot;md-radiobtn&quot;&gt;&lt;label for=&quot;rad9-70450ee3-2e5b-7f10-462b-96e4b0b9c5a7-1&quot;&gt;&lt;span class=&quot;inc&quot;&gt;&lt;/span&gt;&lt;span class=&quot;check&quot;&gt;&lt;/span&gt;&lt;span class=&quot;box&quot;&gt;&lt;/span&gt;偶尔&lt;/label&gt;&lt;/div&gt;&lt;div class=&quot;md-radio&quot;&gt;&lt;input type=&quot;radio&quot; id=&quot;rad9-70450ee3-2e5b-7f10-462b-96e4b0b9c5a7-2&quot; data-input-type=&quot;001&quot; data-ele-level=&quot;1&quot; data-statistical=&quot;&quot; name=&quot;rad70450ee3-2e5b-7f10-462b-96e4b0b9c5a7&quot; value=&quot;2&quot; class=&quot;md-radiobtn&quot;&gt;&lt;label for=&quot;rad9-70450ee3-2e5b-7f10-462b-96e4b0b9c5a7-2&quot;&gt;&lt;span class=&quot;inc&quot;&gt;&lt;/span&gt;&lt;span class=&quot;check&quot;&gt;&lt;/span&gt;&lt;span class=&quot;box&quot;&gt;&lt;/span&gt;经常&lt;/label&gt;&lt;/div&gt;&lt;div class=&quot;md-radio&quot;&gt;&lt;input type=&quot;radio&quot; id=&quot;rad9-70450ee3-2e5b-7f10-462b-96e4b0b9c5a7-3&quot; data-input-type=&quot;001&quot; data-ele-level=&quot;1&quot; data-statistical=&quot;&quot; name=&quot;rad70450ee3-2e5b-7f10-462b-96e4b0b9c5a7&quot; value=&quot;3&quot; class=&quot;md-radiobtn&quot;&gt;&lt;label for=&quot;rad9-70450ee3-2e5b-7f10-462b-96e4b0b9c5a7-3&quot;&gt;&lt;span class=&quot;inc&quot;&gt;&lt;/span&gt;&lt;span class=&quot;check&quot;&gt;&lt;/span&gt;&lt;span class=&quot;box&quot;&gt;&lt;/span&gt;总是&lt;/label&gt;&lt;/div&gt;&lt;/div&gt;&lt;/div&gt;'),
('91002316-00c9-9553-e567-f0f07f75ac58', '00ce5773-1f4f-3007-6d2b-170e90a2df46', 0, '001', '2,1', 8, NULL, '&lt;div class=&quot;form-group form-md-line-input form-md-radios quiz-input&quot;&gt;&lt;div class=&quot;md-radio-list&quot;&gt;&lt;p&gt;&lt;span class=&quot;quiz-ask-index&quot;&gt;8.&lt;/span&gt;孩子偏着头写字的频率?&lt;/p&gt;&lt;div class=&quot;md-radio&quot;&gt;&lt;input type=&quot;radio&quot; id=&quot;rad8-2e79ae09-eb70-d724-0370-fe83ae5a429c-0&quot; data-input-type=&quot;001&quot; data-ele-level=&quot;1&quot; data-statistical=&quot;&quot; name=&quot;rad2e79ae09-eb70-d724-0370-fe83ae5a429c&quot; value=&quot;0&quot; class=&quot;md-radiobtn&quot;&gt;&lt;label for=&quot;rad8-2e79ae09-eb70-d724-0370-fe83ae5a429c-0&quot;&gt;&lt;span class=&quot;inc&quot;&gt;&lt;/span&gt;&lt;span class=&quot;check&quot;&gt;&lt;/span&gt;&lt;span class=&quot;box&quot;&gt;&lt;/span&gt;从不&lt;/label&gt;&lt;/div&gt;&lt;div class=&quot;md-radio&quot;&gt;&lt;input type=&quot;radio&quot; id=&quot;rad8-2e79ae09-eb70-d724-0370-fe83ae5a429c-1&quot; data-input-type=&quot;001&quot; data-ele-level=&quot;1&quot; data-statistical=&quot;&quot; name=&quot;rad2e79ae09-eb70-d724-0370-fe83ae5a429c&quot; value=&quot;1&quot; class=&quot;md-radiobtn&quot;&gt;&lt;label for=&quot;rad8-2e79ae09-eb70-d724-0370-fe83ae5a429c-1&quot;&gt;&lt;span class=&quot;inc&quot;&gt;&lt;/span&gt;&lt;span class=&quot;check&quot;&gt;&lt;/span&gt;&lt;span class=&quot;box&quot;&gt;&lt;/span&gt;偶尔&lt;/label&gt;&lt;/div&gt;&lt;div class=&quot;md-radio&quot;&gt;&lt;input type=&quot;radio&quot; id=&quot;rad8-2e79ae09-eb70-d724-0370-fe83ae5a429c-2&quot; data-input-type=&quot;001&quot; data-ele-level=&quot;1&quot; data-statistical=&quot;&quot; name=&quot;rad2e79ae09-eb70-d724-0370-fe83ae5a429c&quot; value=&quot;2&quot; class=&quot;md-radiobtn&quot;&gt;&lt;label for=&quot;rad8-2e79ae09-eb70-d724-0370-fe83ae5a429c-2&quot;&gt;&lt;span class=&quot;inc&quot;&gt;&lt;/span&gt;&lt;span class=&quot;check&quot;&gt;&lt;/span&gt;&lt;span class=&quot;box&quot;&gt;&lt;/span&gt;经常&lt;/label&gt;&lt;/div&gt;&lt;div class=&quot;md-radio&quot;&gt;&lt;input type=&quot;radio&quot; id=&quot;rad8-2e79ae09-eb70-d724-0370-fe83ae5a429c-3&quot; data-input-type=&quot;001&quot; data-ele-level=&quot;1&quot; data-statistical=&quot;&quot; name=&quot;rad2e79ae09-eb70-d724-0370-fe83ae5a429c&quot; value=&quot;3&quot; class=&quot;md-radiobtn&quot;&gt;&lt;label for=&quot;rad8-2e79ae09-eb70-d724-0370-fe83ae5a429c-3&quot;&gt;&lt;span class=&quot;inc&quot;&gt;&lt;/span&gt;&lt;span class=&quot;check&quot;&gt;&lt;/span&gt;&lt;span class=&quot;box&quot;&gt;&lt;/span&gt;总是&lt;/label&gt;&lt;/div&gt;&lt;/div&gt;&lt;/div&gt;'),
('91f0aa09-b678-3b4b-7a49-5fbae4962a81', '93d66b26-555b-1eef-c66a-aa195f0e1778', 1, '001', '1,1', 3, NULL, '&lt;div class=&quot;form-group form-md-line-input form-md-radios quiz-input&quot;&gt;&lt;div class=&quot;md-radio-list&quot;&gt;&lt;p&gt;&lt;span class=&quot;quiz-ask-index&quot;&gt;3.&lt;/span&gt;持续多长时间用电脑/手机后，休息眼睛?&lt;/p&gt;&lt;div class=&quot;md-radio&quot;&gt;&lt;input type=&quot;radio&quot; id=&quot;rad3-b2569683-626d-7439-d92d-9bd9e7e3f4f1-0&quot; data-input-type=&quot;001&quot; data-ele-level=&quot;1&quot; data-statistical=&quot;&quot; name=&quot;radb2569683-626d-7439-d92d-9bd9e7e3f4f1&quot; value=&quot;0&quot; class=&quot;md-radiobtn&quot;&gt;&lt;label for=&quot;rad3-b2569683-626d-7439-d92d-9bd9e7e3f4f1-0&quot;&gt;&lt;span class=&quot;inc&quot;&gt;&lt;/span&gt;&lt;span class=&quot;check&quot;&gt;&lt;/span&gt;&lt;span class=&quot;box&quot;&gt;&lt;/span&gt;0.5小时以内&lt;/label&gt;&lt;/div&gt;&lt;div class=&quot;md-radio&quot;&gt;&lt;input type=&quot;radio&quot; id=&quot;rad3-b2569683-626d-7439-d92d-9bd9e7e3f4f1-1&quot; data-input-type=&quot;001&quot; data-ele-level=&quot;1&quot; data-statistical=&quot;&quot; name=&quot;radb2569683-626d-7439-d92d-9bd9e7e3f4f1&quot; value=&quot;1&quot; class=&quot;md-radiobtn&quot;&gt;&lt;label for=&quot;rad3-b2569683-626d-7439-d92d-9bd9e7e3f4f1-1&quot;&gt;&lt;span class=&quot;inc&quot;&gt;&lt;/span&gt;&lt;span class=&quot;check&quot;&gt;&lt;/span&gt;&lt;span class=&quot;box&quot;&gt;&lt;/span&gt;0.5-1小时&lt;/label&gt;&lt;/div&gt;&lt;div class=&quot;md-radio&quot;&gt;&lt;input type=&quot;radio&quot; id=&quot;rad3-b2569683-626d-7439-d92d-9bd9e7e3f4f1-2&quot; data-input-type=&quot;001&quot; data-ele-level=&quot;1&quot; data-statistical=&quot;&quot; name=&quot;radb2569683-626d-7439-d92d-9bd9e7e3f4f1&quot; value=&quot;2&quot; class=&quot;md-radiobtn&quot;&gt;&lt;label for=&quot;rad3-b2569683-626d-7439-d92d-9bd9e7e3f4f1-2&quot;&gt;&lt;span class=&quot;inc&quot;&gt;&lt;/span&gt;&lt;span class=&quot;check&quot;&gt;&lt;/span&gt;&lt;span class=&quot;box&quot;&gt;&lt;/span&gt;1-1.5小时&lt;/label&gt;&lt;/div&gt;&lt;div class=&quot;md-radio&quot;&gt;&lt;input type=&quot;radio&quot; id=&quot;rad3-b2569683-626d-7439-d92d-9bd9e7e3f4f1-3&quot; data-input-type=&quot;001&quot; data-ele-level=&quot;1&quot; data-statistical=&quot;&quot; name=&quot;radb2569683-626d-7439-d92d-9bd9e7e3f4f1&quot; value=&quot;3&quot; class=&quot;md-radiobtn&quot;&gt;&lt;label for=&quot;rad3-b2569683-626d-7439-d92d-9bd9e7e3f4f1-3&quot;&gt;&lt;span class=&quot;inc&quot;&gt;&lt;/span&gt;&lt;span class=&quot;check&quot;&gt;&lt;/span&gt;&lt;span class=&quot;box&quot;&gt;&lt;/span&gt;1.5-2小时&lt;/label&gt;&lt;/div&gt;&lt;div class=&quot;md-radio&quot;&gt;&lt;input type=&quot;radio&quot; id=&quot;rad3-b2569683-626d-7439-d92d-9bd9e7e3f4f1-4&quot; data-input-type=&quot;001&quot; data-ele-level=&quot;1&quot; data-statistical=&quot;&quot; name=&quot;radb2569683-626d-7439-d92d-9bd9e7e3f4f1&quot; value=&quot;4&quot; class=&quot;md-radiobtn&quot;&gt;&lt;label for=&quot;rad3-b2569683-626d-7439-d92d-9bd9e7e3f4f1-4&quot;&gt;&lt;span class=&quot;inc&quot;&gt;&lt;/span&gt;&lt;span class=&quot;check&quot;&gt;&lt;/span&gt;&lt;span class=&quot;box&quot;&gt;&lt;/span&gt;超过2小时&lt;/label&gt;&lt;/div&gt;&lt;div class=&quot;md-radio&quot;&gt;&lt;input type=&quot;radio&quot; id=&quot;rad3-b2569683-626d-7439-d92d-9bd9e7e3f4f1-5&quot; data-input-type=&quot;001&quot; data-ele-level=&quot;1&quot; data-statistical=&quot;&quot; name=&quot;radb2569683-626d-7439-d92d-9bd9e7e3f4f1&quot; value=&quot;5&quot; class=&quot;md-radiobtn&quot;&gt;&lt;label for=&quot;rad3-b2569683-626d-7439-d92d-9bd9e7e3f4f1-5&quot;&gt;&lt;span class=&quot;inc&quot;&gt;&lt;/span&gt;&lt;span class=&quot;check&quot;&gt;&lt;/span&gt;&lt;span class=&quot;box&quot;&gt;&lt;/span&gt;从不休息&lt;/label&gt;&lt;/div&gt;&lt;/div&gt;&lt;/div&gt;'),
('943ee992-a17a-b988-828e-c629b9b9ec5f', '93d66b26-555b-1eef-c66a-aa195f0e1778', 1, '001', '2,1', 7, NULL, '&lt;div class=&quot;form-group form-md-line-input form-md-radios quiz-input&quot;&gt;&lt;div class=&quot;md-radio-list&quot;&gt;&lt;p&gt;&lt;span class=&quot;quiz-ask-index&quot;&gt;7.&lt;/span&gt;孩子通常用电脑的距离是多少(从眼睛到屏幕的距离)?&lt;/p&gt;&lt;div class=&quot;md-radio&quot;&gt;&lt;input type=&quot;radio&quot; id=&quot;rad7-0171dc6e-fe28-6a18-cd21-7b0a34cf48fc-0&quot; data-input-type=&quot;001&quot; data-ele-level=&quot;1&quot; data-statistical=&quot;&quot; name=&quot;rad0171dc6e-fe28-6a18-cd21-7b0a34cf48fc&quot; value=&quot;0&quot; class=&quot;md-radiobtn&quot;&gt;&lt;label for=&quot;rad7-0171dc6e-fe28-6a18-cd21-7b0a34cf48fc-0&quot;&gt;&lt;span class=&quot;inc&quot;&gt;&lt;/span&gt;&lt;span class=&quot;check&quot;&gt;&lt;/span&gt;&lt;span class=&quot;box&quot;&gt;&lt;/span&gt;少于15厘米&lt;/label&gt;&lt;/div&gt;&lt;div class=&quot;md-radio&quot;&gt;&lt;input type=&quot;radio&quot; id=&quot;rad7-0171dc6e-fe28-6a18-cd21-7b0a34cf48fc-1&quot; data-input-type=&quot;001&quot; data-ele-level=&quot;1&quot; data-statistical=&quot;&quot; name=&quot;rad0171dc6e-fe28-6a18-cd21-7b0a34cf48fc&quot; value=&quot;1&quot; class=&quot;md-radiobtn&quot;&gt;&lt;label for=&quot;rad7-0171dc6e-fe28-6a18-cd21-7b0a34cf48fc-1&quot;&gt;&lt;span class=&quot;inc&quot;&gt;&lt;/span&gt;&lt;span class=&quot;check&quot;&gt;&lt;/span&gt;&lt;span class=&quot;box&quot;&gt;&lt;/span&gt;15-30厘米&lt;/label&gt;&lt;/div&gt;&lt;div class=&quot;md-radio&quot;&gt;&lt;input type=&quot;radio&quot; id=&quot;rad7-0171dc6e-fe28-6a18-cd21-7b0a34cf48fc-2&quot; data-input-type=&quot;001&quot; data-ele-level=&quot;1&quot; data-statistical=&quot;&quot; name=&quot;rad0171dc6e-fe28-6a18-cd21-7b0a34cf48fc&quot; value=&quot;2&quot; class=&quot;md-radiobtn&quot;&gt;&lt;label for=&quot;rad7-0171dc6e-fe28-6a18-cd21-7b0a34cf48fc-2&quot;&gt;&lt;span class=&quot;inc&quot;&gt;&lt;/span&gt;&lt;span class=&quot;check&quot;&gt;&lt;/span&gt;&lt;span class=&quot;box&quot;&gt;&lt;/span&gt;31-50厘米&lt;/label&gt;&lt;/div&gt;&lt;div class=&quot;md-radio&quot;&gt;&lt;input type=&quot;radio&quot; id=&quot;rad7-0171dc6e-fe28-6a18-cd21-7b0a34cf48fc-3&quot; data-input-type=&quot;001&quot; data-ele-level=&quot;1&quot; data-statistical=&quot;&quot; name=&quot;rad0171dc6e-fe28-6a18-cd21-7b0a34cf48fc&quot; value=&quot;3&quot; class=&quot;md-radiobtn&quot;&gt;&lt;label for=&quot;rad7-0171dc6e-fe28-6a18-cd21-7b0a34cf48fc-3&quot;&gt;&lt;span class=&quot;inc&quot;&gt;&lt;/span&gt;&lt;span class=&quot;check&quot;&gt;&lt;/span&gt;&lt;span class=&quot;box&quot;&gt;&lt;/span&gt;超过50厘米&lt;/label&gt;&lt;/div&gt;&lt;/div&gt;&lt;/div&gt;'),
('9ae5d237-cbc8-9749-5437-84426c6da284', '00ce5773-1f4f-3007-6d2b-170e90a2df46', 0, '001', '1,1', 1, NULL, '&lt;div class=&quot;form-group form-md-line-input form-md-radios quiz-input&quot;&gt;&lt;div class=&quot;md-radio-list&quot;&gt;&lt;p&gt;&lt;span class=&quot;quiz-ask-index&quot;&gt;1.&lt;/span&gt;持续多久的阅读后，休息眼睛?&lt;/p&gt;&lt;div class=&quot;md-radio&quot;&gt;&lt;input type=&quot;radio&quot; id=&quot;rad1-439643f6-89be-599c-d173-d8808902d3c5-0&quot; data-input-type=&quot;001&quot; data-ele-level=&quot;1&quot; data-statistical=&quot;statistical&quot; name=&quot;rad439643f6-89be-599c-d173-d8808902d3c5&quot; value=&quot;0&quot; class=&quot;md-radiobtn&quot; data-statistical-name=&quot;持续阅读时间&quot;&gt;&lt;label for=&quot;rad1-439643f6-89be-599c-d173-d8808902d3c5-0&quot;&gt;&lt;span class=&quot;inc&quot;&gt;&lt;/span&gt;&lt;span class=&quot;check&quot;&gt;&lt;/span&gt;&lt;span class=&quot;box&quot;&gt;&lt;/span&gt;0.5小时以内&lt;/label&gt;&lt;/div&gt;&lt;div class=&quot;md-radio&quot;&gt;&lt;input type=&quot;radio&quot; id=&quot;rad1-439643f6-89be-599c-d173-d8808902d3c5-1&quot; data-input-type=&quot;001&quot; data-ele-level=&quot;1&quot; data-statistical=&quot;statistical&quot; name=&quot;rad439643f6-89be-599c-d173-d8808902d3c5&quot; value=&quot;1&quot; class=&quot;md-radiobtn&quot; data-statistical-name=&quot;持续阅读时间&quot;&gt;&lt;label for=&quot;rad1-439643f6-89be-599c-d173-d8808902d3c5-1&quot;&gt;&lt;span class=&quot;inc&quot;&gt;&lt;/span&gt;&lt;span class=&quot;check&quot;&gt;&lt;/span&gt;&lt;span class=&quot;box&quot;&gt;&lt;/span&gt;0.5-1小时&lt;/label&gt;&lt;/div&gt;&lt;div class=&quot;md-radio&quot;&gt;&lt;input type=&quot;radio&quot; id=&quot;rad1-439643f6-89be-599c-d173-d8808902d3c5-2&quot; data-input-type=&quot;001&quot; data-ele-level=&quot;1&quot; data-statistical=&quot;statistical&quot; name=&quot;rad439643f6-89be-599c-d173-d8808902d3c5&quot; value=&quot;2&quot; class=&quot;md-radiobtn&quot; data-statistical-name=&quot;持续阅读时间&quot;&gt;&lt;label for=&quot;rad1-439643f6-89be-599c-d173-d8808902d3c5-2&quot;&gt;&lt;span class=&quot;inc&quot;&gt;&lt;/span&gt;&lt;span class=&quot;check&quot;&gt;&lt;/span&gt;&lt;span class=&quot;box&quot;&gt;&lt;/span&gt;1-1.5小时&lt;/label&gt;&lt;/div&gt;&lt;div class=&quot;md-radio&quot;&gt;&lt;input type=&quot;radio&quot; id=&quot;rad1-439643f6-89be-599c-d173-d8808902d3c5-3&quot; data-input-type=&quot;001&quot; data-ele-level=&quot;1&quot; data-statistical=&quot;statistical&quot; name=&quot;rad439643f6-89be-599c-d173-d8808902d3c5&quot; value=&quot;3&quot; class=&quot;md-radiobtn&quot; data-statistical-name=&quot;持续阅读时间&quot;&gt;&lt;label for=&quot;rad1-439643f6-89be-599c-d173-d8808902d3c5-3&quot;&gt;&lt;span class=&quot;inc&quot;&gt;&lt;/span&gt;&lt;span class=&quot;check&quot;&gt;&lt;/span&gt;&lt;span class=&quot;box&quot;&gt;&lt;/span&gt;1.5-2小时&lt;/label&gt;&lt;/div&gt;&lt;div class=&quot;md-radio&quot;&gt;&lt;input type=&quot;radio&quot; id=&quot;rad1-439643f6-89be-599c-d173-d8808902d3c5-4&quot; data-input-type=&quot;001&quot; data-ele-level=&quot;1&quot; data-statistical=&quot;statistical&quot; name=&quot;rad439643f6-89be-599c-d173-d8808902d3c5&quot; value=&quot;4&quot; class=&quot;md-radiobtn&quot; data-statistical-name=&quot;持续阅读时间&quot;&gt;&lt;label for=&quot;rad1-439643f6-89be-599c-d173-d8808902d3c5-4&quot;&gt;&lt;span class=&quot;inc&quot;&gt;&lt;/span&gt;&lt;span class=&quot;check&quot;&gt;&lt;/span&gt;&lt;span class=&quot;box&quot;&gt;&lt;/span&gt;超过2小时&lt;/label&gt;&lt;/div&gt;&lt;div class=&quot;md-radio&quot;&gt;&lt;input type=&quot;radio&quot; id=&quot;rad1-439643f6-89be-599c-d173-d8808902d3c5-5&quot; data-input-type=&quot;001&quot; data-ele-level=&quot;1&quot; data-statistical=&quot;statistical&quot; name=&quot;rad439643f6-89be-599c-d173-d8808902d3c5&quot; value=&quot;5&quot; class=&quot;md-radiobtn&quot; data-statistical-name=&quot;持续阅读时间&quot;&gt;&lt;label for=&quot;rad1-439643f6-89be-599c-d173-d8808902d3c5-5&quot;&gt;&lt;span class=&quot;inc&quot;&gt;&lt;/span&gt;&lt;span class=&quot;check&quot;&gt;&lt;/span&gt;&lt;span class=&quot;box&quot;&gt;&lt;/span&gt;从不休息&lt;/label&gt;&lt;/div&gt;&lt;/div&gt;&lt;/div&gt;'),
('9c705ae0-d36e-3de9-138c-4e782190eb18', '00ce5773-1f4f-3007-6d2b-170e90a2df46', 0, '001', '2,1', 10, NULL, '&lt;div class=&quot;form-group form-md-line-input form-md-radios quiz-input&quot;&gt;&lt;div class=&quot;md-radio-list&quot;&gt;&lt;p&gt;&lt;span class=&quot;quiz-ask-index&quot;&gt;10.&lt;/span&gt;孩子俯卧看书的频率?&lt;/p&gt;&lt;div class=&quot;md-radio&quot;&gt;&lt;input type=&quot;radio&quot; id=&quot;rad10-7fc0127f-d93f-914e-bb91-ea62b458f9f9-0&quot; data-input-type=&quot;001&quot; data-ele-level=&quot;1&quot; data-statistical=&quot;&quot; name=&quot;rad7fc0127f-d93f-914e-bb91-ea62b458f9f9&quot; value=&quot;0&quot; class=&quot;md-radiobtn&quot;&gt;&lt;label for=&quot;rad10-7fc0127f-d93f-914e-bb91-ea62b458f9f9-0&quot;&gt;&lt;span class=&quot;inc&quot;&gt;&lt;/span&gt;&lt;span class=&quot;check&quot;&gt;&lt;/span&gt;&lt;span class=&quot;box&quot;&gt;&lt;/span&gt;从不&lt;/label&gt;&lt;/div&gt;&lt;div class=&quot;md-radio&quot;&gt;&lt;input type=&quot;radio&quot; id=&quot;rad10-7fc0127f-d93f-914e-bb91-ea62b458f9f9-1&quot; data-input-type=&quot;001&quot; data-ele-level=&quot;1&quot; data-statistical=&quot;&quot; name=&quot;rad7fc0127f-d93f-914e-bb91-ea62b458f9f9&quot; value=&quot;1&quot; class=&quot;md-radiobtn&quot;&gt;&lt;label for=&quot;rad10-7fc0127f-d93f-914e-bb91-ea62b458f9f9-1&quot;&gt;&lt;span class=&quot;inc&quot;&gt;&lt;/span&gt;&lt;span class=&quot;check&quot;&gt;&lt;/span&gt;&lt;span class=&quot;box&quot;&gt;&lt;/span&gt;偶尔&lt;/label&gt;&lt;/div&gt;&lt;div class=&quot;md-radio&quot;&gt;&lt;input type=&quot;radio&quot; id=&quot;rad10-7fc0127f-d93f-914e-bb91-ea62b458f9f9-2&quot; data-input-type=&quot;001&quot; data-ele-level=&quot;1&quot; data-statistical=&quot;&quot; name=&quot;rad7fc0127f-d93f-914e-bb91-ea62b458f9f9&quot; value=&quot;2&quot; class=&quot;md-radiobtn&quot;&gt;&lt;label for=&quot;rad10-7fc0127f-d93f-914e-bb91-ea62b458f9f9-2&quot;&gt;&lt;span class=&quot;inc&quot;&gt;&lt;/span&gt;&lt;span class=&quot;check&quot;&gt;&lt;/span&gt;&lt;span class=&quot;box&quot;&gt;&lt;/span&gt;经常&lt;/label&gt;&lt;/div&gt;&lt;div class=&quot;md-radio&quot;&gt;&lt;input type=&quot;radio&quot; id=&quot;rad10-7fc0127f-d93f-914e-bb91-ea62b458f9f9-3&quot; data-input-type=&quot;001&quot; data-ele-level=&quot;1&quot; data-statistical=&quot;&quot; name=&quot;rad7fc0127f-d93f-914e-bb91-ea62b458f9f9&quot; value=&quot;3&quot; class=&quot;md-radiobtn&quot;&gt;&lt;label for=&quot;rad10-7fc0127f-d93f-914e-bb91-ea62b458f9f9-3&quot;&gt;&lt;span class=&quot;inc&quot;&gt;&lt;/span&gt;&lt;span class=&quot;check&quot;&gt;&lt;/span&gt;&lt;span class=&quot;box&quot;&gt;&lt;/span&gt;总是&lt;/label&gt;&lt;/div&gt;&lt;/div&gt;&lt;/div&gt;'),
('a8b0d253-acda-7338-476e-b40c1bb3c5f5', 'ddae44db-5cbb-9396-7c74-7aaef6e54969', 0, '001', '2,1', 7, NULL, '&lt;div class=&quot;form-group form-md-line-input form-md-radios quiz-input&quot;&gt;&lt;div class=&quot;md-radio-list&quot;&gt;&lt;p&gt;&lt;span class=&quot;quiz-ask-index&quot;&gt;7.&lt;/span&gt;孩子通常用电脑的距离是多少(从眼睛到屏幕的距离)?&lt;/p&gt;&lt;div class=&quot;md-radio&quot;&gt;&lt;input type=&quot;radio&quot; id=&quot;rad7-c4969e80-5f81-6fe2-0b0c-91eb0944263a-0&quot; data-input-type=&quot;001&quot; data-ele-level=&quot;1&quot; data-statistical=&quot;&quot; name=&quot;radc4969e80-5f81-6fe2-0b0c-91eb0944263a&quot; value=&quot;0&quot; class=&quot;md-radiobtn&quot;&gt;&lt;label for=&quot;rad7-c4969e80-5f81-6fe2-0b0c-91eb0944263a-0&quot;&gt;&lt;span class=&quot;inc&quot;&gt;&lt;/span&gt;&lt;span class=&quot;check&quot;&gt;&lt;/span&gt;&lt;span class=&quot;box&quot;&gt;&lt;/span&gt;少于15厘米&lt;/label&gt;&lt;/div&gt;&lt;div class=&quot;md-radio&quot;&gt;&lt;input type=&quot;radio&quot; id=&quot;rad7-c4969e80-5f81-6fe2-0b0c-91eb0944263a-1&quot; data-input-type=&quot;001&quot; data-ele-level=&quot;1&quot; data-statistical=&quot;&quot; name=&quot;radc4969e80-5f81-6fe2-0b0c-91eb0944263a&quot; value=&quot;1&quot; class=&quot;md-radiobtn&quot;&gt;&lt;label for=&quot;rad7-c4969e80-5f81-6fe2-0b0c-91eb0944263a-1&quot;&gt;&lt;span class=&quot;inc&quot;&gt;&lt;/span&gt;&lt;span class=&quot;check&quot;&gt;&lt;/span&gt;&lt;span class=&quot;box&quot;&gt;&lt;/span&gt;15-30厘米&lt;/label&gt;&lt;/div&gt;&lt;div class=&quot;md-radio&quot;&gt;&lt;input type=&quot;radio&quot; id=&quot;rad7-c4969e80-5f81-6fe2-0b0c-91eb0944263a-2&quot; data-input-type=&quot;001&quot; data-ele-level=&quot;1&quot; data-statistical=&quot;&quot; name=&quot;radc4969e80-5f81-6fe2-0b0c-91eb0944263a&quot; value=&quot;2&quot; class=&quot;md-radiobtn&quot;&gt;&lt;label for=&quot;rad7-c4969e80-5f81-6fe2-0b0c-91eb0944263a-2&quot;&gt;&lt;span class=&quot;inc&quot;&gt;&lt;/span&gt;&lt;span class=&quot;check&quot;&gt;&lt;/span&gt;&lt;span class=&quot;box&quot;&gt;&lt;/span&gt;31-50厘米&lt;/label&gt;&lt;/div&gt;&lt;div class=&quot;md-radio&quot;&gt;&lt;input type=&quot;radio&quot; id=&quot;rad7-c4969e80-5f81-6fe2-0b0c-91eb0944263a-3&quot; data-input-type=&quot;001&quot; data-ele-level=&quot;1&quot; data-statistical=&quot;&quot; name=&quot;radc4969e80-5f81-6fe2-0b0c-91eb0944263a&quot; value=&quot;3&quot; class=&quot;md-radiobtn&quot;&gt;&lt;label for=&quot;rad7-c4969e80-5f81-6fe2-0b0c-91eb0944263a-3&quot;&gt;&lt;span class=&quot;inc&quot;&gt;&lt;/span&gt;&lt;span class=&quot;check&quot;&gt;&lt;/span&gt;&lt;span class=&quot;box&quot;&gt;&lt;/span&gt;超过50厘米&lt;/label&gt;&lt;/div&gt;&lt;/div&gt;&lt;/div&gt;'),
('abe5ef79-8380-d6f1-7422-bd3f86a551b4', '93d66b26-555b-1eef-c66a-aa195f0e1778', 1, '001', '1,2', 5, NULL, '&lt;div class=&quot;form-group form-md-line-input form-md-radios quiz-input&quot;&gt;&lt;div class=&quot;md-radio-list&quot;&gt;&lt;p&gt;&lt;span class=&quot;quiz-ask-index&quot;&gt;5.&lt;/span&gt;孩子通常阅读的距离是多少(从眼睛到书本的距离)?&lt;/p&gt;&lt;div class=&quot;md-radio&quot;&gt;&lt;input type=&quot;radio&quot; id=&quot;rad5-ea9a317d-31f9-eabf-0eea-4d887ab2d2b7-0&quot; data-input-type=&quot;001&quot; data-ele-level=&quot;1&quot; data-statistical=&quot;&quot; name=&quot;radea9a317d-31f9-eabf-0eea-4d887ab2d2b7&quot; value=&quot;0&quot; class=&quot;md-radiobtn&quot;&gt;&lt;label for=&quot;rad5-ea9a317d-31f9-eabf-0eea-4d887ab2d2b7-0&quot;&gt;&lt;span class=&quot;inc&quot;&gt;&lt;/span&gt;&lt;span class=&quot;check&quot;&gt;&lt;/span&gt;&lt;span class=&quot;box&quot;&gt;&lt;/span&gt;少于10厘米&lt;/label&gt;&lt;/div&gt;&lt;div class=&quot;md-radio&quot;&gt;&lt;input type=&quot;radio&quot; id=&quot;rad5-ea9a317d-31f9-eabf-0eea-4d887ab2d2b7-1&quot; data-input-type=&quot;001&quot; data-ele-level=&quot;1&quot; data-statistical=&quot;&quot; name=&quot;radea9a317d-31f9-eabf-0eea-4d887ab2d2b7&quot; value=&quot;1&quot; class=&quot;md-radiobtn&quot;&gt;&lt;label for=&quot;rad5-ea9a317d-31f9-eabf-0eea-4d887ab2d2b7-1&quot;&gt;&lt;span class=&quot;inc&quot;&gt;&lt;/span&gt;&lt;span class=&quot;check&quot;&gt;&lt;/span&gt;&lt;span class=&quot;box&quot;&gt;&lt;/span&gt;11-20厘米&lt;/label&gt;&lt;/div&gt;&lt;div class=&quot;md-radio&quot;&gt;&lt;input type=&quot;radio&quot; id=&quot;rad5-ea9a317d-31f9-eabf-0eea-4d887ab2d2b7-2&quot; data-input-type=&quot;001&quot; data-ele-level=&quot;1&quot; data-statistical=&quot;&quot; name=&quot;radea9a317d-31f9-eabf-0eea-4d887ab2d2b7&quot; value=&quot;2&quot; class=&quot;md-radiobtn&quot;&gt;&lt;label for=&quot;rad5-ea9a317d-31f9-eabf-0eea-4d887ab2d2b7-2&quot;&gt;&lt;span class=&quot;inc&quot;&gt;&lt;/span&gt;&lt;span class=&quot;check&quot;&gt;&lt;/span&gt;&lt;span class=&quot;box&quot;&gt;&lt;/span&gt;21-30厘米&lt;/label&gt;&lt;/div&gt;&lt;div class=&quot;md-radio&quot;&gt;&lt;input type=&quot;radio&quot; id=&quot;rad5-ea9a317d-31f9-eabf-0eea-4d887ab2d2b7-3&quot; data-input-type=&quot;001&quot; data-ele-level=&quot;1&quot; data-statistical=&quot;&quot; name=&quot;radea9a317d-31f9-eabf-0eea-4d887ab2d2b7&quot; value=&quot;3&quot; class=&quot;md-radiobtn&quot;&gt;&lt;label for=&quot;rad5-ea9a317d-31f9-eabf-0eea-4d887ab2d2b7-3&quot;&gt;&lt;span class=&quot;inc&quot;&gt;&lt;/span&gt;&lt;span class=&quot;check&quot;&gt;&lt;/span&gt;&lt;span class=&quot;box&quot;&gt;&lt;/span&gt;超过30厘米&lt;/label&gt;&lt;/div&gt;&lt;/div&gt;&lt;/div&gt;'),
('b2b5adf9-c962-0841-9c24-cdbfdc7b34be', 'ddae44db-5cbb-9396-7c74-7aaef6e54969', 0, '001', '1,2', 4, NULL, '&lt;div class=&quot;form-group form-md-line-input form-md-radios quiz-input&quot;&gt;&lt;div class=&quot;md-radio-list&quot;&gt;&lt;p&gt;&lt;span class=&quot;quiz-ask-index&quot;&gt;4.&lt;/span&gt;如果他/她有用眼后休息的习惯，他/她通常使用什么方法放松眼睛?&lt;/p&gt;&lt;div class=&quot;md-checkbox&quot;&gt;&lt;input type=&quot;checkbox&quot; id=&quot;rad4-9a88a14a-bdf5-a41b-4495-e81d32a39d64-0&quot; data-input-type=&quot;002&quot; data-ele-level=&quot;1&quot; data-statistical=&quot;statistical&quot; name=&quot;rad9a88a14a-bdf5-a41b-4495-e81d32a39d64&quot; value=&quot;0&quot; class=&quot;md-check&quot;&gt;&lt;label for=&quot;rad4-9a88a14a-bdf5-a41b-4495-e81d32a39d64-0&quot;&gt;&lt;span class=&quot;inc&quot;&gt;&lt;/span&gt;&lt;span class=&quot;check&quot;&gt;&lt;/span&gt;&lt;span class=&quot;box&quot;&gt;&lt;/span&gt;远眺休息眼睛&lt;/label&gt;&lt;/div&gt;&lt;div class=&quot;md-checkbox&quot;&gt;&lt;input type=&quot;checkbox&quot; id=&quot;rad4-9a88a14a-bdf5-a41b-4495-e81d32a39d64-1&quot; data-input-type=&quot;002&quot; data-ele-level=&quot;1&quot; data-statistical=&quot;statistical&quot; name=&quot;rad9a88a14a-bdf5-a41b-4495-e81d32a39d64&quot; value=&quot;1&quot; class=&quot;md-check&quot;&gt;&lt;label for=&quot;rad4-9a88a14a-bdf5-a41b-4495-e81d32a39d64-1&quot;&gt;&lt;span class=&quot;inc&quot;&gt;&lt;/span&gt;&lt;span class=&quot;check&quot;&gt;&lt;/span&gt;&lt;span class=&quot;box&quot;&gt;&lt;/span&gt;轻微活动休息眼睛&lt;/label&gt;&lt;/div&gt;&lt;div class=&quot;md-checkbox&quot;&gt;&lt;input type=&quot;checkbox&quot; id=&quot;rad4-9a88a14a-bdf5-a41b-4495-e81d32a39d64-2&quot; data-input-type=&quot;002&quot; data-ele-level=&quot;1&quot; data-statistical=&quot;statistical&quot; name=&quot;rad9a88a14a-bdf5-a41b-4495-e81d32a39d64&quot; value=&quot;2&quot; class=&quot;md-check&quot;&gt;&lt;label for=&quot;rad4-9a88a14a-bdf5-a41b-4495-e81d32a39d64-2&quot;&gt;&lt;span class=&quot;inc&quot;&gt;&lt;/span&gt;&lt;span class=&quot;check&quot;&gt;&lt;/span&gt;&lt;span class=&quot;box&quot;&gt;&lt;/span&gt;交替望远望近休息眼睛&lt;/label&gt;&lt;/div&gt;&lt;div class=&quot;md-checkbox&quot;&gt;&lt;input type=&quot;checkbox&quot; id=&quot;rad4-9a88a14a-bdf5-a41b-4495-e81d32a39d64-3&quot; data-input-type=&quot;002&quot; data-ele-level=&quot;1&quot; data-statistical=&quot;statistical&quot; name=&quot;rad9a88a14a-bdf5-a41b-4495-e81d32a39d64&quot; value=&quot;3&quot; class=&quot;md-check&quot;&gt;&lt;label for=&quot;rad4-9a88a14a-bdf5-a41b-4495-e81d32a39d64-3&quot;&gt;&lt;span class=&quot;inc&quot;&gt;&lt;/span&gt;&lt;span class=&quot;check&quot;&gt;&lt;/span&gt;&lt;span class=&quot;box&quot;&gt;&lt;/span&gt;做眼保健操休息眼睛&lt;/label&gt;&lt;/div&gt;&lt;div class=&quot;md-checkbox&quot;&gt;&lt;input type=&quot;checkbox&quot; id=&quot;rad4-9a88a14a-bdf5-a41b-4495-e81d32a39d64-4&quot; data-input-type=&quot;002&quot; data-ele-level=&quot;1&quot; data-statistical=&quot;statistical&quot; name=&quot;rad9a88a14a-bdf5-a41b-4495-e81d32a39d64&quot; value=&quot;4&quot; class=&quot;md-check&quot;&gt;&lt;label for=&quot;rad4-9a88a14a-bdf5-a41b-4495-e81d32a39d64-4&quot;&gt;&lt;span class=&quot;inc&quot;&gt;&lt;/span&gt;&lt;span class=&quot;check&quot;&gt;&lt;/span&gt;&lt;span class=&quot;box&quot;&gt;&lt;/span&gt;闭目休息眼睛&lt;/label&gt;&lt;/div&gt;&lt;div class=&quot;md-checkbox&quot;&gt;&lt;input type=&quot;checkbox&quot; id=&quot;rad4-9a88a14a-bdf5-a41b-4495-e81d32a39d64-5&quot; data-input-type=&quot;002&quot; data-ele-level=&quot;1&quot; data-statistical=&quot;statistical&quot; name=&quot;rad9a88a14a-bdf5-a41b-4495-e81d32a39d64&quot; value=&quot;5&quot; class=&quot;md-check&quot;&gt;&lt;label for=&quot;rad4-9a88a14a-bdf5-a41b-4495-e81d32a39d64-5&quot;&gt;&lt;span class=&quot;inc&quot;&gt;&lt;/span&gt;&lt;span class=&quot;check&quot;&gt;&lt;/span&gt;&lt;span class=&quot;box&quot;&gt;&lt;/span&gt;户外活动休息眼睛&lt;/label&gt;&lt;/div&gt;&lt;div class=&quot;md-checkbox&quot;&gt;&lt;input type=&quot;checkbox&quot; id=&quot;rad4-9a88a14a-bdf5-a41b-4495-e81d32a39d64-8&quot; data-input-type=&quot;002&quot; data-ele-level=&quot;1&quot; data-statistical=&quot;statistical&quot; name=&quot;rad9a88a14a-bdf5-a41b-4495-e81d32a39d64&quot; value=&quot;8&quot; class=&quot;md-check&quot;&gt;&lt;label for=&quot;rad4-9a88a14a-bdf5-a41b-4495-e81d32a39d64-8&quot;&gt;&lt;span class=&quot;inc&quot;&gt;&lt;/span&gt;&lt;span class=&quot;check&quot;&gt;&lt;/span&gt;&lt;span class=&quot;box&quot;&gt;&lt;/span&gt;看绿色植物休息眼睛&lt;/label&gt;&lt;/div&gt;&lt;/div&gt;&lt;/div&gt;'),
('b30bebaf-675b-8d25-bdc1-ed14515ccca1', 'ddae44db-5cbb-9396-7c74-7aaef6e54969', 0, '001', '4,1', 12, NULL, '&lt;div class=&quot;form-group form-md-line-input form-md-radios quiz-input&quot;&gt;&lt;div class=&quot;md-radio-list&quot;&gt;&lt;p&gt;&lt;span class=&quot;quiz-ask-index&quot;&gt;12.&lt;/span&gt;您的孩子是否近视？&lt;/p&gt;&lt;div class=&quot;md-radio&quot;&gt;&lt;input type=&quot;radio&quot; id=&quot;rad13-0635e5b1-55c3-29e1-ad1c-1e25764188a6-0&quot; data-input-type=&quot;001&quot; data-ele-level=&quot;1&quot; data-statistical=&quot;statistical&quot; name=&quot;rad0635e5b1-55c3-29e1-ad1c-1e25764188a6&quot; value=&quot;0&quot; class=&quot;md-radiobtn&quot;&gt;&lt;label for=&quot;rad13-0635e5b1-55c3-29e1-ad1c-1e25764188a6-0&quot;&gt;&lt;span class=&quot;inc&quot;&gt;&lt;/span&gt;&lt;span class=&quot;check&quot;&gt;&lt;/span&gt;&lt;span class=&quot;box&quot;&gt;&lt;/span&gt;是&lt;/label&gt;&lt;/div&gt;&lt;div class=&quot;md-radio&quot;&gt;&lt;input type=&quot;radio&quot; id=&quot;rad13-0635e5b1-55c3-29e1-ad1c-1e25764188a6-1&quot; data-input-type=&quot;001&quot; data-ele-level=&quot;1&quot; data-statistical=&quot;statistical&quot; name=&quot;rad0635e5b1-55c3-29e1-ad1c-1e25764188a6&quot; value=&quot;1&quot; class=&quot;md-radiobtn&quot;&gt;&lt;label for=&quot;rad13-0635e5b1-55c3-29e1-ad1c-1e25764188a6-1&quot;&gt;&lt;span class=&quot;inc&quot;&gt;&lt;/span&gt;&lt;span class=&quot;check&quot;&gt;&lt;/span&gt;&lt;span class=&quot;box&quot;&gt;&lt;/span&gt;否&lt;/label&gt;&lt;/div&gt;&lt;div class=&quot;md-radio&quot;&gt;&lt;input type=&quot;radio&quot; id=&quot;rad13-0635e5b1-55c3-29e1-ad1c-1e25764188a6-2&quot; data-input-type=&quot;001&quot; data-ele-level=&quot;1&quot; data-statistical=&quot;statistical&quot; name=&quot;rad0635e5b1-55c3-29e1-ad1c-1e25764188a6&quot; value=&quot;2&quot; class=&quot;md-radiobtn&quot;&gt;&lt;label for=&quot;rad13-0635e5b1-55c3-29e1-ad1c-1e25764188a6-2&quot;&gt;&lt;span class=&quot;inc&quot;&gt;&lt;/span&gt;&lt;span class=&quot;check&quot;&gt;&lt;/span&gt;&lt;span class=&quot;box&quot;&gt;&lt;/span&gt;不清楚&lt;/label&gt;&lt;/div&gt;&lt;/div&gt;&lt;/div&gt;');
INSERT INTO `quiz_ask` (`askID`, `quizID`, `templateFlag`, `askType`, `pageCode`, `askIndex`, `askTitle`, `askContent`) VALUES
('c7d9d4c4-9137-900c-9cd8-3d941ba8e82e', '00ce5773-1f4f-3007-6d2b-170e90a2df46', 0, '001', '1,2', 6, NULL, '&lt;div class=&quot;form-group form-md-line-input form-md-radios quiz-input&quot;&gt;&lt;div class=&quot;md-radio-list&quot;&gt;&lt;p&gt;&lt;span class=&quot;quiz-ask-index&quot;&gt;6.&lt;/span&gt;孩子通常看电视的距离是多少(从眼睛到电视的距离)?&lt;/p&gt;&lt;div class=&quot;md-radio&quot;&gt;&lt;input type=&quot;radio&quot; id=&quot;rad6-93900683-bca1-aefe-be1c-f0bf3b26e8a4-0&quot; data-input-type=&quot;001&quot; data-ele-level=&quot;1&quot; data-statistical=&quot;&quot; name=&quot;rad93900683-bca1-aefe-be1c-f0bf3b26e8a4&quot; value=&quot;0&quot; class=&quot;md-radiobtn&quot;&gt;&lt;label for=&quot;rad6-93900683-bca1-aefe-be1c-f0bf3b26e8a4-0&quot;&gt;&lt;span class=&quot;inc&quot;&gt;&lt;/span&gt;&lt;span class=&quot;check&quot;&gt;&lt;/span&gt;&lt;span class=&quot;box&quot;&gt;&lt;/span&gt;少于1米&lt;/label&gt;&lt;/div&gt;&lt;div class=&quot;md-radio&quot;&gt;&lt;input type=&quot;radio&quot; id=&quot;rad6-93900683-bca1-aefe-be1c-f0bf3b26e8a4-1&quot; data-input-type=&quot;001&quot; data-ele-level=&quot;1&quot; data-statistical=&quot;&quot; name=&quot;rad93900683-bca1-aefe-be1c-f0bf3b26e8a4&quot; value=&quot;1&quot; class=&quot;md-radiobtn&quot;&gt;&lt;label for=&quot;rad6-93900683-bca1-aefe-be1c-f0bf3b26e8a4-1&quot;&gt;&lt;span class=&quot;inc&quot;&gt;&lt;/span&gt;&lt;span class=&quot;check&quot;&gt;&lt;/span&gt;&lt;span class=&quot;box&quot;&gt;&lt;/span&gt;1-2米&lt;/label&gt;&lt;/div&gt;&lt;div class=&quot;md-radio&quot;&gt;&lt;input type=&quot;radio&quot; id=&quot;rad6-93900683-bca1-aefe-be1c-f0bf3b26e8a4-2&quot; data-input-type=&quot;001&quot; data-ele-level=&quot;1&quot; data-statistical=&quot;&quot; name=&quot;rad93900683-bca1-aefe-be1c-f0bf3b26e8a4&quot; value=&quot;2&quot; class=&quot;md-radiobtn&quot;&gt;&lt;label for=&quot;rad6-93900683-bca1-aefe-be1c-f0bf3b26e8a4-2&quot;&gt;&lt;span class=&quot;inc&quot;&gt;&lt;/span&gt;&lt;span class=&quot;check&quot;&gt;&lt;/span&gt;&lt;span class=&quot;box&quot;&gt;&lt;/span&gt;2-3米&lt;/label&gt;&lt;/div&gt;&lt;div class=&quot;md-radio&quot;&gt;&lt;input type=&quot;radio&quot; id=&quot;rad6-93900683-bca1-aefe-be1c-f0bf3b26e8a4-3&quot; data-input-type=&quot;001&quot; data-ele-level=&quot;1&quot; data-statistical=&quot;&quot; name=&quot;rad93900683-bca1-aefe-be1c-f0bf3b26e8a4&quot; value=&quot;3&quot; class=&quot;md-radiobtn&quot;&gt;&lt;label for=&quot;rad6-93900683-bca1-aefe-be1c-f0bf3b26e8a4-3&quot;&gt;&lt;span class=&quot;inc&quot;&gt;&lt;/span&gt;&lt;span class=&quot;check&quot;&gt;&lt;/span&gt;&lt;span class=&quot;box&quot;&gt;&lt;/span&gt;超过3米&lt;/label&gt;&lt;/div&gt;&lt;/div&gt;&lt;/div&gt;'),
('cc56a6f0-8e62-d390-9c55-91bc71cdc7c8', '93d66b26-555b-1eef-c66a-aa195f0e1778', 1, '001', '2,2', 11, NULL, '&lt;div class=&quot;form-group form-md-line-input form-md-radios quiz-input&quot;&gt;&lt;div class=&quot;md-radio-list&quot;&gt;&lt;p&gt;&lt;span class=&quot;quiz-ask-index&quot;&gt;11.&lt;/span&gt;孩子读写时，照明充足的频率?&lt;/p&gt;&lt;div class=&quot;md-radio&quot;&gt;&lt;input type=&quot;radio&quot; id=&quot;rad11-874a5688-007a-585d-cccc-34bbe0996c06-0&quot; data-input-type=&quot;001&quot; data-ele-level=&quot;1&quot; data-statistical=&quot;&quot; name=&quot;rad874a5688-007a-585d-cccc-34bbe0996c06&quot; value=&quot;0&quot; class=&quot;md-radiobtn&quot;&gt;&lt;label for=&quot;rad11-874a5688-007a-585d-cccc-34bbe0996c06-0&quot;&gt;&lt;span class=&quot;inc&quot;&gt;&lt;/span&gt;&lt;span class=&quot;check&quot;&gt;&lt;/span&gt;&lt;span class=&quot;box&quot;&gt;&lt;/span&gt;从不&lt;/label&gt;&lt;/div&gt;&lt;div class=&quot;md-radio&quot;&gt;&lt;input type=&quot;radio&quot; id=&quot;rad11-874a5688-007a-585d-cccc-34bbe0996c06-1&quot; data-input-type=&quot;001&quot; data-ele-level=&quot;1&quot; data-statistical=&quot;&quot; name=&quot;rad874a5688-007a-585d-cccc-34bbe0996c06&quot; value=&quot;1&quot; class=&quot;md-radiobtn&quot;&gt;&lt;label for=&quot;rad11-874a5688-007a-585d-cccc-34bbe0996c06-1&quot;&gt;&lt;span class=&quot;inc&quot;&gt;&lt;/span&gt;&lt;span class=&quot;check&quot;&gt;&lt;/span&gt;&lt;span class=&quot;box&quot;&gt;&lt;/span&gt;偶尔&lt;/label&gt;&lt;/div&gt;&lt;div class=&quot;md-radio&quot;&gt;&lt;input type=&quot;radio&quot; id=&quot;rad11-874a5688-007a-585d-cccc-34bbe0996c06-2&quot; data-input-type=&quot;001&quot; data-ele-level=&quot;1&quot; data-statistical=&quot;&quot; name=&quot;rad874a5688-007a-585d-cccc-34bbe0996c06&quot; value=&quot;2&quot; class=&quot;md-radiobtn&quot;&gt;&lt;label for=&quot;rad11-874a5688-007a-585d-cccc-34bbe0996c06-2&quot;&gt;&lt;span class=&quot;inc&quot;&gt;&lt;/span&gt;&lt;span class=&quot;check&quot;&gt;&lt;/span&gt;&lt;span class=&quot;box&quot;&gt;&lt;/span&gt;经常&lt;/label&gt;&lt;/div&gt;&lt;div class=&quot;md-radio&quot;&gt;&lt;input type=&quot;radio&quot; id=&quot;rad11-874a5688-007a-585d-cccc-34bbe0996c06-3&quot; data-input-type=&quot;001&quot; data-ele-level=&quot;1&quot; data-statistical=&quot;&quot; name=&quot;rad874a5688-007a-585d-cccc-34bbe0996c06&quot; value=&quot;3&quot; class=&quot;md-radiobtn&quot;&gt;&lt;label for=&quot;rad11-874a5688-007a-585d-cccc-34bbe0996c06-3&quot;&gt;&lt;span class=&quot;inc&quot;&gt;&lt;/span&gt;&lt;span class=&quot;check&quot;&gt;&lt;/span&gt;&lt;span class=&quot;box&quot;&gt;&lt;/span&gt;总是&lt;/label&gt;&lt;/div&gt;&lt;/div&gt;&lt;/div&gt;'),
('df37f607-7e0c-f45f-9045-b813aad9210c', '93d66b26-555b-1eef-c66a-aa195f0e1778', 1, '001', '1,2', 4, NULL, '&lt;div class=&quot;form-group form-md-line-input form-md-radios quiz-input&quot;&gt;&lt;div class=&quot;md-radio-list&quot;&gt;&lt;p&gt;&lt;span class=&quot;quiz-ask-index&quot;&gt;4.&lt;/span&gt;如果他/她有用眼后休息的习惯，他/她通常使用什么方法放松眼睛?&lt;/p&gt;&lt;div class=&quot;md-checkbox&quot;&gt;&lt;input type=&quot;checkbox&quot; id=&quot;rad4-e85188c8-fa3b-47c9-7d39-bd4bf0bd43a7-0&quot; data-input-type=&quot;002&quot; data-ele-level=&quot;1&quot; data-statistical=&quot;statistical&quot; name=&quot;rade85188c8-fa3b-47c9-7d39-bd4bf0bd43a7&quot; value=&quot;0&quot; class=&quot;md-check&quot;&gt;&lt;label for=&quot;rad4-e85188c8-fa3b-47c9-7d39-bd4bf0bd43a7-0&quot;&gt;&lt;span class=&quot;inc&quot;&gt;&lt;/span&gt;&lt;span class=&quot;check&quot;&gt;&lt;/span&gt;&lt;span class=&quot;box&quot;&gt;&lt;/span&gt;远眺休息眼睛&lt;/label&gt;&lt;/div&gt;&lt;div class=&quot;md-checkbox&quot;&gt;&lt;input type=&quot;checkbox&quot; id=&quot;rad4-e85188c8-fa3b-47c9-7d39-bd4bf0bd43a7-1&quot; data-input-type=&quot;002&quot; data-ele-level=&quot;1&quot; data-statistical=&quot;statistical&quot; name=&quot;rade85188c8-fa3b-47c9-7d39-bd4bf0bd43a7&quot; value=&quot;1&quot; class=&quot;md-check&quot;&gt;&lt;label for=&quot;rad4-e85188c8-fa3b-47c9-7d39-bd4bf0bd43a7-1&quot;&gt;&lt;span class=&quot;inc&quot;&gt;&lt;/span&gt;&lt;span class=&quot;check&quot;&gt;&lt;/span&gt;&lt;span class=&quot;box&quot;&gt;&lt;/span&gt;轻微活动休息眼睛&lt;/label&gt;&lt;/div&gt;&lt;div class=&quot;md-checkbox&quot;&gt;&lt;input type=&quot;checkbox&quot; id=&quot;rad4-e85188c8-fa3b-47c9-7d39-bd4bf0bd43a7-2&quot; data-input-type=&quot;002&quot; data-ele-level=&quot;1&quot; data-statistical=&quot;statistical&quot; name=&quot;rade85188c8-fa3b-47c9-7d39-bd4bf0bd43a7&quot; value=&quot;2&quot; class=&quot;md-check&quot;&gt;&lt;label for=&quot;rad4-e85188c8-fa3b-47c9-7d39-bd4bf0bd43a7-2&quot;&gt;&lt;span class=&quot;inc&quot;&gt;&lt;/span&gt;&lt;span class=&quot;check&quot;&gt;&lt;/span&gt;&lt;span class=&quot;box&quot;&gt;&lt;/span&gt;交替望远望近休息眼睛&lt;/label&gt;&lt;/div&gt;&lt;div class=&quot;md-checkbox&quot;&gt;&lt;input type=&quot;checkbox&quot; id=&quot;rad4-e85188c8-fa3b-47c9-7d39-bd4bf0bd43a7-3&quot; data-input-type=&quot;002&quot; data-ele-level=&quot;1&quot; data-statistical=&quot;statistical&quot; name=&quot;rade85188c8-fa3b-47c9-7d39-bd4bf0bd43a7&quot; value=&quot;3&quot; class=&quot;md-check&quot;&gt;&lt;label for=&quot;rad4-e85188c8-fa3b-47c9-7d39-bd4bf0bd43a7-3&quot;&gt;&lt;span class=&quot;inc&quot;&gt;&lt;/span&gt;&lt;span class=&quot;check&quot;&gt;&lt;/span&gt;&lt;span class=&quot;box&quot;&gt;&lt;/span&gt;做眼保健操休息眼睛&lt;/label&gt;&lt;/div&gt;&lt;div class=&quot;md-checkbox&quot;&gt;&lt;input type=&quot;checkbox&quot; id=&quot;rad4-e85188c8-fa3b-47c9-7d39-bd4bf0bd43a7-4&quot; data-input-type=&quot;002&quot; data-ele-level=&quot;1&quot; data-statistical=&quot;statistical&quot; name=&quot;rade85188c8-fa3b-47c9-7d39-bd4bf0bd43a7&quot; value=&quot;4&quot; class=&quot;md-check&quot;&gt;&lt;label for=&quot;rad4-e85188c8-fa3b-47c9-7d39-bd4bf0bd43a7-4&quot;&gt;&lt;span class=&quot;inc&quot;&gt;&lt;/span&gt;&lt;span class=&quot;check&quot;&gt;&lt;/span&gt;&lt;span class=&quot;box&quot;&gt;&lt;/span&gt;闭目休息眼睛&lt;/label&gt;&lt;/div&gt;&lt;div class=&quot;md-checkbox&quot;&gt;&lt;input type=&quot;checkbox&quot; id=&quot;rad4-e85188c8-fa3b-47c9-7d39-bd4bf0bd43a7-5&quot; data-input-type=&quot;002&quot; data-ele-level=&quot;1&quot; data-statistical=&quot;statistical&quot; name=&quot;rade85188c8-fa3b-47c9-7d39-bd4bf0bd43a7&quot; value=&quot;5&quot; class=&quot;md-check&quot;&gt;&lt;label for=&quot;rad4-e85188c8-fa3b-47c9-7d39-bd4bf0bd43a7-5&quot;&gt;&lt;span class=&quot;inc&quot;&gt;&lt;/span&gt;&lt;span class=&quot;check&quot;&gt;&lt;/span&gt;&lt;span class=&quot;box&quot;&gt;&lt;/span&gt;户外活动休息眼睛&lt;/label&gt;&lt;/div&gt;&lt;div class=&quot;md-checkbox&quot;&gt;&lt;input type=&quot;checkbox&quot; id=&quot;rad4-e85188c8-fa3b-47c9-7d39-bd4bf0bd43a7-8&quot; data-input-type=&quot;002&quot; data-ele-level=&quot;1&quot; data-statistical=&quot;statistical&quot; name=&quot;rade85188c8-fa3b-47c9-7d39-bd4bf0bd43a7&quot; value=&quot;8&quot; class=&quot;md-check&quot;&gt;&lt;label for=&quot;rad4-e85188c8-fa3b-47c9-7d39-bd4bf0bd43a7-8&quot;&gt;&lt;span class=&quot;inc&quot;&gt;&lt;/span&gt;&lt;span class=&quot;check&quot;&gt;&lt;/span&gt;&lt;span class=&quot;box&quot;&gt;&lt;/span&gt;看绿色植物休息眼睛&lt;/label&gt;&lt;/div&gt;&lt;/div&gt;&lt;/div&gt;'),
('e566e989-65fd-f8b2-1679-ebe41475503d', '00ce5773-1f4f-3007-6d2b-170e90a2df46', 0, '001', '1,2', 4, NULL, '&lt;div class=&quot;form-group form-md-line-input form-md-radios quiz-input&quot;&gt;&lt;div class=&quot;md-radio-list&quot;&gt;&lt;p&gt;&lt;span class=&quot;quiz-ask-index&quot;&gt;4.&lt;/span&gt;如果他/她有用眼后休息的习惯，他/她通常使用什么方法放松眼睛?&lt;/p&gt;&lt;div class=&quot;md-checkbox&quot;&gt;&lt;input type=&quot;checkbox&quot; id=&quot;rad4-7b4df87c-dbb7-7ccd-eb36-ed00a20c718b-0&quot; data-input-type=&quot;002&quot; data-ele-level=&quot;1&quot; data-statistical=&quot;statistical&quot; name=&quot;rad7b4df87c-dbb7-7ccd-eb36-ed00a20c718b&quot; value=&quot;0&quot; class=&quot;md-check&quot; data-statistical-name=&quot;眼睛放松方式&quot;&gt;&lt;label for=&quot;rad4-7b4df87c-dbb7-7ccd-eb36-ed00a20c718b-0&quot;&gt;&lt;span class=&quot;inc&quot;&gt;&lt;/span&gt;&lt;span class=&quot;check&quot;&gt;&lt;/span&gt;&lt;span class=&quot;box&quot;&gt;&lt;/span&gt;远眺休息眼睛&lt;/label&gt;&lt;/div&gt;&lt;div class=&quot;md-checkbox&quot;&gt;&lt;input type=&quot;checkbox&quot; id=&quot;rad4-7b4df87c-dbb7-7ccd-eb36-ed00a20c718b-1&quot; data-input-type=&quot;002&quot; data-ele-level=&quot;1&quot; data-statistical=&quot;statistical&quot; name=&quot;rad7b4df87c-dbb7-7ccd-eb36-ed00a20c718b&quot; value=&quot;1&quot; class=&quot;md-check&quot; data-statistical-name=&quot;眼睛放松方式&quot;&gt;&lt;label for=&quot;rad4-7b4df87c-dbb7-7ccd-eb36-ed00a20c718b-1&quot;&gt;&lt;span class=&quot;inc&quot;&gt;&lt;/span&gt;&lt;span class=&quot;check&quot;&gt;&lt;/span&gt;&lt;span class=&quot;box&quot;&gt;&lt;/span&gt;轻微活动休息眼睛&lt;/label&gt;&lt;/div&gt;&lt;div class=&quot;md-checkbox&quot;&gt;&lt;input type=&quot;checkbox&quot; id=&quot;rad4-7b4df87c-dbb7-7ccd-eb36-ed00a20c718b-2&quot; data-input-type=&quot;002&quot; data-ele-level=&quot;1&quot; data-statistical=&quot;statistical&quot; name=&quot;rad7b4df87c-dbb7-7ccd-eb36-ed00a20c718b&quot; value=&quot;2&quot; class=&quot;md-check&quot; data-statistical-name=&quot;眼睛放松方式&quot;&gt;&lt;label for=&quot;rad4-7b4df87c-dbb7-7ccd-eb36-ed00a20c718b-2&quot;&gt;&lt;span class=&quot;inc&quot;&gt;&lt;/span&gt;&lt;span class=&quot;check&quot;&gt;&lt;/span&gt;&lt;span class=&quot;box&quot;&gt;&lt;/span&gt;交替望远望近休息眼睛&lt;/label&gt;&lt;/div&gt;&lt;div class=&quot;md-checkbox&quot;&gt;&lt;input type=&quot;checkbox&quot; id=&quot;rad4-7b4df87c-dbb7-7ccd-eb36-ed00a20c718b-3&quot; data-input-type=&quot;002&quot; data-ele-level=&quot;1&quot; data-statistical=&quot;statistical&quot; name=&quot;rad7b4df87c-dbb7-7ccd-eb36-ed00a20c718b&quot; value=&quot;3&quot; class=&quot;md-check&quot; data-statistical-name=&quot;眼睛放松方式&quot;&gt;&lt;label for=&quot;rad4-7b4df87c-dbb7-7ccd-eb36-ed00a20c718b-3&quot;&gt;&lt;span class=&quot;inc&quot;&gt;&lt;/span&gt;&lt;span class=&quot;check&quot;&gt;&lt;/span&gt;&lt;span class=&quot;box&quot;&gt;&lt;/span&gt;做眼保健操休息眼睛&lt;/label&gt;&lt;/div&gt;&lt;div class=&quot;md-checkbox&quot;&gt;&lt;input type=&quot;checkbox&quot; id=&quot;rad4-7b4df87c-dbb7-7ccd-eb36-ed00a20c718b-4&quot; data-input-type=&quot;002&quot; data-ele-level=&quot;1&quot; data-statistical=&quot;statistical&quot; name=&quot;rad7b4df87c-dbb7-7ccd-eb36-ed00a20c718b&quot; value=&quot;4&quot; class=&quot;md-check&quot; data-statistical-name=&quot;眼睛放松方式&quot;&gt;&lt;label for=&quot;rad4-7b4df87c-dbb7-7ccd-eb36-ed00a20c718b-4&quot;&gt;&lt;span class=&quot;inc&quot;&gt;&lt;/span&gt;&lt;span class=&quot;check&quot;&gt;&lt;/span&gt;&lt;span class=&quot;box&quot;&gt;&lt;/span&gt;闭目休息眼睛&lt;/label&gt;&lt;/div&gt;&lt;div class=&quot;md-checkbox&quot;&gt;&lt;input type=&quot;checkbox&quot; id=&quot;rad4-7b4df87c-dbb7-7ccd-eb36-ed00a20c718b-5&quot; data-input-type=&quot;002&quot; data-ele-level=&quot;1&quot; data-statistical=&quot;statistical&quot; name=&quot;rad7b4df87c-dbb7-7ccd-eb36-ed00a20c718b&quot; value=&quot;5&quot; class=&quot;md-check&quot; data-statistical-name=&quot;眼睛放松方式&quot;&gt;&lt;label for=&quot;rad4-7b4df87c-dbb7-7ccd-eb36-ed00a20c718b-5&quot;&gt;&lt;span class=&quot;inc&quot;&gt;&lt;/span&gt;&lt;span class=&quot;check&quot;&gt;&lt;/span&gt;&lt;span class=&quot;box&quot;&gt;&lt;/span&gt;户外活动休息眼睛&lt;/label&gt;&lt;/div&gt;&lt;div class=&quot;md-checkbox&quot;&gt;&lt;input type=&quot;checkbox&quot; id=&quot;rad4-7b4df87c-dbb7-7ccd-eb36-ed00a20c718b-8&quot; data-input-type=&quot;002&quot; data-ele-level=&quot;1&quot; data-statistical=&quot;statistical&quot; name=&quot;rad7b4df87c-dbb7-7ccd-eb36-ed00a20c718b&quot; value=&quot;8&quot; class=&quot;md-check&quot; data-statistical-name=&quot;眼睛放松方式&quot;&gt;&lt;label for=&quot;rad4-7b4df87c-dbb7-7ccd-eb36-ed00a20c718b-8&quot;&gt;&lt;span class=&quot;inc&quot;&gt;&lt;/span&gt;&lt;span class=&quot;check&quot;&gt;&lt;/span&gt;&lt;span class=&quot;box&quot;&gt;&lt;/span&gt;看绿色植物休息眼睛&lt;/label&gt;&lt;/div&gt;&lt;/div&gt;&lt;/div&gt;'),
('e83cb158-83b4-a004-e4d5-ecfeda902fe5', '00ce5773-1f4f-3007-6d2b-170e90a2df46', 0, '001', '2,1', 9, NULL, '&lt;div class=&quot;form-group form-md-line-input form-md-radios quiz-input&quot;&gt;&lt;div class=&quot;md-radio-list&quot;&gt;&lt;p&gt;&lt;span class=&quot;quiz-ask-index&quot;&gt;9.&lt;/span&gt;孩子仰躺着看书的频率?&lt;/p&gt;&lt;div class=&quot;md-radio&quot;&gt;&lt;input type=&quot;radio&quot; id=&quot;rad9-37519809-e9d6-a9f3-961b-1a8c75b301bd-0&quot; data-input-type=&quot;001&quot; data-ele-level=&quot;1&quot; data-statistical=&quot;&quot; name=&quot;rad37519809-e9d6-a9f3-961b-1a8c75b301bd&quot; value=&quot;0&quot; class=&quot;md-radiobtn&quot;&gt;&lt;label for=&quot;rad9-37519809-e9d6-a9f3-961b-1a8c75b301bd-0&quot;&gt;&lt;span class=&quot;inc&quot;&gt;&lt;/span&gt;&lt;span class=&quot;check&quot;&gt;&lt;/span&gt;&lt;span class=&quot;box&quot;&gt;&lt;/span&gt;从不&lt;/label&gt;&lt;/div&gt;&lt;div class=&quot;md-radio&quot;&gt;&lt;input type=&quot;radio&quot; id=&quot;rad9-37519809-e9d6-a9f3-961b-1a8c75b301bd-1&quot; data-input-type=&quot;001&quot; data-ele-level=&quot;1&quot; data-statistical=&quot;&quot; name=&quot;rad37519809-e9d6-a9f3-961b-1a8c75b301bd&quot; value=&quot;1&quot; class=&quot;md-radiobtn&quot;&gt;&lt;label for=&quot;rad9-37519809-e9d6-a9f3-961b-1a8c75b301bd-1&quot;&gt;&lt;span class=&quot;inc&quot;&gt;&lt;/span&gt;&lt;span class=&quot;check&quot;&gt;&lt;/span&gt;&lt;span class=&quot;box&quot;&gt;&lt;/span&gt;偶尔&lt;/label&gt;&lt;/div&gt;&lt;div class=&quot;md-radio&quot;&gt;&lt;input type=&quot;radio&quot; id=&quot;rad9-37519809-e9d6-a9f3-961b-1a8c75b301bd-2&quot; data-input-type=&quot;001&quot; data-ele-level=&quot;1&quot; data-statistical=&quot;&quot; name=&quot;rad37519809-e9d6-a9f3-961b-1a8c75b301bd&quot; value=&quot;2&quot; class=&quot;md-radiobtn&quot;&gt;&lt;label for=&quot;rad9-37519809-e9d6-a9f3-961b-1a8c75b301bd-2&quot;&gt;&lt;span class=&quot;inc&quot;&gt;&lt;/span&gt;&lt;span class=&quot;check&quot;&gt;&lt;/span&gt;&lt;span class=&quot;box&quot;&gt;&lt;/span&gt;经常&lt;/label&gt;&lt;/div&gt;&lt;div class=&quot;md-radio&quot;&gt;&lt;input type=&quot;radio&quot; id=&quot;rad9-37519809-e9d6-a9f3-961b-1a8c75b301bd-3&quot; data-input-type=&quot;001&quot; data-ele-level=&quot;1&quot; data-statistical=&quot;&quot; name=&quot;rad37519809-e9d6-a9f3-961b-1a8c75b301bd&quot; value=&quot;3&quot; class=&quot;md-radiobtn&quot;&gt;&lt;label for=&quot;rad9-37519809-e9d6-a9f3-961b-1a8c75b301bd-3&quot;&gt;&lt;span class=&quot;inc&quot;&gt;&lt;/span&gt;&lt;span class=&quot;check&quot;&gt;&lt;/span&gt;&lt;span class=&quot;box&quot;&gt;&lt;/span&gt;总是&lt;/label&gt;&lt;/div&gt;&lt;/div&gt;&lt;/div&gt;');

-- --------------------------------------------------------

--
-- 表的结构 `quiz_ask_elements`
--

CREATE TABLE `quiz_ask_elements` (
  `elementID` varchar(50) NOT NULL,
  `askID` varchar(36) NOT NULL,
  `quizID` varchar(36) NOT NULL,
  `elementType` varchar(3) NOT NULL,
  `elementLevel` varchar(4) NOT NULL,
  `statisticalFlag` tinyint(4) NOT NULL
) ENGINE=InnoDB DEFAULT CHARSET=utf8;

--
-- 转存表中的数据 `quiz_ask_elements`
--

INSERT INTO `quiz_ask_elements` (`elementID`, `askID`, `quizID`, `elementType`, `elementLevel`, `statisticalFlag`) VALUES
('rad0171dc6e-fe28-6a18-cd21-7b0a34cf48fc', '943ee992-a17a-b988-828e-c629b9b9ec5f', '93d66b26-555b-1eef-c66a-aa195f0e1778', '001', '1', 0),
('rad03d73494-2015-6824-fa66-0058e6699681', '7d8a73a9-f969-5873-fab9-a55a049335ca', '93d66b26-555b-1eef-c66a-aa195f0e1778', '001', '1', 0),
('rad0635e5b1-55c3-29e1-ad1c-1e25764188a6', 'b30bebaf-675b-8d25-bdc1-ed14515ccca1', 'ddae44db-5cbb-9396-7c74-7aaef6e54969', '001', '1', 1),
('rad2131f5b5-f094-248b-586b-0ac26f2e9a3c', '4721c7c9-957d-eb74-04d1-bf0a47e60f76', '00ce5773-1f4f-3007-6d2b-170e90a2df46', '001', '1', 0),
('rad2e79ae09-eb70-d724-0370-fe83ae5a429c', '91002316-00c9-9553-e567-f0f07f75ac58', '00ce5773-1f4f-3007-6d2b-170e90a2df46', '001', '1', 0),
('rad37519809-e9d6-a9f3-961b-1a8c75b301bd', 'e83cb158-83b4-a004-e4d5-ecfeda902fe5', '00ce5773-1f4f-3007-6d2b-170e90a2df46', '001', '1', 0),
('rad3d3fb95a-2adb-3048-b15e-6077dd17973e', '145beece-5eac-533e-91b6-f23ac8bf46fe', '00ce5773-1f4f-3007-6d2b-170e90a2df46', '001', '1', 0),
('rad3e59c80c-f82a-d0f2-21cc-231ab7184247', '0862fb95-230a-467c-c13a-8a2e19de9600', '93d66b26-555b-1eef-c66a-aa195f0e1778', '001', '1', 0),
('rad439643f6-89be-599c-d173-d8808902d3c5', '9ae5d237-cbc8-9749-5437-84426c6da284', '00ce5773-1f4f-3007-6d2b-170e90a2df46', '001', '1', 1),
('rad474bca01-e477-99b5-27f3-66d5ac270a60', '039370e3-e2f6-b813-7ec7-7e0b844ddb4b', '00ce5773-1f4f-3007-6d2b-170e90a2df46', '001', '1', 1),
('rad50269a41-1fbb-7994-4d99-9bd71af4ed76', '04cb6533-f92c-d08c-aeb1-70218a08a1c8', 'ddae44db-5cbb-9396-7c74-7aaef6e54969', '001', '1', 0),
('rad50bcbd69-8799-bbb8-2c19-357286019fd7', '275ccc70-540b-c557-79ac-2f9b4328f716', '93d66b26-555b-1eef-c66a-aa195f0e1778', '001', '1', 0),
('rad57a13880-3648-803b-6330-4aa88557f00f', '5c248967-6402-2fc0-4408-4b46e0dff4ef', 'ddae44db-5cbb-9396-7c74-7aaef6e54969', '001', '1', 0),
('rad70450ee3-2e5b-7f10-462b-96e4b0b9c5a7', '874840e2-bc6d-0c01-670d-f4dd459aa43e', 'ddae44db-5cbb-9396-7c74-7aaef6e54969', '001', '1', 0),
('rad7102f42c-a918-6355-ac77-19d4f038779f', '075e705d-4058-8754-ffd7-3f2439d912cd', 'ddae44db-5cbb-9396-7c74-7aaef6e54969', '001', '1', 0),
('rad7b4df87c-dbb7-7ccd-eb36-ed00a20c718b', 'e566e989-65fd-f8b2-1679-ebe41475503d', '00ce5773-1f4f-3007-6d2b-170e90a2df46', '002', '1', 1),
('rad7e66191b-516b-a106-bfa3-04e544492a3b', '699465b7-0fae-7310-487a-8d4cd6f5fd5e', 'ddae44db-5cbb-9396-7c74-7aaef6e54969', '001', '1', 0),
('rad7fc0127f-d93f-914e-bb91-ea62b458f9f9', '9c705ae0-d36e-3de9-138c-4e782190eb18', '00ce5773-1f4f-3007-6d2b-170e90a2df46', '001', '1', 0),
('rad874a5688-007a-585d-cccc-34bbe0996c06', 'cc56a6f0-8e62-d390-9c55-91bc71cdc7c8', '93d66b26-555b-1eef-c66a-aa195f0e1778', '001', '1', 0),
('rad8fb2a3e6-ea08-55da-01cb-0892284efe7a', '189977b2-eb8a-a729-da42-d252c7c0c931', 'ddae44db-5cbb-9396-7c74-7aaef6e54969', '001', '1', 1),
('rad93900683-bca1-aefe-be1c-f0bf3b26e8a4', 'c7d9d4c4-9137-900c-9cd8-3d941ba8e82e', '00ce5773-1f4f-3007-6d2b-170e90a2df46', '001', '1', 0),
('rad97773538-a5ad-0c88-4b8e-d015853c78ab', '34a3a34e-f79b-393f-2a4b-0c5125555ba6', '93d66b26-555b-1eef-c66a-aa195f0e1778', '001', '1', 0),
('rad9a88a14a-bdf5-a41b-4495-e81d32a39d64', 'b2b5adf9-c962-0841-9c24-cdbfdc7b34be', 'ddae44db-5cbb-9396-7c74-7aaef6e54969', '002', '1', 1),
('radb2569683-626d-7439-d92d-9bd9e7e3f4f1', '91f0aa09-b678-3b4b-7a49-5fbae4962a81', '93d66b26-555b-1eef-c66a-aa195f0e1778', '001', '1', 0),
('radc4969e80-5f81-6fe2-0b0c-91eb0944263a', 'a8b0d253-acda-7338-476e-b40c1bb3c5f5', 'ddae44db-5cbb-9396-7c74-7aaef6e54969', '001', '1', 0),
('radc797a541-2c01-03bd-0500-e390bbe83822', '6a1fe386-2add-0f8b-661c-de506d475b21', '00ce5773-1f4f-3007-6d2b-170e90a2df46', '001', '1', 0),
('radc91e1090-11f6-3208-c57f-cf560103d6ce', '5bc2c341-5b4b-b3a8-b208-1aba371a6f4f', '00ce5773-1f4f-3007-6d2b-170e90a2df46', '001', '1', 0),
('radc9422eea-de86-ee8a-32a0-41da9fd496f2', '2de91bce-edf7-8e1c-05a5-dc9874581333', 'ddae44db-5cbb-9396-7c74-7aaef6e54969', '001', '1', 0),
('radccf7949f-a2ec-1a99-f032-78be709a779d', '7511594b-1716-91fc-9a3e-805eeedb5a55', 'ddae44db-5cbb-9396-7c74-7aaef6e54969', '001', '1', 0),
('radd1909e28-1f08-847c-8639-553f5de89ff1', '268e03a4-1556-4404-c70f-625cfd2fe9aa', '93d66b26-555b-1eef-c66a-aa195f0e1778', '001', '1', 0),
('radd8e435bc-ff92-7150-7b38-4df369650edb', '65eec3e6-9ae9-3c0d-0c32-e9ccf0963038', 'ddae44db-5cbb-9396-7c74-7aaef6e54969', '001', '1', 0),
('radd94d5d55-10fa-4365-9fb8-86073964949f', '508b2974-79e6-091b-4398-c98cfe91742d', '93d66b26-555b-1eef-c66a-aa195f0e1778', '001', '1', 1),
('raddac54353-5b46-42cd-04af-758e03bd0bee', '5ca8ba30-935e-5165-ef82-1a833a12aa29', '93d66b26-555b-1eef-c66a-aa195f0e1778', '001', '1', 1),
('rade85188c8-fa3b-47c9-7d39-bd4bf0bd43a7', 'df37f607-7e0c-f45f-9045-b813aad9210c', '93d66b26-555b-1eef-c66a-aa195f0e1778', '002', '1', 1),
('rade868d82e-da35-349e-aefb-3c835cae3dc4', '4277886f-32f7-f315-f6ee-b70065955656', '6f6d010e-9626-15c9-410b-f08d46de4b6e', '001', '1', 1),
('radea9a317d-31f9-eabf-0eea-4d887ab2d2b7', 'abe5ef79-8380-d6f1-7422-bd3f86a551b4', '93d66b26-555b-1eef-c66a-aa195f0e1778', '001', '1', 0),
('radf2e9260e-eee6-3699-4b3e-16dcd727ed1a', '67c32e3e-ae1f-8274-370b-d88c6b33a53e', '00ce5773-1f4f-3007-6d2b-170e90a2df46', '001', '1', 0),
('txt2-cbb36d5c-bd39-c6ad-b88c-e27b446e377a-0', '4bfa6256-3f7a-63ba-930c-fb6e667811d3', '6f6d010e-9626-15c9-410b-f08d46de4b6e', '003', '1', 0),
('txt2-cbb36d5c-bd39-c6ad-b88c-e27b446e377a-1', '4bfa6256-3f7a-63ba-930c-fb6e667811d3', '6f6d010e-9626-15c9-410b-f08d46de4b6e', '003', '1', 0);

-- --------------------------------------------------------

--
-- 表的结构 `quiz_data`
--

CREATE TABLE `quiz_data` (
  `recordID` varchar(36) NOT NULL,
  `childQuizID` varchar(36) NOT NULL,
  `askID` varchar(36) NOT NULL,
  `eleID` varchar(50) NOT NULL,
  `answerContent` varchar(255) NOT NULL,
  `statisticalValue` varchar(50) DEFAULT NULL
) ENGINE=InnoDB DEFAULT CHARSET=utf8;

--
-- 转存表中的数据 `quiz_data`
--

INSERT INTO `quiz_data` (`recordID`, `childQuizID`, `askID`, `eleID`, `answerContent`, `statisticalValue`) VALUES
('002b3907-a49f-b705-b06f-54430815cfeb', '2cd4fb5d-b929-39c2-955f-4faa1f0b4307', '075e705d-4058-8754-ffd7-3f2439d912cd', 'rad7102f42c-a918-6355-ac77-19d4f038779f', '4', '超过2小时'),
('008DEDF1-B361-A160-4868-8513142562EE', '244E077B-1ECF-506A-D89A-1189662266D9', '67c32e3e-ae1f-8274-370b-d88c6b33a53e', 'radf2e9260e-eee6-3699-4b3e-16dcd727ed1a', '5', '从不休息'),
('009A1C2C-A9D9-75E4-F27D-F19040602141', 'F9A6B033-FED8-5917-4D8E-08326A5E5669', '6a1fe386-2add-0f8b-661c-de506d475b21', 'radc797a541-2c01-03bd-0500-e390bbe83822', '0', '少于15厘米'),
('00BC3C40-ADF0-8855-203D-9A62EFAD58CB', 'C35BA2FC-EC9A-60DE-C617-27A3A166F44E', 'c7d9d4c4-9137-900c-9cd8-3d941ba8e82e', 'rad93900683-bca1-aefe-be1c-f0bf3b26e8a4', '2', '2-3米'),
('00DEA4A2-64B1-F3E9-B013-DEDF3C694600', 'B563CC59-188A-4236-6463-4A581651AD55', '145beece-5eac-533e-91b6-f23ac8bf46fe', 'rad3d3fb95a-2adb-3048-b15e-6077dd17973e', '3', '1.5-2小时'),
('010463AB-10D4-90F5-E880-0F6E240CF57A', '4EECC38A-BF84-F30F-1BE7-213D1EFBB617', '039370e3-e2f6-b813-7ec7-7e0b844ddb4b', 'rad474bca01-e477-99b5-27f3-66d5ac270a60', '0', '是'),
('013E0F48-3622-13E5-BCBF-69E207EE0E0A', 'B922226B-47DD-8B63-449B-383E9A8B2F7A', '5bc2c341-5b4b-b3a8-b208-1aba371a6f4f', 'radc91e1090-11f6-3208-c57f-cf560103d6ce', '3', '总是'),
('0186AA9F-832B-3F8F-5712-6F2C38AA68E7', '68812A2B-64C1-1E9F-3DB3-DF1E468C3608', 'e566e989-65fd-f8b2-1679-ebe41475503d', 'rad7b4df87c-dbb7-7ccd-eb36-ed00a20c718b', '2', '交替望远望近休息眼睛'),
('01D23DC7-10AD-34C7-9BD2-8F898278DF6D', 'DD7DA2CB-F771-3E46-D72B-FBD338702BBE', '91002316-00c9-9553-e567-f0f07f75ac58', 'rad2e79ae09-eb70-d724-0370-fe83ae5a429c', '3', '总是'),
('01ECB550-A94E-A3C7-A116-8BA851033E9B', '5F4A3B52-3FEF-7614-EF5D-2C4700B55778', '67c32e3e-ae1f-8274-370b-d88c6b33a53e', 'radf2e9260e-eee6-3699-4b3e-16dcd727ed1a', '4', '超过2小时'),
('02c0c33d-40bd-8f82-d709-5036410c75bf', 'E0BA3932-5BA8-8C16-7867-6B8689B21BA5', '4721c7c9-957d-eb74-04d1-bf0a47e60f76', 'rad2131f5b5-f094-248b-586b-0ac26f2e9a3c', '1', '11-20厘米'),
('0359E838-5190-80BC-16C2-7E53961C7CCC', '24E1F4D7-3A24-42AB-322C-1C28CF7D944B', '5bc2c341-5b4b-b3a8-b208-1aba371a6f4f', 'radc91e1090-11f6-3208-c57f-cf560103d6ce', '0', '从不'),
('037E8C16-4B8E-F138-9474-8BC9E6E2671A', 'BF0D0869-87B5-62DA-0F21-4459A8BE911C', '67c32e3e-ae1f-8274-370b-d88c6b33a53e', 'radf2e9260e-eee6-3699-4b3e-16dcd727ed1a', '5', '从不休息'),
('03873333-3373-D4AF-858A-F277600D3BB4', '0701F3FD-5C1A-481F-713D-4AA9B4CA314E', '4721c7c9-957d-eb74-04d1-bf0a47e60f76', 'rad2131f5b5-f094-248b-586b-0ac26f2e9a3c', '1', '11-20厘米'),
('039EBCF6-92F4-3347-0A6F-5F4DBF112692', '3539514C-1172-B3FF-F6BF-DBC512B1EAD2', '6a1fe386-2add-0f8b-661c-de506d475b21', 'radc797a541-2c01-03bd-0500-e390bbe83822', '3', '超过50厘米'),
('03BB698B-36DA-89F2-8568-DFB087E23725', 'C3BBC740-0938-2D72-821D-D05A30E3EBF4', '9ae5d237-cbc8-9749-5437-84426c6da284', 'rad439643f6-89be-599c-d173-d8808902d3c5', '5', '从不休息'),
('03CA076D-938A-0EB9-0218-D21AA86B480F', '7397EC4A-1473-987A-DA84-7FD15EE09BEB', 'e83cb158-83b4-a004-e4d5-ecfeda902fe5', 'rad37519809-e9d6-a9f3-961b-1a8c75b301bd', '3', '总是'),
('03D21AC3-8CA6-F3DC-B646-9366B1475EBB', '6759C623-872D-0BF0-119B-34E079815692', '67c32e3e-ae1f-8274-370b-d88c6b33a53e', 'radf2e9260e-eee6-3699-4b3e-16dcd727ed1a', '2', '1-1.5小时'),
('0422AB88-5CB8-2C6E-E104-ED618E3134C4', '3B8CB567-353D-A73D-51F8-EEE5200DF84C', '4721c7c9-957d-eb74-04d1-bf0a47e60f76', 'rad2131f5b5-f094-248b-586b-0ac26f2e9a3c', '3', '超过30厘米'),
('042A7F2B-8E38-B922-CADE-CCCDEB294CF0', '61539D46-2310-AAFE-1339-01B660CD4C66', 'e566e989-65fd-f8b2-1679-ebe41475503d', 'rad7b4df87c-dbb7-7ccd-eb36-ed00a20c718b', '1,3,4,8', '轻微活动休息眼睛,做眼保健操休息眼睛,闭目休息眼睛,看绿色植物休息眼睛'),
('046C1D16-8857-058F-FD7C-F2586437EE04', 'EDB0960E-01AE-EDE6-1E1D-34EC8E420548', '039370e3-e2f6-b813-7ec7-7e0b844ddb4b', 'rad474bca01-e477-99b5-27f3-66d5ac270a60', '0', '是'),
('04921872-FEB2-8DA9-7977-1752E3116AD1', 'DD7DA2CB-F771-3E46-D72B-FBD338702BBE', '5bc2c341-5b4b-b3a8-b208-1aba371a6f4f', 'radc91e1090-11f6-3208-c57f-cf560103d6ce', '1', '偶尔'),
('04E23E05-F55A-BE9C-5648-A05E13E81850', 'F37D1C10-F546-47AB-E844-63BF6C62881A', '9c705ae0-d36e-3de9-138c-4e782190eb18', 'rad7fc0127f-d93f-914e-bb91-ea62b458f9f9', '3', '总是'),
('0513852F-085B-9480-1574-993F4064AB18', 'F9A6B033-FED8-5917-4D8E-08326A5E5669', '145beece-5eac-533e-91b6-f23ac8bf46fe', 'rad3d3fb95a-2adb-3048-b15e-6077dd17973e', '0', '0.5小时以内'),
('05169B15-B306-A958-F91A-17A69FF10775', '9FA3D59F-9DC2-E62C-84E6-7B5DD301D6C0', '145beece-5eac-533e-91b6-f23ac8bf46fe', 'rad3d3fb95a-2adb-3048-b15e-6077dd17973e', '3', '1.5-2小时'),
('0540641B-0683-4AD7-FA1C-F360A5076D65', '244E077B-1ECF-506A-D89A-1189662266D9', '5bc2c341-5b4b-b3a8-b208-1aba371a6f4f', 'radc91e1090-11f6-3208-c57f-cf560103d6ce', '3', '总是'),
('0581E682-E3EA-7F64-B1BA-732B4631F76C', '01C3F245-74B1-CE18-8628-5E42233CD937', '4721c7c9-957d-eb74-04d1-bf0a47e60f76', 'rad2131f5b5-f094-248b-586b-0ac26f2e9a3c', '1', '11-20厘米'),
('05A20DE4-F841-1516-0424-B0D8DB332FE6', '3FEE4C58-6EFE-0D2F-B672-F26C2BBFFF1F', '5bc2c341-5b4b-b3a8-b208-1aba371a6f4f', 'radc91e1090-11f6-3208-c57f-cf560103d6ce', '3', '总是'),
('05BA4103-8213-53D6-1CB1-80EE6A3A2DD0', 'FA76F62E-40C5-8251-1DE5-815C9EB00048', '9ae5d237-cbc8-9749-5437-84426c6da284', 'rad439643f6-89be-599c-d173-d8808902d3c5', '5', '从不休息'),
('05C5414A-A464-4F82-3191-731AED2AB49A', '4829D924-3E87-A91F-E1A8-F6060DF8962F', '91002316-00c9-9553-e567-f0f07f75ac58', 'rad2e79ae09-eb70-d724-0370-fe83ae5a429c', '2', '经常'),
('0621D7D3-C91E-75FE-8AE7-FDB78A7A2EA2', 'AFF85C0F-0FBE-798D-752A-751527612DAA', 'e83cb158-83b4-a004-e4d5-ecfeda902fe5', 'rad37519809-e9d6-a9f3-961b-1a8c75b301bd', '0', '从不'),
('062C8BFD-C226-143B-B0E5-5690B88F835C', '484F2F03-9639-05F6-084B-FA7E4903C7C3', '6a1fe386-2add-0f8b-661c-de506d475b21', 'radc797a541-2c01-03bd-0500-e390bbe83822', '0', '少于15厘米'),
('0658F287-2D52-D267-27DB-2B00E1B02C3C', '6759C623-872D-0BF0-119B-34E079815692', '5bc2c341-5b4b-b3a8-b208-1aba371a6f4f', 'radc91e1090-11f6-3208-c57f-cf560103d6ce', '0', '从不'),
('06823391-1A4E-7404-3142-74B1BA2D9D8C', '98ACAC8B-0A70-711A-DFDD-CDFCA20ECD27', '67c32e3e-ae1f-8274-370b-d88c6b33a53e', 'radf2e9260e-eee6-3699-4b3e-16dcd727ed1a', '0', '0.5小时以内'),
('069AE5BD-E3B0-8493-A22A-FD61D01D9263', 'C2CF7220-17A0-EE89-F8B2-9F62976F72F3', '4721c7c9-957d-eb74-04d1-bf0a47e60f76', 'rad2131f5b5-f094-248b-586b-0ac26f2e9a3c', '2', '21-30厘米'),
('06A22B20-22ED-A4B9-4114-336EF7D6B228', '476E1E91-C9FC-7AC3-5776-6916ECC17162', '67c32e3e-ae1f-8274-370b-d88c6b33a53e', 'radf2e9260e-eee6-3699-4b3e-16dcd727ed1a', '4', '超过2小时'),
('07793A06-80D8-CB1B-53AA-C8C4DE1258EA', 'D81DC3B3-E47D-3A8C-C338-EF4733374C13', 'c7d9d4c4-9137-900c-9cd8-3d941ba8e82e', 'rad93900683-bca1-aefe-be1c-f0bf3b26e8a4', '2', '2-3米'),
('07C440F9-9957-56E1-2518-8F472A571EB5', 'F37D1C10-F546-47AB-E844-63BF6C62881A', '039370e3-e2f6-b813-7ec7-7e0b844ddb4b', 'rad474bca01-e477-99b5-27f3-66d5ac270a60', '0', '是'),
('08373EE1-DBBC-1C12-933B-CCBA3B273AE8', 'E8859928-868C-F675-560A-81C6C514FCC4', '039370e3-e2f6-b813-7ec7-7e0b844ddb4b', 'rad474bca01-e477-99b5-27f3-66d5ac270a60', '0', '是'),
('08BD9A47-3D77-3B10-11F6-E69F13DF82DF', 'A9EB8C13-5723-0267-7E50-458CFB1FBDE8', 'c7d9d4c4-9137-900c-9cd8-3d941ba8e82e', 'rad93900683-bca1-aefe-be1c-f0bf3b26e8a4', '2', '2-3米'),
('08EB7FC3-9878-A8BD-843E-4B259D2950E4', '4A0B15D3-8A26-CB4F-F75E-8950D45F494F', '9ae5d237-cbc8-9749-5437-84426c6da284', 'rad439643f6-89be-599c-d173-d8808902d3c5', '3', '1.5-2小时'),
('08F071D7-A48C-0E84-F29A-9BA9AD38649F', 'F67ADE68-69FE-CE59-7008-E63B1F91E5AB', '9c705ae0-d36e-3de9-138c-4e782190eb18', 'rad7fc0127f-d93f-914e-bb91-ea62b458f9f9', '3', '总是'),
('08F1A572-6363-70B5-B817-5F95DDA9A409', 'ED9FC926-8476-8046-F2F7-BC1A0BA1E4D5', '9ae5d237-cbc8-9749-5437-84426c6da284', 'rad439643f6-89be-599c-d173-d8808902d3c5', '0', '0.5小时以内'),
('093B25D1-B27C-7205-0EDD-1CCDDF3011A1', '8880E589-3970-162E-FFDD-8DE5744D79B9', '6a1fe386-2add-0f8b-661c-de506d475b21', 'radc797a541-2c01-03bd-0500-e390bbe83822', '0', '少于15厘米'),
('09A4192E-0012-DDF3-2E73-FB830045FB94', 'F7689B92-C69C-A217-8C12-BEA7C248E8F6', '4721c7c9-957d-eb74-04d1-bf0a47e60f76', 'rad2131f5b5-f094-248b-586b-0ac26f2e9a3c', '0', '少于10厘米'),
('09C1973E-96CE-279E-6347-E4DBA1472F09', 'DD7DA2CB-F771-3E46-D72B-FBD338702BBE', '9ae5d237-cbc8-9749-5437-84426c6da284', 'rad439643f6-89be-599c-d173-d8808902d3c5', '4', '超过2小时'),
('09CF8967-5B0B-4636-9BF7-BB39D72B4749', '484F2F03-9639-05F6-084B-FA7E4903C7C3', 'c7d9d4c4-9137-900c-9cd8-3d941ba8e82e', 'rad93900683-bca1-aefe-be1c-f0bf3b26e8a4', '2', '2-3米'),
('09E59166-ADE4-4C93-4C7D-D669D4F3CAF1', '8880E589-3970-162E-FFDD-8DE5744D79B9', '5bc2c341-5b4b-b3a8-b208-1aba371a6f4f', 'radc91e1090-11f6-3208-c57f-cf560103d6ce', '3', '总是'),
('0AB49D62-C07F-0D67-09E1-17A514B42EC5', '7D935D58-CA4D-4104-A9BF-9847252749CD', '145beece-5eac-533e-91b6-f23ac8bf46fe', 'rad3d3fb95a-2adb-3048-b15e-6077dd17973e', '5', '从不休息'),
('0AE84C8F-F9E7-6D44-FEC9-B9560C95906F', '20BAB38A-F4C2-919B-1F36-DD3800A5FB6D', '9c705ae0-d36e-3de9-138c-4e782190eb18', 'rad7fc0127f-d93f-914e-bb91-ea62b458f9f9', '0', '从不'),
('0B9146A4-3184-815B-3913-77BFFAD22D9A', '7008FFE4-D0A3-18B5-519E-98BF23E4D28F', '145beece-5eac-533e-91b6-f23ac8bf46fe', 'rad3d3fb95a-2adb-3048-b15e-6077dd17973e', '1', '0.5-1小时'),
('0BCBE33A-E6AD-18E6-6AAD-332D33412D3C', 'D3CC81A1-4699-56D6-391C-62F35B4DA2B8', 'e566e989-65fd-f8b2-1679-ebe41475503d', 'rad7b4df87c-dbb7-7ccd-eb36-ed00a20c718b', '1,2,3,5', '轻微活动休息眼睛,交替望远望近休息眼睛,做眼保健操休息眼睛,户外活动休息眼睛'),
('0BEC50FC-EA4C-7DFC-4DFC-C1912ACDA6F1', '244E077B-1ECF-506A-D89A-1189662266D9', '91002316-00c9-9553-e567-f0f07f75ac58', 'rad2e79ae09-eb70-d724-0370-fe83ae5a429c', '3', '总是'),
('0BFC1C56-1D2C-EC0A-B156-EA12994B43FC', 'DD7DA2CB-F771-3E46-D72B-FBD338702BBE', 'e566e989-65fd-f8b2-1679-ebe41475503d', 'rad7b4df87c-dbb7-7ccd-eb36-ed00a20c718b', '0,4,5,8', '远眺休息眼睛,闭目休息眼睛,户外活动休息眼睛,看绿色植物休息眼睛'),
('0C337EFB-9D88-13B4-1EC3-F7BF9CC04263', '89843604-8761-1E31-70F8-F96E4D7D6CA4', '9c705ae0-d36e-3de9-138c-4e782190eb18', 'rad7fc0127f-d93f-914e-bb91-ea62b458f9f9', '2', '经常'),
('0C450913-EC91-8754-FA2F-AE4927F4D96E', 'E8859928-868C-F675-560A-81C6C514FCC4', 'c7d9d4c4-9137-900c-9cd8-3d941ba8e82e', 'rad93900683-bca1-aefe-be1c-f0bf3b26e8a4', '0', '少于1米'),
('0C5C8D6A-CF53-53AE-C8F2-43759B43BB7E', '3B8CB567-353D-A73D-51F8-EEE5200DF84C', '039370e3-e2f6-b813-7ec7-7e0b844ddb4b', 'rad474bca01-e477-99b5-27f3-66d5ac270a60', '0', '是'),
('0C606C88-D1F7-1035-3CCA-CC565951D09A', '2DB3AC6D-A112-06A2-359B-9DF7E956280D', '91002316-00c9-9553-e567-f0f07f75ac58', 'rad2e79ae09-eb70-d724-0370-fe83ae5a429c', '1', '偶尔'),
('0C6C573F-4FA0-6257-DE72-E15A415AC44B', '0D5833DE-6F06-A80C-6162-CB03A6224EAC', '5bc2c341-5b4b-b3a8-b208-1aba371a6f4f', 'radc91e1090-11f6-3208-c57f-cf560103d6ce', '3', '总是'),
('0CAE3A80-CF3F-30B7-A610-37F8CA77C2CC', '20BAB38A-F4C2-919B-1F36-DD3800A5FB6D', 'c7d9d4c4-9137-900c-9cd8-3d941ba8e82e', 'rad93900683-bca1-aefe-be1c-f0bf3b26e8a4', '1', '1-2米'),
('0CBCBCC1-6138-AE4F-9B7C-F4D967ADEBCF', '20B9DF5E-4829-36B1-B9AF-936A3ABE4E82', 'e566e989-65fd-f8b2-1679-ebe41475503d', 'rad7b4df87c-dbb7-7ccd-eb36-ed00a20c718b', '0,1,2,4,8', '远眺休息眼睛,轻微活动休息眼睛,交替望远望近休息眼睛,闭目休息眼睛,看绿色植物休息眼睛'),
('0cd1de44-7f02-744d-0300-058aabfa0631', '2cd4fb5d-b929-39c2-955f-4faa1f0b4307', 'a8b0d253-acda-7338-476e-b40c1bb3c5f5', 'radc4969e80-5f81-6fe2-0b0c-91eb0944263a', '2', '31-50厘米'),
('0CE6613E-2131-6FFF-C6A0-7BCDD742C965', '476E1E91-C9FC-7AC3-5776-6916ECC17162', '91002316-00c9-9553-e567-f0f07f75ac58', 'rad2e79ae09-eb70-d724-0370-fe83ae5a429c', '2', '经常'),
('0CE7F5B3-75F0-AB1D-D77A-E0A64AD85074', '7BF08113-36CB-6A5E-AD30-650C8EBD189E', 'e83cb158-83b4-a004-e4d5-ecfeda902fe5', 'rad37519809-e9d6-a9f3-961b-1a8c75b301bd', '1', '偶尔'),
('0CFFAE3F-FC34-A326-CFEF-0B378B6992F2', '484F2F03-9639-05F6-084B-FA7E4903C7C3', '9c705ae0-d36e-3de9-138c-4e782190eb18', 'rad7fc0127f-d93f-914e-bb91-ea62b458f9f9', '2', '经常'),
('0D240D19-38EA-1CDD-18B5-CC0892FBD95C', '3BB1A79F-34CA-166F-DF0D-3F3203DB26EF', '9c705ae0-d36e-3de9-138c-4e782190eb18', 'rad7fc0127f-d93f-914e-bb91-ea62b458f9f9', '0', '从不'),
('0D37AD66-2C93-D343-CD8A-2EBC7CDA887F', '98ACAC8B-0A70-711A-DFDD-CDFCA20ECD27', 'e83cb158-83b4-a004-e4d5-ecfeda902fe5', 'rad37519809-e9d6-a9f3-961b-1a8c75b301bd', '0', '从不'),
('0D460099-0D30-FF93-5452-568F774F6D45', '7BF08113-36CB-6A5E-AD30-650C8EBD189E', '67c32e3e-ae1f-8274-370b-d88c6b33a53e', 'radf2e9260e-eee6-3699-4b3e-16dcd727ed1a', '3', '1.5-2小时'),
('0D6479D6-1334-0414-2EB2-F6A60A510707', 'E8859928-868C-F675-560A-81C6C514FCC4', 'e566e989-65fd-f8b2-1679-ebe41475503d', 'rad7b4df87c-dbb7-7ccd-eb36-ed00a20c718b', '5,8', '户外活动休息眼睛,看绿色植物休息眼睛'),
('0D9C3349-9A2E-80D8-9951-EC6B9FA1DA77', '44BF359D-3BD7-5547-3867-1D187F64433A', '039370e3-e2f6-b813-7ec7-7e0b844ddb4b', 'rad474bca01-e477-99b5-27f3-66d5ac270a60', '1', '否'),
('0DB95D6B-FF02-93F3-6453-680499DF5929', '71CB2A51-CEE6-F214-809A-09F6205C5083', '9ae5d237-cbc8-9749-5437-84426c6da284', 'rad439643f6-89be-599c-d173-d8808902d3c5', '0', '0.5小时以内'),
('0DBAE4C6-8211-FED0-18C8-9693F28F7742', 'FA76F62E-40C5-8251-1DE5-815C9EB00048', 'e566e989-65fd-f8b2-1679-ebe41475503d', 'rad7b4df87c-dbb7-7ccd-eb36-ed00a20c718b', '1,3,4,5,8', '轻微活动休息眼睛,做眼保健操休息眼睛,闭目休息眼睛,户外活动休息眼睛,看绿色植物休息眼睛'),
('0E41FB9D-4714-722E-7937-33219AED3F29', 'AFF85C0F-0FBE-798D-752A-751527612DAA', '91002316-00c9-9553-e567-f0f07f75ac58', 'rad2e79ae09-eb70-d724-0370-fe83ae5a429c', '3', '总是'),
('0E669D84-E526-FEB1-9287-A9A8B0CA205B', '71CB2A51-CEE6-F214-809A-09F6205C5083', '91002316-00c9-9553-e567-f0f07f75ac58', 'rad2e79ae09-eb70-d724-0370-fe83ae5a429c', '1', '偶尔'),
('0EB2A5C2-4CE2-97F2-53A5-947CA96DF5B3', '6C8AE7BE-4018-D77A-7504-6BCC32E66B29', '145beece-5eac-533e-91b6-f23ac8bf46fe', 'rad3d3fb95a-2adb-3048-b15e-6077dd17973e', '4', '超过2小时'),
('0EBF14B7-9C7C-D0C3-6929-6499893A5392', 'F9A6B033-FED8-5917-4D8E-08326A5E5669', 'e566e989-65fd-f8b2-1679-ebe41475503d', 'rad7b4df87c-dbb7-7ccd-eb36-ed00a20c718b', '1,2,3,8', '轻微活动休息眼睛,交替望远望近休息眼睛,做眼保健操休息眼睛,看绿色植物休息眼睛'),
('0EC4FB38-E72F-3F16-A74F-F9728550F7E3', '71CB2A51-CEE6-F214-809A-09F6205C5083', '4721c7c9-957d-eb74-04d1-bf0a47e60f76', 'rad2131f5b5-f094-248b-586b-0ac26f2e9a3c', '0', '少于10厘米'),
('0EC681C2-829D-7829-60E4-A4E856047FF5', 'C3BBC740-0938-2D72-821D-D05A30E3EBF4', '6a1fe386-2add-0f8b-661c-de506d475b21', 'radc797a541-2c01-03bd-0500-e390bbe83822', '1', '15-30厘米'),
('0EE81A10-1C79-CD48-FDDA-05E2946BCA52', 'D9305346-0B38-C07D-2017-BA5E2F88303C', '91002316-00c9-9553-e567-f0f07f75ac58', 'rad2e79ae09-eb70-d724-0370-fe83ae5a429c', '0', '从不'),
('0F280C0A-25F5-7978-505E-EB9161EE3803', '8880E589-3970-162E-FFDD-8DE5744D79B9', 'e83cb158-83b4-a004-e4d5-ecfeda902fe5', 'rad37519809-e9d6-a9f3-961b-1a8c75b301bd', '0', '从不'),
('0F6181C0-8F14-2AC4-32FE-95072CD6F352', 'ADAEF9AA-4DCA-CAD7-24E5-4B53F5824FC7', '6a1fe386-2add-0f8b-661c-de506d475b21', 'radc797a541-2c01-03bd-0500-e390bbe83822', '0', '少于15厘米'),
('0FA185E4-37A2-2E4A-43CB-51545286C6CA', '72870223-8FDD-5A6E-4F73-EE48BF56C58A', '5bc2c341-5b4b-b3a8-b208-1aba371a6f4f', 'radc91e1090-11f6-3208-c57f-cf560103d6ce', '1', '偶尔'),
('0FDCA7E1-528F-C07A-15B6-8C708735752F', 'F67ADE68-69FE-CE59-7008-E63B1F91E5AB', '145beece-5eac-533e-91b6-f23ac8bf46fe', 'rad3d3fb95a-2adb-3048-b15e-6077dd17973e', '5', '从不休息'),
('0FE77A2A-7819-23B5-338E-D6AB45BBB1A6', '3539514C-1172-B3FF-F6BF-DBC512B1EAD2', '91002316-00c9-9553-e567-f0f07f75ac58', 'rad2e79ae09-eb70-d724-0370-fe83ae5a429c', '2', '经常'),
('0FEB4679-AEB0-8952-764D-6C9DE5C6ABD0', 'D8580F15-04B8-E0B5-526A-EB7DD20B7C15', '6a1fe386-2add-0f8b-661c-de506d475b21', 'radc797a541-2c01-03bd-0500-e390bbe83822', '1', '15-30厘米'),
('0FFA59F6-5D9C-7442-8421-197C0520B520', '479CD03A-3725-D961-AF8A-FB1FA8FC138B', 'c7d9d4c4-9137-900c-9cd8-3d941ba8e82e', 'rad93900683-bca1-aefe-be1c-f0bf3b26e8a4', '3', '超过3米'),
('10A80F88-C596-C1DA-2608-B8E2B4F0A10B', '476763BF-3A7E-59C3-B6FC-FD9ED7EE91DD', '5bc2c341-5b4b-b3a8-b208-1aba371a6f4f', 'radc91e1090-11f6-3208-c57f-cf560103d6ce', '1', '偶尔'),
('10B0A6B9-1E55-51FF-D300-7D694D6A6518', 'D8580F15-04B8-E0B5-526A-EB7DD20B7C15', '145beece-5eac-533e-91b6-f23ac8bf46fe', 'rad3d3fb95a-2adb-3048-b15e-6077dd17973e', '3', '1.5-2小时'),
('10B985EA-1D9F-DF78-3D27-504266E80922', '4A0B15D3-8A26-CB4F-F75E-8950D45F494F', '4721c7c9-957d-eb74-04d1-bf0a47e60f76', 'rad2131f5b5-f094-248b-586b-0ac26f2e9a3c', '0', '少于10厘米'),
('10DF98F1-91ED-DEB2-7DE2-01711A523C5C', '80FFED84-104B-6235-B9E0-8AB8D9812941', '6a1fe386-2add-0f8b-661c-de506d475b21', 'radc797a541-2c01-03bd-0500-e390bbe83822', '1', '15-30厘米'),
('10EEA326-8291-74EC-F726-13877AAE2C5D', '030BDFF9-5BDF-A203-ECE8-DD68B137B6D7', '039370e3-e2f6-b813-7ec7-7e0b844ddb4b', 'rad474bca01-e477-99b5-27f3-66d5ac270a60', '0', '是'),
('110F983A-063F-0CED-AA1D-BDEC64208833', 'FA76F62E-40C5-8251-1DE5-815C9EB00048', '145beece-5eac-533e-91b6-f23ac8bf46fe', 'rad3d3fb95a-2adb-3048-b15e-6077dd17973e', '3', '1.5-2小时'),
('111BAAEB-8D94-A179-049D-EB30C8B822CD', 'D8580F15-04B8-E0B5-526A-EB7DD20B7C15', '5bc2c341-5b4b-b3a8-b208-1aba371a6f4f', 'radc91e1090-11f6-3208-c57f-cf560103d6ce', '3', '总是'),
('117A1C40-92E1-15A8-FC4B-0F3DDF360FF7', 'A9479D2A-1659-3C66-8E53-FAF567636504', 'e83cb158-83b4-a004-e4d5-ecfeda902fe5', 'rad37519809-e9d6-a9f3-961b-1a8c75b301bd', '1', '偶尔'),
('11A3EC3E-23E2-35A1-B016-BB43B673BC31', '98AF264E-03BA-4966-CCB1-3EE02FA46455', '9c705ae0-d36e-3de9-138c-4e782190eb18', 'rad7fc0127f-d93f-914e-bb91-ea62b458f9f9', '2', '经常'),
('11B56D7A-B915-9739-FE39-AE2E6F4FAE4A', '44BF359D-3BD7-5547-3867-1D187F64433A', '9ae5d237-cbc8-9749-5437-84426c6da284', 'rad439643f6-89be-599c-d173-d8808902d3c5', '4', '超过2小时'),
('11E26719-167B-CBDB-0F4D-80087B54CCD8', '4A0B15D3-8A26-CB4F-F75E-8950D45F494F', '91002316-00c9-9553-e567-f0f07f75ac58', 'rad2e79ae09-eb70-d724-0370-fe83ae5a429c', '1', '偶尔'),
('12260664-1190-218E-D04F-CB02615F3743', '24E1F4D7-3A24-42AB-322C-1C28CF7D944B', '67c32e3e-ae1f-8274-370b-d88c6b33a53e', 'radf2e9260e-eee6-3699-4b3e-16dcd727ed1a', '3', '1.5-2小时'),
('12641A52-D713-61AB-7D3A-0D32427A1CA3', 'B670929B-C8F0-DD41-C3E2-DE3501F72643', '6a1fe386-2add-0f8b-661c-de506d475b21', 'radc797a541-2c01-03bd-0500-e390bbe83822', '1', '15-30厘米'),
('136AED87-AFC1-DCEF-0F0B-16BF0BDFF84E', '4EECC38A-BF84-F30F-1BE7-213D1EFBB617', '9c705ae0-d36e-3de9-138c-4e782190eb18', 'rad7fc0127f-d93f-914e-bb91-ea62b458f9f9', '1', '偶尔'),
('136E65E0-D181-FD36-AC87-4ED4C7D1B09A', '3FEE4C58-6EFE-0D2F-B672-F26C2BBFFF1F', 'e83cb158-83b4-a004-e4d5-ecfeda902fe5', 'rad37519809-e9d6-a9f3-961b-1a8c75b301bd', '1', '偶尔'),
('1381BE8D-5A39-68B5-7DC9-EDA26E7F9285', '93484759-D692-672D-9228-4C5AFCAA9ADF', '91002316-00c9-9553-e567-f0f07f75ac58', 'rad2e79ae09-eb70-d724-0370-fe83ae5a429c', '3', '总是'),
('138BD075-57BC-93D3-1C9F-476F2FF8C750', '4829D924-3E87-A91F-E1A8-F6060DF8962F', '5bc2c341-5b4b-b3a8-b208-1aba371a6f4f', 'radc91e1090-11f6-3208-c57f-cf560103d6ce', '0', '从不'),
('139EDF3E-5B1A-0601-86E4-A19C15AF84EA', '1866C035-EFBE-F08D-FD20-6FEC88F5D73E', 'c7d9d4c4-9137-900c-9cd8-3d941ba8e82e', 'rad93900683-bca1-aefe-be1c-f0bf3b26e8a4', '0', '少于1米'),
('149B59CF-1A6E-A5B1-6EE1-309422B67041', '0861E976-846A-3786-FD6C-A7AFB67773FF', '9ae5d237-cbc8-9749-5437-84426c6da284', 'rad439643f6-89be-599c-d173-d8808902d3c5', '0', '0.5小时以内'),
('14E866A0-FA8D-7062-4E07-B9FC5962E22E', '0A30BF3B-B061-CEBF-52AE-D8C5611144C8', '145beece-5eac-533e-91b6-f23ac8bf46fe', 'rad3d3fb95a-2adb-3048-b15e-6077dd17973e', '2', '1-1.5小时'),
('1513D439-0063-9578-888B-1E0E61D571A2', 'AB6B921B-753D-9027-4341-64CABC248921', 'e566e989-65fd-f8b2-1679-ebe41475503d', 'rad7b4df87c-dbb7-7ccd-eb36-ed00a20c718b', '0,4', '远眺休息眼睛,闭目休息眼睛'),
('15728EE0-6A6F-2A70-E7F6-FEA457EFD6A6', 'C3BBC740-0938-2D72-821D-D05A30E3EBF4', '9c705ae0-d36e-3de9-138c-4e782190eb18', 'rad7fc0127f-d93f-914e-bb91-ea62b458f9f9', '2', '经常'),
('15A93D59-908A-DA8E-E2E1-0EB929FE725D', '5F4A3B52-3FEF-7614-EF5D-2C4700B55778', '6a1fe386-2add-0f8b-661c-de506d475b21', 'radc797a541-2c01-03bd-0500-e390bbe83822', '2', '31-50厘米'),
('15bf0451-19e5-c963-98d4-10aaa49aedc6', '46e3c57b-3120-a670-2112-88729700a769', '039370e3-e2f6-b813-7ec7-7e0b844ddb4b', 'rad474bca01-e477-99b5-27f3-66d5ac270a60', '0', '是'),
('15F3F86E-E700-BC77-DA3A-B6B05CEC64B0', '31974BD1-6D95-F803-AD70-4559ADBA5890', '145beece-5eac-533e-91b6-f23ac8bf46fe', 'rad3d3fb95a-2adb-3048-b15e-6077dd17973e', '4', '超过2小时'),
('162118C1-3731-2FA4-BD5A-B1597F1E2790', '5A96EEC7-F5ED-4158-60A0-70CA1A8B00B5', 'c7d9d4c4-9137-900c-9cd8-3d941ba8e82e', 'rad93900683-bca1-aefe-be1c-f0bf3b26e8a4', '2', '2-3米'),
('162E4400-21DA-A481-2299-11A1BB1A5691', 'F67ADE68-69FE-CE59-7008-E63B1F91E5AB', '67c32e3e-ae1f-8274-370b-d88c6b33a53e', 'radf2e9260e-eee6-3699-4b3e-16dcd727ed1a', '4', '超过2小时'),
('169A9131-F911-DCE9-DB1A-A1704C4C6424', '594DED5C-E68E-3F48-4CE5-39FF7B6E748B', 'c7d9d4c4-9137-900c-9cd8-3d941ba8e82e', 'rad93900683-bca1-aefe-be1c-f0bf3b26e8a4', '2', '2-3米'),
('171A7545-9F2F-2B10-03D4-03F4DA639292', '4C24D38B-8E28-B833-067A-0D24DC5A06AA', 'c7d9d4c4-9137-900c-9cd8-3d941ba8e82e', 'rad93900683-bca1-aefe-be1c-f0bf3b26e8a4', '1', '1-2米'),
('17222205-A472-BC83-1BAA-75F76072206D', '8FDAFC98-136D-30F6-CF6B-B8845F3685BD', '145beece-5eac-533e-91b6-f23ac8bf46fe', 'rad3d3fb95a-2adb-3048-b15e-6077dd17973e', '5', '从不休息'),
('17B7C592-674F-6733-95D1-469E16FD503C', '7008FFE4-D0A3-18B5-519E-98BF23E4D28F', 'c7d9d4c4-9137-900c-9cd8-3d941ba8e82e', 'rad93900683-bca1-aefe-be1c-f0bf3b26e8a4', '3', '超过3米'),
('17E52B79-F479-DED0-4714-42AE005855C6', '7008FFE4-D0A3-18B5-519E-98BF23E4D28F', '4721c7c9-957d-eb74-04d1-bf0a47e60f76', 'rad2131f5b5-f094-248b-586b-0ac26f2e9a3c', '0', '少于10厘米'),
('17FBCB38-82C8-2729-59CF-B19B4AA3EF43', '4C24D38B-8E28-B833-067A-0D24DC5A06AA', '9c705ae0-d36e-3de9-138c-4e782190eb18', 'rad7fc0127f-d93f-914e-bb91-ea62b458f9f9', '1', '偶尔'),
('1833F60D-14F8-8D4A-9202-F6BF02FA34EE', '0D5833DE-6F06-A80C-6162-CB03A6224EAC', '91002316-00c9-9553-e567-f0f07f75ac58', 'rad2e79ae09-eb70-d724-0370-fe83ae5a429c', '3', '总是'),
('183A3803-EAD1-1963-CB89-2A5C3BE521B5', 'AFF85C0F-0FBE-798D-752A-751527612DAA', '4721c7c9-957d-eb74-04d1-bf0a47e60f76', 'rad2131f5b5-f094-248b-586b-0ac26f2e9a3c', '0', '少于10厘米'),
('1852EA8A-8E68-BDDB-38A0-50FA50289091', '5F4A3B52-3FEF-7614-EF5D-2C4700B55778', '039370e3-e2f6-b813-7ec7-7e0b844ddb4b', 'rad474bca01-e477-99b5-27f3-66d5ac270a60', '1', '否'),
('186C0E82-E50F-FB63-5943-6FE120F5BD9E', '4DFE1916-B0F0-1AFE-031D-41440DCCA55B', '9c705ae0-d36e-3de9-138c-4e782190eb18', 'rad7fc0127f-d93f-914e-bb91-ea62b458f9f9', '0', '从不'),
('19558ECB-98D6-AF8F-FFB7-D4BC48691433', '0D5833DE-6F06-A80C-6162-CB03A6224EAC', '9ae5d237-cbc8-9749-5437-84426c6da284', 'rad439643f6-89be-599c-d173-d8808902d3c5', '2', '1-1.5小时'),
('1976F6D5-E6F6-ABF1-D731-1FED4BE7DF7D', '89843604-8761-1E31-70F8-F96E4D7D6CA4', '6a1fe386-2add-0f8b-661c-de506d475b21', 'radc797a541-2c01-03bd-0500-e390bbe83822', '3', '超过50厘米'),
('197B5CFC-584F-C791-ACEB-596F233A3241', '9FA3D59F-9DC2-E62C-84E6-7B5DD301D6C0', '6a1fe386-2add-0f8b-661c-de506d475b21', 'radc797a541-2c01-03bd-0500-e390bbe83822', '1', '15-30厘米'),
('19EC8097-5744-6DDF-93E4-706E4BF1B888', 'ED9FC926-8476-8046-F2F7-BC1A0BA1E4D5', '67c32e3e-ae1f-8274-370b-d88c6b33a53e', 'radf2e9260e-eee6-3699-4b3e-16dcd727ed1a', '2', '1-1.5小时'),
('19EF96B9-7C59-A89D-A4AF-6B3891725629', '71CB2A51-CEE6-F214-809A-09F6205C5083', '5bc2c341-5b4b-b3a8-b208-1aba371a6f4f', 'radc91e1090-11f6-3208-c57f-cf560103d6ce', '0', '从不'),
('1A0181D8-66A2-4E22-923E-DEBC70834C06', '4EECC38A-BF84-F30F-1BE7-213D1EFBB617', 'e83cb158-83b4-a004-e4d5-ecfeda902fe5', 'rad37519809-e9d6-a9f3-961b-1a8c75b301bd', '2', '经常'),
('1A45F41D-3589-3EE4-56DC-D913BB75E12C', '5432EE5D-D471-FDB2-A461-715E9D202896', '9c705ae0-d36e-3de9-138c-4e782190eb18', 'rad7fc0127f-d93f-914e-bb91-ea62b458f9f9', '2', '经常'),
('1A4B8AC6-1F0A-4F8D-5B0B-82010035EBB0', 'D9305346-0B38-C07D-2017-BA5E2F88303C', 'e83cb158-83b4-a004-e4d5-ecfeda902fe5', 'rad37519809-e9d6-a9f3-961b-1a8c75b301bd', '0', '从不'),
('1A70A877-DA62-8958-7FB0-B5134C66AD4B', 'D9305346-0B38-C07D-2017-BA5E2F88303C', '145beece-5eac-533e-91b6-f23ac8bf46fe', 'rad3d3fb95a-2adb-3048-b15e-6077dd17973e', '4', '超过2小时'),
('1AB50A90-033B-FDB9-735C-946722295958', '98F141FB-2511-826C-471D-7668C10E2CFD', 'c7d9d4c4-9137-900c-9cd8-3d941ba8e82e', 'rad93900683-bca1-aefe-be1c-f0bf3b26e8a4', '2', '2-3米'),
('1ABEF17B-2EE1-CA27-BDF5-884B4881497B', 'D8580F15-04B8-E0B5-526A-EB7DD20B7C15', '039370e3-e2f6-b813-7ec7-7e0b844ddb4b', 'rad474bca01-e477-99b5-27f3-66d5ac270a60', '2', '不清楚'),
('1B2C9EF0-D455-B3BD-DD0A-90F8E5D97310', '20B9DF5E-4829-36B1-B9AF-936A3ABE4E82', '9ae5d237-cbc8-9749-5437-84426c6da284', 'rad439643f6-89be-599c-d173-d8808902d3c5', '4', '超过2小时'),
('1B6FF25B-409C-F116-F3A7-92F04448DC55', '4E207B40-B9DD-972B-6B38-9E60A3EE80D6', '9c705ae0-d36e-3de9-138c-4e782190eb18', 'rad7fc0127f-d93f-914e-bb91-ea62b458f9f9', '3', '总是'),
('1BC99326-BC89-DE0E-C6C8-9ACD62CE55BF', '0861E976-846A-3786-FD6C-A7AFB67773FF', '9c705ae0-d36e-3de9-138c-4e782190eb18', 'rad7fc0127f-d93f-914e-bb91-ea62b458f9f9', '0', '从不'),
('1C29517A-9BD0-01B5-A0F2-D88DA20FCFF9', '244E077B-1ECF-506A-D89A-1189662266D9', '9ae5d237-cbc8-9749-5437-84426c6da284', 'rad439643f6-89be-599c-d173-d8808902d3c5', '3', '1.5-2小时'),
('1C7F4664-5262-E9A1-F0EE-2335B654265E', '0861E976-846A-3786-FD6C-A7AFB67773FF', 'e566e989-65fd-f8b2-1679-ebe41475503d', 'rad7b4df87c-dbb7-7ccd-eb36-ed00a20c718b', '2', '交替望远望近休息眼睛'),
('1CD2B240-1ECD-400E-46B5-00F79DC8477D', '476E1E91-C9FC-7AC3-5776-6916ECC17162', '4721c7c9-957d-eb74-04d1-bf0a47e60f76', 'rad2131f5b5-f094-248b-586b-0ac26f2e9a3c', '0', '少于10厘米'),
('1CD33CBA-584D-50C2-375B-FEF4B3B5A9E2', 'F37D1C10-F546-47AB-E844-63BF6C62881A', '67c32e3e-ae1f-8274-370b-d88c6b33a53e', 'radf2e9260e-eee6-3699-4b3e-16dcd727ed1a', '0', '0.5小时以内'),
('1D2B00E8-46A1-16D6-B3F1-9A5A365DE212', 'CB525597-8FC9-1101-2719-2CEF8C7CF0E7', '5bc2c341-5b4b-b3a8-b208-1aba371a6f4f', 'radc91e1090-11f6-3208-c57f-cf560103d6ce', '2', '经常'),
('1D3F7C7C-3DB4-61C9-8DBF-E0FA48D66C07', 'AFF85C0F-0FBE-798D-752A-751527612DAA', 'e566e989-65fd-f8b2-1679-ebe41475503d', 'rad7b4df87c-dbb7-7ccd-eb36-ed00a20c718b', '0,3,4', '远眺休息眼睛,做眼保健操休息眼睛,闭目休息眼睛'),
('1DBEC16D-C7A8-F2F8-B8E8-EA6D2B1D455D', '026765AB-A2F6-C670-23E0-9FA882D1306A', '6a1fe386-2add-0f8b-661c-de506d475b21', 'radc797a541-2c01-03bd-0500-e390bbe83822', '0', '少于15厘米'),
('1DCF6F08-2E96-2155-9D2A-D4FBB19BFC90', '476E1E91-C9FC-7AC3-5776-6916ECC17162', '6a1fe386-2add-0f8b-661c-de506d475b21', 'radc797a541-2c01-03bd-0500-e390bbe83822', '2', '31-50厘米'),
('1E0DB931-2B00-CEE4-5261-013CAA65B888', 'A9479D2A-1659-3C66-8E53-FAF567636504', 'c7d9d4c4-9137-900c-9cd8-3d941ba8e82e', 'rad93900683-bca1-aefe-be1c-f0bf3b26e8a4', '1', '1-2米'),
('1E46E0F2-F29C-6ABE-3672-A1836A881A1F', '030BDFF9-5BDF-A203-ECE8-DD68B137B6D7', '4721c7c9-957d-eb74-04d1-bf0a47e60f76', 'rad2131f5b5-f094-248b-586b-0ac26f2e9a3c', '0', '少于10厘米'),
('1E6A5DA1-A1E7-7DE7-E63B-FD8261DADEC1', 'F67ADE68-69FE-CE59-7008-E63B1F91E5AB', 'c7d9d4c4-9137-900c-9cd8-3d941ba8e82e', 'rad93900683-bca1-aefe-be1c-f0bf3b26e8a4', '2', '2-3米'),
('1E6E5638-12D6-361C-665E-926EBBBDAA16', '253B0D0F-1832-4553-AF8D-DB12076F2805', '5bc2c341-5b4b-b3a8-b208-1aba371a6f4f', 'radc91e1090-11f6-3208-c57f-cf560103d6ce', '1', '偶尔'),
('1E8F3664-FE3F-2DD3-A881-469F7A70B986', '99A6D9E1-7736-A3EF-B801-B7A15B64D9A1', '5bc2c341-5b4b-b3a8-b208-1aba371a6f4f', 'radc91e1090-11f6-3208-c57f-cf560103d6ce', '2', '经常'),
('1EBB7AFA-354E-7CC0-4277-688A2457C544', '66F182F0-FD27-9737-F85C-F7FD301F3621', '67c32e3e-ae1f-8274-370b-d88c6b33a53e', 'radf2e9260e-eee6-3699-4b3e-16dcd727ed1a', '1', '0.5-1小时'),
('1EDE6C06-E6CA-EDF8-6825-4883FDC28589', '495765A4-1659-0572-D78F-98E920B210B5', '145beece-5eac-533e-91b6-f23ac8bf46fe', 'rad3d3fb95a-2adb-3048-b15e-6077dd17973e', '3', '1.5-2小时'),
('1F02AE9C-331F-64D2-DB3C-35D64E8CC47F', '8061CF45-8F9F-13E3-B29C-58B1DFC93FA0', '9ae5d237-cbc8-9749-5437-84426c6da284', 'rad439643f6-89be-599c-d173-d8808902d3c5', '2', '1-1.5小时'),
('1F0789CD-9D24-BA34-732F-E3EBEE3BF82C', '071CFB9A-B4A3-7541-3FD9-A31A6CED19A0', 'c7d9d4c4-9137-900c-9cd8-3d941ba8e82e', 'rad93900683-bca1-aefe-be1c-f0bf3b26e8a4', '1', '1-2米'),
('1f3f9fa4-11d9-3683-3033-8150271ece54', 'E0BA3932-5BA8-8C16-7867-6B8689B21BA5', '5bc2c341-5b4b-b3a8-b208-1aba371a6f4f', 'radc91e1090-11f6-3208-c57f-cf560103d6ce', '2', '经常'),
('1F40BA18-83F0-B408-7B41-5B448AB43647', 'B563CC59-188A-4236-6463-4A581651AD55', '91002316-00c9-9553-e567-f0f07f75ac58', 'rad2e79ae09-eb70-d724-0370-fe83ae5a429c', '2', '经常'),
('1F7A7DC8-2402-25AA-058B-68AE7EF2933B', '92ED7B93-4A09-C1BD-17C3-01F30709A859', 'e566e989-65fd-f8b2-1679-ebe41475503d', 'rad7b4df87c-dbb7-7ccd-eb36-ed00a20c718b', '3,5,8', '做眼保健操休息眼睛,户外活动休息眼睛,看绿色植物休息眼睛'),
('1FBE0CA4-19ED-DAE3-91AA-9CED84629C79', 'D36013E4-8995-4DB2-6F59-51E50DE6D0BF', '9ae5d237-cbc8-9749-5437-84426c6da284', 'rad439643f6-89be-599c-d173-d8808902d3c5', '5', '从不休息'),
('2008BAF0-13A5-CE57-A701-64A08B155FF4', '244E077B-1ECF-506A-D89A-1189662266D9', 'e566e989-65fd-f8b2-1679-ebe41475503d', 'rad7b4df87c-dbb7-7ccd-eb36-ed00a20c718b', '0,8', '远眺休息眼睛,看绿色植物休息眼睛'),
('20542671-669D-D6C3-B182-409EFB8DF4A3', '89843604-8761-1E31-70F8-F96E4D7D6CA4', '91002316-00c9-9553-e567-f0f07f75ac58', 'rad2e79ae09-eb70-d724-0370-fe83ae5a429c', '2', '经常'),
('20a36509-e762-3993-e34a-3c51eb975aae', 'E0BA3932-5BA8-8C16-7867-6B8689B21BA5', 'c7d9d4c4-9137-900c-9cd8-3d941ba8e82e', 'rad93900683-bca1-aefe-be1c-f0bf3b26e8a4', '0', '少于1米'),
('211536D9-E356-ABB5-51F5-E72164BB75F6', 'B563CC59-188A-4236-6463-4A581651AD55', '67c32e3e-ae1f-8274-370b-d88c6b33a53e', 'radf2e9260e-eee6-3699-4b3e-16dcd727ed1a', '2', '1-1.5小时'),
('21A21768-DC8E-29EA-9862-24AD8B45823C', '0701F3FD-5C1A-481F-713D-4AA9B4CA314E', '91002316-00c9-9553-e567-f0f07f75ac58', 'rad2e79ae09-eb70-d724-0370-fe83ae5a429c', '0', '从不'),
('21D22356-4813-64E8-70A9-84D1AF23199A', 'B4CF14E0-7886-C20E-39AE-5923BCCE169F', '145beece-5eac-533e-91b6-f23ac8bf46fe', 'rad3d3fb95a-2adb-3048-b15e-6077dd17973e', '3', '1.5-2小时'),
('21E8B943-7D7F-F159-DE7E-2EFE6BB3139A', 'DA3636C9-417E-D8FC-7800-52F460768C00', '4721c7c9-957d-eb74-04d1-bf0a47e60f76', 'rad2131f5b5-f094-248b-586b-0ac26f2e9a3c', '3', '超过30厘米'),
('21FE7ADA-3129-CFEB-664A-3DEA8EF489FE', 'F67ADE68-69FE-CE59-7008-E63B1F91E5AB', '4721c7c9-957d-eb74-04d1-bf0a47e60f76', 'rad2131f5b5-f094-248b-586b-0ac26f2e9a3c', '0', '少于10厘米'),
('220C632B-CD5A-E570-A103-2EE656938A94', '93484759-D692-672D-9228-4C5AFCAA9ADF', '9c705ae0-d36e-3de9-138c-4e782190eb18', 'rad7fc0127f-d93f-914e-bb91-ea62b458f9f9', '3', '总是'),
('22200978-E0C6-A9DE-00CE-9F3D9C65FEF2', '4DFE1916-B0F0-1AFE-031D-41440DCCA55B', 'e83cb158-83b4-a004-e4d5-ecfeda902fe5', 'rad37519809-e9d6-a9f3-961b-1a8c75b301bd', '3', '总是'),
('225D5B9B-33D2-B034-F7BB-BA7B31434837', '31974BD1-6D95-F803-AD70-4559ADBA5890', '6a1fe386-2add-0f8b-661c-de506d475b21', 'radc797a541-2c01-03bd-0500-e390bbe83822', '1', '15-30厘米'),
('22C042D2-A61B-1E2B-9889-76C9C9B18D57', 'F7A459D2-0B5D-1018-0527-BBCDE352EE31', '145beece-5eac-533e-91b6-f23ac8bf46fe', 'rad3d3fb95a-2adb-3048-b15e-6077dd17973e', '5', '从不休息'),
('22D0D7AD-383A-0F95-02F3-4345F1407479', 'A20928C1-E897-E4CC-8582-2588F9FA29CF', '9ae5d237-cbc8-9749-5437-84426c6da284', 'rad439643f6-89be-599c-d173-d8808902d3c5', '2', '1-1.5小时'),
('22D9ABDD-5EC9-8918-6E14-ECA08B25FDD8', 'A20928C1-E897-E4CC-8582-2588F9FA29CF', '039370e3-e2f6-b813-7ec7-7e0b844ddb4b', 'rad474bca01-e477-99b5-27f3-66d5ac270a60', '2', '不清楚'),
('22F1FB0C-0B97-7AE2-6625-548C173D599C', '5467762E-9C18-AE51-A3F1-915D5BFB21EE', '6a1fe386-2add-0f8b-661c-de506d475b21', 'radc797a541-2c01-03bd-0500-e390bbe83822', '1', '15-30厘米'),
('22F25B1E-B3D6-2E2F-4A4D-4D92DD9BC862', '0A30BF3B-B061-CEBF-52AE-D8C5611144C8', '5bc2c341-5b4b-b3a8-b208-1aba371a6f4f', 'radc91e1090-11f6-3208-c57f-cf560103d6ce', '2', '经常'),
('2365468A-D2E4-FC97-BD5D-C7D98514A0C4', 'F4322BA4-183B-25DF-7285-774667C0F36A', 'c7d9d4c4-9137-900c-9cd8-3d941ba8e82e', 'rad93900683-bca1-aefe-be1c-f0bf3b26e8a4', '3', '超过3米'),
('2369D34F-AA67-ED76-8D75-CAB0745B58FE', 'F657097C-B5DA-BF72-CAE3-0EE04A85B891', 'e83cb158-83b4-a004-e4d5-ecfeda902fe5', 'rad37519809-e9d6-a9f3-961b-1a8c75b301bd', '1', '偶尔'),
('23D5C667-03E8-DF43-FCB7-F551F8677222', '20BAB38A-F4C2-919B-1F36-DD3800A5FB6D', '145beece-5eac-533e-91b6-f23ac8bf46fe', 'rad3d3fb95a-2adb-3048-b15e-6077dd17973e', '5', '从不休息'),
('244C6E29-3D72-9DC1-03D9-D6401C730B24', '4C24D38B-8E28-B833-067A-0D24DC5A06AA', '039370e3-e2f6-b813-7ec7-7e0b844ddb4b', 'rad474bca01-e477-99b5-27f3-66d5ac270a60', '2', '不清楚'),
('247DE06C-865C-5DCC-842A-07B509402B29', '1866C035-EFBE-F08D-FD20-6FEC88F5D73E', '5bc2c341-5b4b-b3a8-b208-1aba371a6f4f', 'radc91e1090-11f6-3208-c57f-cf560103d6ce', '1', '偶尔'),
('24915019-4C5B-8DB7-E31F-34B929A9A7A2', '8FDAFC98-136D-30F6-CF6B-B8845F3685BD', 'e83cb158-83b4-a004-e4d5-ecfeda902fe5', 'rad37519809-e9d6-a9f3-961b-1a8c75b301bd', '0', '从不'),
('2494C538-5483-0A87-E4EC-1754F3D38D42', 'FA76F62E-40C5-8251-1DE5-815C9EB00048', '9c705ae0-d36e-3de9-138c-4e782190eb18', 'rad7fc0127f-d93f-914e-bb91-ea62b458f9f9', '3', '总是'),
('24A438C0-B00C-4E5E-5E92-67A1CDB2D319', '253B0D0F-1832-4553-AF8D-DB12076F2805', '4721c7c9-957d-eb74-04d1-bf0a47e60f76', 'rad2131f5b5-f094-248b-586b-0ac26f2e9a3c', '2', '21-30厘米'),
('2500B2A4-8ED6-1A75-7F90-1896F21FF83D', '7397EC4A-1473-987A-DA84-7FD15EE09BEB', '6a1fe386-2add-0f8b-661c-de506d475b21', 'radc797a541-2c01-03bd-0500-e390bbe83822', '3', '超过50厘米'),
('25149885-A198-744D-827B-F720E769259F', '2DB3AC6D-A112-06A2-359B-9DF7E956280D', '6a1fe386-2add-0f8b-661c-de506d475b21', 'radc797a541-2c01-03bd-0500-e390bbe83822', '0', '少于15厘米'),
('252bf648-c03a-70fb-ea01-553c3b036806', '2cd4fb5d-b929-39c2-955f-4faa1f0b4307', 'b2b5adf9-c962-0841-9c24-cdbfdc7b34be', 'rad9a88a14a-bdf5-a41b-4495-e81d32a39d64', '0,5,8', '远眺休息眼睛,户外活动休息眼睛,看绿色植物休息眼睛'),
('256C00A6-8383-D56F-E0AA-878B956B836A', '5432EE5D-D471-FDB2-A461-715E9D202896', 'e566e989-65fd-f8b2-1679-ebe41475503d', 'rad7b4df87c-dbb7-7ccd-eb36-ed00a20c718b', '3,8', '做眼保健操休息眼睛,看绿色植物休息眼睛'),
('259C5E3A-3637-7701-B2A2-167F27EC7E0C', 'F37D1C10-F546-47AB-E844-63BF6C62881A', '5bc2c341-5b4b-b3a8-b208-1aba371a6f4f', 'radc91e1090-11f6-3208-c57f-cf560103d6ce', '0', '从不'),
('25D7D4B4-8769-7FB7-9E8F-00934F808C68', 'A9EB8C13-5723-0267-7E50-458CFB1FBDE8', '4721c7c9-957d-eb74-04d1-bf0a47e60f76', 'rad2131f5b5-f094-248b-586b-0ac26f2e9a3c', '2', '21-30厘米'),
('25FA6455-46B0-1D3D-B0CA-581D151EE6CE', '72870223-8FDD-5A6E-4F73-EE48BF56C58A', '91002316-00c9-9553-e567-f0f07f75ac58', 'rad2e79ae09-eb70-d724-0370-fe83ae5a429c', '3', '总是'),
('261C12C8-12B5-4F62-274C-464EB1ED89C7', '3FEE4C58-6EFE-0D2F-B672-F26C2BBFFF1F', '9ae5d237-cbc8-9749-5437-84426c6da284', 'rad439643f6-89be-599c-d173-d8808902d3c5', '0', '0.5小时以内'),
('262BC905-B503-E805-BC3F-77B2874807B3', 'B2D6D6A2-38BC-F8A7-58D8-6CBEB1AB926D', 'c7d9d4c4-9137-900c-9cd8-3d941ba8e82e', 'rad93900683-bca1-aefe-be1c-f0bf3b26e8a4', '2', '2-3米'),
('2638B4F1-5EA8-7312-B217-3045BD5797A1', 'BF0D0869-87B5-62DA-0F21-4459A8BE911C', '6a1fe386-2add-0f8b-661c-de506d475b21', 'radc797a541-2c01-03bd-0500-e390bbe83822', '0', '少于15厘米'),
('26393643-461E-8481-D5D6-2DED709FC301', '66F182F0-FD27-9737-F85C-F7FD301F3621', '039370e3-e2f6-b813-7ec7-7e0b844ddb4b', 'rad474bca01-e477-99b5-27f3-66d5ac270a60', '1', '否'),
('263B86D1-FB61-ACF3-A711-2507EF3A6129', 'A9EB8C13-5723-0267-7E50-458CFB1FBDE8', '039370e3-e2f6-b813-7ec7-7e0b844ddb4b', 'rad474bca01-e477-99b5-27f3-66d5ac270a60', '2', '不清楚'),
('26C5BBFD-22FF-C536-8C17-6A70FDDB8304', '99A6D9E1-7736-A3EF-B801-B7A15B64D9A1', 'e83cb158-83b4-a004-e4d5-ecfeda902fe5', 'rad37519809-e9d6-a9f3-961b-1a8c75b301bd', '0', '从不'),
('26C70656-6663-0857-52A0-568CE866026C', '72870223-8FDD-5A6E-4F73-EE48BF56C58A', '4721c7c9-957d-eb74-04d1-bf0a47e60f76', 'rad2131f5b5-f094-248b-586b-0ac26f2e9a3c', '0', '少于10厘米'),
('26CB568D-A944-8EE8-195C-6A4DAFB146B3', 'E8859928-868C-F675-560A-81C6C514FCC4', '67c32e3e-ae1f-8274-370b-d88c6b33a53e', 'radf2e9260e-eee6-3699-4b3e-16dcd727ed1a', '3', '1.5-2小时'),
('26D0339D-4172-27E0-A7C2-5B82D5C4F5C2', 'A20928C1-E897-E4CC-8582-2588F9FA29CF', 'e83cb158-83b4-a004-e4d5-ecfeda902fe5', 'rad37519809-e9d6-a9f3-961b-1a8c75b301bd', '2', '经常'),
('2739BBAC-A5D9-1DA0-A5E6-6DF7827E98C5', '98AF264E-03BA-4966-CCB1-3EE02FA46455', '91002316-00c9-9553-e567-f0f07f75ac58', 'rad2e79ae09-eb70-d724-0370-fe83ae5a429c', '3', '总是'),
('2752361F-27ED-E3E8-5558-38DAD36D46E9', 'F37D1C10-F546-47AB-E844-63BF6C62881A', 'e83cb158-83b4-a004-e4d5-ecfeda902fe5', 'rad37519809-e9d6-a9f3-961b-1a8c75b301bd', '3', '总是'),
('277EE1F5-6881-A4B5-1045-EC5202A58366', 'F7A459D2-0B5D-1018-0527-BBCDE352EE31', '6a1fe386-2add-0f8b-661c-de506d475b21', 'radc797a541-2c01-03bd-0500-e390bbe83822', '3', '超过50厘米'),
('27855576-A8A5-EAE1-69DE-25CAE7648467', 'DA3636C9-417E-D8FC-7800-52F460768C00', '039370e3-e2f6-b813-7ec7-7e0b844ddb4b', 'rad474bca01-e477-99b5-27f3-66d5ac270a60', '2', '不清楚'),
('27B98349-46B6-3929-F03D-644E20145F20', 'F7A459D2-0B5D-1018-0527-BBCDE352EE31', '039370e3-e2f6-b813-7ec7-7e0b844ddb4b', 'rad474bca01-e477-99b5-27f3-66d5ac270a60', '1', '否'),
('27C957E9-CA0E-92D3-2876-373425B8F77B', '5A96EEC7-F5ED-4158-60A0-70CA1A8B00B5', '67c32e3e-ae1f-8274-370b-d88c6b33a53e', 'radf2e9260e-eee6-3699-4b3e-16dcd727ed1a', '0', '0.5小时以内'),
('27D6399C-B9BD-E91C-CFB0-F9E8CD9DC5E0', 'B2D6D6A2-38BC-F8A7-58D8-6CBEB1AB926D', '91002316-00c9-9553-e567-f0f07f75ac58', 'rad2e79ae09-eb70-d724-0370-fe83ae5a429c', '3', '总是'),
('2813FEED-AC31-1B92-BC54-42A397AAF961', '6C8AE7BE-4018-D77A-7504-6BCC32E66B29', '039370e3-e2f6-b813-7ec7-7e0b844ddb4b', 'rad474bca01-e477-99b5-27f3-66d5ac270a60', '0', '是'),
('28280CBB-48F6-8974-9F88-9BD0EDA97082', 'B1F7DED9-D53E-E265-6749-7A3C93743573', '91002316-00c9-9553-e567-f0f07f75ac58', 'rad2e79ae09-eb70-d724-0370-fe83ae5a429c', '2', '经常'),
('2873E218-267A-6183-7130-EF756E890F48', '0701F3FD-5C1A-481F-713D-4AA9B4CA314E', '9c705ae0-d36e-3de9-138c-4e782190eb18', 'rad7fc0127f-d93f-914e-bb91-ea62b458f9f9', '0', '从不'),
('28B0B1CE-C895-D35E-E5D6-3D6E52AD8E9B', '01C3F245-74B1-CE18-8628-5E42233CD937', '5bc2c341-5b4b-b3a8-b208-1aba371a6f4f', 'radc91e1090-11f6-3208-c57f-cf560103d6ce', '0', '从不'),
('28D91AC8-1E15-8664-058B-493FE487E9D0', '4E207B40-B9DD-972B-6B38-9E60A3EE80D6', '039370e3-e2f6-b813-7ec7-7e0b844ddb4b', 'rad474bca01-e477-99b5-27f3-66d5ac270a60', '1', '否'),
('290A6160-43ED-765D-C40A-25C39518D94B', '80FFED84-104B-6235-B9E0-8AB8D9812941', '9ae5d237-cbc8-9749-5437-84426c6da284', 'rad439643f6-89be-599c-d173-d8808902d3c5', '5', '从不休息'),
('2911FF59-B91D-9DAD-C042-E7AA86DE34AD', '920AB2EB-8296-D706-0DA4-EC8F6CB970AB', 'e566e989-65fd-f8b2-1679-ebe41475503d', 'rad7b4df87c-dbb7-7ccd-eb36-ed00a20c718b', '0,3,8', '远眺休息眼睛,做眼保健操休息眼睛,看绿色植物休息眼睛'),
('29462D1D-82E7-5553-6A9A-74D87F98B480', 'F37D1C10-F546-47AB-E844-63BF6C62881A', '145beece-5eac-533e-91b6-f23ac8bf46fe', 'rad3d3fb95a-2adb-3048-b15e-6077dd17973e', '4', '超过2小时'),
('295B940A-B842-0616-EF92-960D24D81569', '030BDFF9-5BDF-A203-ECE8-DD68B137B6D7', '6a1fe386-2add-0f8b-661c-de506d475b21', 'radc797a541-2c01-03bd-0500-e390bbe83822', '0', '少于15厘米'),
('2A0E4A0B-5A6C-32A4-5177-DB51E00ADD48', '5432EE5D-D471-FDB2-A461-715E9D202896', '9ae5d237-cbc8-9749-5437-84426c6da284', 'rad439643f6-89be-599c-d173-d8808902d3c5', '1', '0.5-1小时'),
('2A13DA40-A497-5427-948D-BA5BC63FBCA1', 'E2020DE8-9EB7-16D0-D801-C6CF6ECAFD7C', 'e83cb158-83b4-a004-e4d5-ecfeda902fe5', 'rad37519809-e9d6-a9f3-961b-1a8c75b301bd', '2', '经常'),
('2A35114A-0D8D-1FE5-AC12-E1D29F01DCA5', '9FA3D59F-9DC2-E62C-84E6-7B5DD301D6C0', 'e83cb158-83b4-a004-e4d5-ecfeda902fe5', 'rad37519809-e9d6-a9f3-961b-1a8c75b301bd', '0', '从不'),
('2A4F8331-F8A1-7AC7-EC63-E4AEA3AEF010', 'B563CC59-188A-4236-6463-4A581651AD55', '4721c7c9-957d-eb74-04d1-bf0a47e60f76', 'rad2131f5b5-f094-248b-586b-0ac26f2e9a3c', '3', '超过30厘米'),
('2A93ECA1-AAC1-7AE3-7056-C195D4CE8F05', '0701F3FD-5C1A-481F-713D-4AA9B4CA314E', '145beece-5eac-533e-91b6-f23ac8bf46fe', 'rad3d3fb95a-2adb-3048-b15e-6077dd17973e', '1', '0.5-1小时'),
('2ACF45E1-3B6E-D340-DC0B-D71285B7DDFF', '4EECC38A-BF84-F30F-1BE7-213D1EFBB617', '6a1fe386-2add-0f8b-661c-de506d475b21', 'radc797a541-2c01-03bd-0500-e390bbe83822', '2', '31-50厘米'),
('2ADED060-2ABA-E7C5-9FF7-FF02797719E5', 'D81DC3B3-E47D-3A8C-C338-EF4733374C13', '9c705ae0-d36e-3de9-138c-4e782190eb18', 'rad7fc0127f-d93f-914e-bb91-ea62b458f9f9', '0', '从不'),
('2B010882-FFFB-812C-0268-F762D58D9CD7', '476E1E91-C9FC-7AC3-5776-6916ECC17162', '5bc2c341-5b4b-b3a8-b208-1aba371a6f4f', 'radc91e1090-11f6-3208-c57f-cf560103d6ce', '2', '经常'),
('2B3682AF-8038-58B5-2199-C41A04FFCB8A', '9FA3D59F-9DC2-E62C-84E6-7B5DD301D6C0', '5bc2c341-5b4b-b3a8-b208-1aba371a6f4f', 'radc91e1090-11f6-3208-c57f-cf560103d6ce', '1', '偶尔'),
('2B3FB146-EB4F-8A5D-412D-D10F4E317CBC', '3BB1A79F-34CA-166F-DF0D-3F3203DB26EF', 'e566e989-65fd-f8b2-1679-ebe41475503d', 'rad7b4df87c-dbb7-7ccd-eb36-ed00a20c718b', '0,1,5', '远眺休息眼睛,轻微活动休息眼睛,户外活动休息眼睛'),
('2C2627F7-1CFE-A037-2E07-A7EA2B59C9A6', '3B8CB567-353D-A73D-51F8-EEE5200DF84C', '6a1fe386-2add-0f8b-661c-de506d475b21', 'radc797a541-2c01-03bd-0500-e390bbe83822', '3', '超过50厘米'),
('2C4B24B9-BDC2-33C1-3BA3-B4F278FB70C5', '44BF359D-3BD7-5547-3867-1D187F64433A', 'e83cb158-83b4-a004-e4d5-ecfeda902fe5', 'rad37519809-e9d6-a9f3-961b-1a8c75b301bd', '3', '总是'),
('2CAB7A77-5045-6262-A22A-CD6B00FB3E5B', 'B4CF14E0-7886-C20E-39AE-5923BCCE169F', '67c32e3e-ae1f-8274-370b-d88c6b33a53e', 'radf2e9260e-eee6-3699-4b3e-16dcd727ed1a', '1', '0.5-1小时'),
('2CCAE357-2202-E9A0-FAF0-DC34BFB4F831', 'E2020DE8-9EB7-16D0-D801-C6CF6ECAFD7C', 'c7d9d4c4-9137-900c-9cd8-3d941ba8e82e', 'rad93900683-bca1-aefe-be1c-f0bf3b26e8a4', '2', '2-3米'),
('2D7AF6A2-71A7-6D32-6F5A-226505AEB12D', '98AF264E-03BA-4966-CCB1-3EE02FA46455', 'e566e989-65fd-f8b2-1679-ebe41475503d', 'rad7b4df87c-dbb7-7ccd-eb36-ed00a20c718b', '1,4,5', '轻微活动休息眼睛,闭目休息眼睛,户外活动休息眼睛'),
('2DADC4DB-E9B8-AE61-4F9C-8CB21560D937', 'BF0D0869-87B5-62DA-0F21-4459A8BE911C', '5bc2c341-5b4b-b3a8-b208-1aba371a6f4f', 'radc91e1090-11f6-3208-c57f-cf560103d6ce', '2', '经常'),
('2DB57A16-14F4-74F7-3EF0-691D866D814D', 'C30F948F-4C43-9A47-A02E-29B3DFF2047F', 'e83cb158-83b4-a004-e4d5-ecfeda902fe5', 'rad37519809-e9d6-a9f3-961b-1a8c75b301bd', '2', '经常'),
('2DD7B774-0B4D-6398-6A33-1B89A322F529', '93484759-D692-672D-9228-4C5AFCAA9ADF', 'e566e989-65fd-f8b2-1679-ebe41475503d', 'rad7b4df87c-dbb7-7ccd-eb36-ed00a20c718b', '0,1,2,4', '远眺休息眼睛,轻微活动休息眼睛,交替望远望近休息眼睛,闭目休息眼睛'),
('2E51A2E6-6E30-D209-4E1C-C679F4E5CC43', '8061CF45-8F9F-13E3-B29C-58B1DFC93FA0', '5bc2c341-5b4b-b3a8-b208-1aba371a6f4f', 'radc91e1090-11f6-3208-c57f-cf560103d6ce', '2', '经常'),
('2E6D2CFA-32C5-4754-45AF-1576A0F71F88', 'E2020DE8-9EB7-16D0-D801-C6CF6ECAFD7C', 'e566e989-65fd-f8b2-1679-ebe41475503d', 'rad7b4df87c-dbb7-7ccd-eb36-ed00a20c718b', '1,3,4,5,8', '轻微活动休息眼睛,做眼保健操休息眼睛,闭目休息眼睛,户外活动休息眼睛,看绿色植物休息眼睛'),
('2E8689BE-AD60-79FD-DC5D-924FD448A221', '594DED5C-E68E-3F48-4CE5-39FF7B6E748B', '6a1fe386-2add-0f8b-661c-de506d475b21', 'radc797a541-2c01-03bd-0500-e390bbe83822', '0', '少于15厘米'),
('2EC07D30-1D5F-5E20-A167-D90F8340B138', '484F2F03-9639-05F6-084B-FA7E4903C7C3', '9ae5d237-cbc8-9749-5437-84426c6da284', 'rad439643f6-89be-599c-d173-d8808902d3c5', '2', '1-1.5小时'),
('2ee6eb5c-ccb5-85d4-5494-4917c5cf75da', '2cd4fb5d-b929-39c2-955f-4faa1f0b4307', '65eec3e6-9ae9-3c0d-0c32-e9ccf0963038', 'radd8e435bc-ff92-7150-7b38-4df369650edb', '1', '偶尔'),
('2EEEAE71-D911-8C9D-9820-82ABD37D3BDA', '0701F3FD-5C1A-481F-713D-4AA9B4CA314E', '9ae5d237-cbc8-9749-5437-84426c6da284', 'rad439643f6-89be-599c-d173-d8808902d3c5', '5', '从不休息'),
('2F006635-A964-928F-99CB-4BCD5A9CD310', '479CD03A-3725-D961-AF8A-FB1FA8FC138B', '5bc2c341-5b4b-b3a8-b208-1aba371a6f4f', 'radc91e1090-11f6-3208-c57f-cf560103d6ce', '0', '从不'),
('2F21349A-3492-AD54-8C11-A581C988FEE7', 'E295B98F-DA83-5E72-4401-8D6DAC3F0DBB', '9c705ae0-d36e-3de9-138c-4e782190eb18', 'rad7fc0127f-d93f-914e-bb91-ea62b458f9f9', '1', '偶尔'),
('2F37E7DF-2371-C38E-B1B5-4E4671B2FADD', 'F7689B92-C69C-A217-8C12-BEA7C248E8F6', 'e83cb158-83b4-a004-e4d5-ecfeda902fe5', 'rad37519809-e9d6-a9f3-961b-1a8c75b301bd', '1', '偶尔'),
('2FE64819-5656-52F1-5C00-F4330B5E6F83', '1866C035-EFBE-F08D-FD20-6FEC88F5D73E', 'e566e989-65fd-f8b2-1679-ebe41475503d', 'rad7b4df87c-dbb7-7ccd-eb36-ed00a20c718b', '0,2,3,4,8', '远眺休息眼睛,交替望远望近休息眼睛,做眼保健操休息眼睛,闭目休息眼睛,看绿色植物休息眼睛'),
('3034BB29-2AF0-D4EA-F09D-1BA06EFA1D99', '6C8AE7BE-4018-D77A-7504-6BCC32E66B29', '4721c7c9-957d-eb74-04d1-bf0a47e60f76', 'rad2131f5b5-f094-248b-586b-0ac26f2e9a3c', '3', '超过30厘米'),
('303E5FC0-835D-03DA-5B96-1485561B37A2', 'D81DC3B3-E47D-3A8C-C338-EF4733374C13', '67c32e3e-ae1f-8274-370b-d88c6b33a53e', 'radf2e9260e-eee6-3699-4b3e-16dcd727ed1a', '5', '从不休息'),
('311A6AA8-1C69-38F7-5FC1-3BB33B7E0C82', 'C2CF7220-17A0-EE89-F8B2-9F62976F72F3', '145beece-5eac-533e-91b6-f23ac8bf46fe', 'rad3d3fb95a-2adb-3048-b15e-6077dd17973e', '4', '超过2小时'),
('312EAF38-FB40-1F32-0D48-E54F2056FD52', '4DFE1916-B0F0-1AFE-031D-41440DCCA55B', '4721c7c9-957d-eb74-04d1-bf0a47e60f76', 'rad2131f5b5-f094-248b-586b-0ac26f2e9a3c', '1', '11-20厘米'),
('3131216E-B39D-5A01-DCC7-0E01B5533510', 'D8580F15-04B8-E0B5-526A-EB7DD20B7C15', '9c705ae0-d36e-3de9-138c-4e782190eb18', 'rad7fc0127f-d93f-914e-bb91-ea62b458f9f9', '2', '经常'),
('317C4188-CF23-8B04-A778-614939F30128', 'F7689B92-C69C-A217-8C12-BEA7C248E8F6', 'e566e989-65fd-f8b2-1679-ebe41475503d', 'rad7b4df87c-dbb7-7ccd-eb36-ed00a20c718b', '2,5', '交替望远望近休息眼睛,户外活动休息眼睛'),
('3186D6BF-04CA-6E97-7AA6-9FB8DF49BE96', 'DA3636C9-417E-D8FC-7800-52F460768C00', '67c32e3e-ae1f-8274-370b-d88c6b33a53e', 'radf2e9260e-eee6-3699-4b3e-16dcd727ed1a', '0', '0.5小时以内'),
('31884927-D550-B886-607F-D7264EF6FFD5', 'C3BBC740-0938-2D72-821D-D05A30E3EBF4', '91002316-00c9-9553-e567-f0f07f75ac58', 'rad2e79ae09-eb70-d724-0370-fe83ae5a429c', '0', '从不'),
('319352EB-9419-0C73-438A-844CA7BDC89C', 'E8859928-868C-F675-560A-81C6C514FCC4', '6a1fe386-2add-0f8b-661c-de506d475b21', 'radc797a541-2c01-03bd-0500-e390bbe83822', '3', '超过50厘米'),
('31C490FC-6140-9676-5879-1544B13854AD', '4EECC38A-BF84-F30F-1BE7-213D1EFBB617', '67c32e3e-ae1f-8274-370b-d88c6b33a53e', 'radf2e9260e-eee6-3699-4b3e-16dcd727ed1a', '0', '0.5小时以内'),
('31CEC9F4-D519-88C1-E70C-8F8B26ABCA93', '8061CF45-8F9F-13E3-B29C-58B1DFC93FA0', 'e566e989-65fd-f8b2-1679-ebe41475503d', 'rad7b4df87c-dbb7-7ccd-eb36-ed00a20c718b', '3,5', '做眼保健操休息眼睛,户外活动休息眼睛'),
('3208B3D9-44CE-4E9B-8752-51819FC7D066', '98AF264E-03BA-4966-CCB1-3EE02FA46455', '145beece-5eac-533e-91b6-f23ac8bf46fe', 'rad3d3fb95a-2adb-3048-b15e-6077dd17973e', '5', '从不休息'),
('322A8E3D-15B6-090A-0D08-5FE623E44646', '8061CF45-8F9F-13E3-B29C-58B1DFC93FA0', '039370e3-e2f6-b813-7ec7-7e0b844ddb4b', 'rad474bca01-e477-99b5-27f3-66d5ac270a60', '0', '是'),
('322AE4FC-6C0D-C99B-4C7B-7F1117BD121F', '7BF08113-36CB-6A5E-AD30-650C8EBD189E', '039370e3-e2f6-b813-7ec7-7e0b844ddb4b', 'rad474bca01-e477-99b5-27f3-66d5ac270a60', '2', '不清楚'),
('322D1393-89D9-89A6-52EF-E37A69978807', '7D935D58-CA4D-4104-A9BF-9847252749CD', '91002316-00c9-9553-e567-f0f07f75ac58', 'rad2e79ae09-eb70-d724-0370-fe83ae5a429c', '1', '偶尔'),
('323C0EA9-C195-4F54-5CA1-E228EA85E558', '026765AB-A2F6-C670-23E0-9FA882D1306A', '4721c7c9-957d-eb74-04d1-bf0a47e60f76', 'rad2131f5b5-f094-248b-586b-0ac26f2e9a3c', '2', '21-30厘米'),
('325A8AE6-E27A-80D9-27D9-92326D8D9545', '7D935D58-CA4D-4104-A9BF-9847252749CD', '5bc2c341-5b4b-b3a8-b208-1aba371a6f4f', 'radc91e1090-11f6-3208-c57f-cf560103d6ce', '0', '从不'),
('3267C9F6-BE6B-170B-C816-363551932177', '441D80A7-FFDF-11BD-1925-DC889D5F7111', 'c7d9d4c4-9137-900c-9cd8-3d941ba8e82e', 'rad93900683-bca1-aefe-be1c-f0bf3b26e8a4', '2', '2-3米'),
('32A5CE10-1CF0-3FB5-B567-0DC429F5A2CE', '441D80A7-FFDF-11BD-1925-DC889D5F7111', '4721c7c9-957d-eb74-04d1-bf0a47e60f76', 'rad2131f5b5-f094-248b-586b-0ac26f2e9a3c', '3', '超过30厘米'),
('334759AD-38CE-D5FC-D5DC-D0EE06EECAF1', 'BF0D0869-87B5-62DA-0F21-4459A8BE911C', '039370e3-e2f6-b813-7ec7-7e0b844ddb4b', 'rad474bca01-e477-99b5-27f3-66d5ac270a60', '2', '不清楚'),
('334C85BB-19FA-7C1D-6D43-DAE991561B45', '2DB3AC6D-A112-06A2-359B-9DF7E956280D', '67c32e3e-ae1f-8274-370b-d88c6b33a53e', 'radf2e9260e-eee6-3699-4b3e-16dcd727ed1a', '2', '1-1.5小时'),
('33525DDF-CE9E-3FA8-116F-AFBB41E864C6', '92ED7B93-4A09-C1BD-17C3-01F30709A859', '145beece-5eac-533e-91b6-f23ac8bf46fe', 'rad3d3fb95a-2adb-3048-b15e-6077dd17973e', '0', '0.5小时以内'),
('3360DC75-6D21-9C46-4C70-1BB0793448F9', '7BF08113-36CB-6A5E-AD30-650C8EBD189E', '145beece-5eac-533e-91b6-f23ac8bf46fe', 'rad3d3fb95a-2adb-3048-b15e-6077dd17973e', '1', '0.5-1小时'),
('33A9BB20-0F6C-CC3C-C090-C6B41B641E0A', '920AB2EB-8296-D706-0DA4-EC8F6CB970AB', '9c705ae0-d36e-3de9-138c-4e782190eb18', 'rad7fc0127f-d93f-914e-bb91-ea62b458f9f9', '3', '总是'),
('33B08E6D-02D1-2EE4-CC50-816F72234B20', '5F4A3B52-3FEF-7614-EF5D-2C4700B55778', '4721c7c9-957d-eb74-04d1-bf0a47e60f76', 'rad2131f5b5-f094-248b-586b-0ac26f2e9a3c', '2', '21-30厘米'),
('33E55987-84C5-79EC-7761-AF642A9FE1A1', '98F141FB-2511-826C-471D-7668C10E2CFD', '039370e3-e2f6-b813-7ec7-7e0b844ddb4b', 'rad474bca01-e477-99b5-27f3-66d5ac270a60', '1', '否'),
('3430CA7D-BE2F-1DC0-18C9-47616B7C3D46', '92ED7B93-4A09-C1BD-17C3-01F30709A859', '6a1fe386-2add-0f8b-661c-de506d475b21', 'radc797a541-2c01-03bd-0500-e390bbe83822', '0', '少于15厘米'),
('3484E151-396A-DF58-4BAE-13662B2E3D01', 'DD7DA2CB-F771-3E46-D72B-FBD338702BBE', '039370e3-e2f6-b813-7ec7-7e0b844ddb4b', 'rad474bca01-e477-99b5-27f3-66d5ac270a60', '1', '否'),
('34E758FB-389C-CF7C-D05C-BCBA81231979', '44BF359D-3BD7-5547-3867-1D187F64433A', '6a1fe386-2add-0f8b-661c-de506d475b21', 'radc797a541-2c01-03bd-0500-e390bbe83822', '3', '超过50厘米'),
('350CB140-B143-6E4C-C2C9-27937DF7ADAB', '4DFE1916-B0F0-1AFE-031D-41440DCCA55B', '67c32e3e-ae1f-8274-370b-d88c6b33a53e', 'radf2e9260e-eee6-3699-4b3e-16dcd727ed1a', '5', '从不休息'),
('350E30A8-5663-01A1-5B15-6413675E31EF', '594DED5C-E68E-3F48-4CE5-39FF7B6E748B', 'e566e989-65fd-f8b2-1679-ebe41475503d', 'rad7b4df87c-dbb7-7ccd-eb36-ed00a20c718b', '0,5', '远眺休息眼睛,户外活动休息眼睛'),
('3511975E-9E29-E2BC-35A8-D8690E6236CF', '7008FFE4-D0A3-18B5-519E-98BF23E4D28F', '6a1fe386-2add-0f8b-661c-de506d475b21', 'radc797a541-2c01-03bd-0500-e390bbe83822', '3', '超过50厘米'),
('356311CC-C0EA-345F-0753-0C90439945D1', 'B670929B-C8F0-DD41-C3E2-DE3501F72643', '67c32e3e-ae1f-8274-370b-d88c6b33a53e', 'radf2e9260e-eee6-3699-4b3e-16dcd727ed1a', '5', '从不休息'),
('3591C822-0860-8A78-EA69-FE23EC3CB087', '3B8CB567-353D-A73D-51F8-EEE5200DF84C', '67c32e3e-ae1f-8274-370b-d88c6b33a53e', 'radf2e9260e-eee6-3699-4b3e-16dcd727ed1a', '0', '0.5小时以内'),
('35F4E0BB-9FDB-4A01-0AA8-925077537021', '89843604-8761-1E31-70F8-F96E4D7D6CA4', '5bc2c341-5b4b-b3a8-b208-1aba371a6f4f', 'radc91e1090-11f6-3208-c57f-cf560103d6ce', '2', '经常'),
('36207B6F-E9E1-8FFD-F34D-11BEF60DC8BC', 'EDB0960E-01AE-EDE6-1E1D-34EC8E420548', '5bc2c341-5b4b-b3a8-b208-1aba371a6f4f', 'radc91e1090-11f6-3208-c57f-cf560103d6ce', '2', '经常'),
('3641F345-1225-BF4D-71D6-FA0DBE04AA5F', 'B670929B-C8F0-DD41-C3E2-DE3501F72643', '039370e3-e2f6-b813-7ec7-7e0b844ddb4b', 'rad474bca01-e477-99b5-27f3-66d5ac270a60', '2', '不清楚');
INSERT INTO `quiz_data` (`recordID`, `childQuizID`, `askID`, `eleID`, `answerContent`, `statisticalValue`) VALUES
('364AC23D-2645-3CAE-D2A6-BEB2D45A2277', 'E295B98F-DA83-5E72-4401-8D6DAC3F0DBB', 'c7d9d4c4-9137-900c-9cd8-3d941ba8e82e', 'rad93900683-bca1-aefe-be1c-f0bf3b26e8a4', '3', '超过3米'),
('366DD51B-2CBB-0B1A-B102-82BDB4266442', 'E2020DE8-9EB7-16D0-D801-C6CF6ECAFD7C', '4721c7c9-957d-eb74-04d1-bf0a47e60f76', 'rad2131f5b5-f094-248b-586b-0ac26f2e9a3c', '2', '21-30厘米'),
('3684AF6C-7AC2-490F-D76D-BDF7EE96FEA4', '98ACAC8B-0A70-711A-DFDD-CDFCA20ECD27', 'c7d9d4c4-9137-900c-9cd8-3d941ba8e82e', 'rad93900683-bca1-aefe-be1c-f0bf3b26e8a4', '1', '1-2米'),
('36E30E06-4949-8DFD-B16D-B2D63E847485', '026765AB-A2F6-C670-23E0-9FA882D1306A', '039370e3-e2f6-b813-7ec7-7e0b844ddb4b', 'rad474bca01-e477-99b5-27f3-66d5ac270a60', '0', '是'),
('37073837-6BE9-D0CC-14B9-BF7F6B98B5D5', 'FA76F62E-40C5-8251-1DE5-815C9EB00048', '91002316-00c9-9553-e567-f0f07f75ac58', 'rad2e79ae09-eb70-d724-0370-fe83ae5a429c', '2', '经常'),
('371D7DCC-9D75-7B66-DFE4-7195AB50771C', '3B8CB567-353D-A73D-51F8-EEE5200DF84C', '145beece-5eac-533e-91b6-f23ac8bf46fe', 'rad3d3fb95a-2adb-3048-b15e-6077dd17973e', '1', '0.5-1小时'),
('37C4E4EC-D971-CD62-6F20-156C6876018E', '0A30BF3B-B061-CEBF-52AE-D8C5611144C8', 'e566e989-65fd-f8b2-1679-ebe41475503d', 'rad7b4df87c-dbb7-7ccd-eb36-ed00a20c718b', '0,2', '远眺休息眼睛,交替望远望近休息眼睛'),
('38805029-3506-8D54-B156-10C3EE208A71', '80FFED84-104B-6235-B9E0-8AB8D9812941', 'c7d9d4c4-9137-900c-9cd8-3d941ba8e82e', 'rad93900683-bca1-aefe-be1c-f0bf3b26e8a4', '1', '1-2米'),
('388F9C9E-8C76-DC3D-B8F0-9ED72E76A58C', 'F9A6B033-FED8-5917-4D8E-08326A5E5669', '039370e3-e2f6-b813-7ec7-7e0b844ddb4b', 'rad474bca01-e477-99b5-27f3-66d5ac270a60', '0', '是'),
('38903B20-6EA6-2402-A72E-9F718CA5B468', 'ED9FC926-8476-8046-F2F7-BC1A0BA1E4D5', '039370e3-e2f6-b813-7ec7-7e0b844ddb4b', 'rad474bca01-e477-99b5-27f3-66d5ac270a60', '1', '否'),
('38AB706D-22EB-D8E1-BF39-398C3B917F21', '7D935D58-CA4D-4104-A9BF-9847252749CD', '6a1fe386-2add-0f8b-661c-de506d475b21', 'radc797a541-2c01-03bd-0500-e390bbe83822', '3', '超过50厘米'),
('38B038ED-3876-43E1-3950-67EF88031DE2', '9FA3D59F-9DC2-E62C-84E6-7B5DD301D6C0', '91002316-00c9-9553-e567-f0f07f75ac58', 'rad2e79ae09-eb70-d724-0370-fe83ae5a429c', '0', '从不'),
('38BED07B-87B8-F56E-16F9-100420B71C09', '8FDAFC98-136D-30F6-CF6B-B8845F3685BD', '5bc2c341-5b4b-b3a8-b208-1aba371a6f4f', 'radc91e1090-11f6-3208-c57f-cf560103d6ce', '3', '总是'),
('38C1F059-0840-E75B-8256-D15373BE994E', 'F4322BA4-183B-25DF-7285-774667C0F36A', '9ae5d237-cbc8-9749-5437-84426c6da284', 'rad439643f6-89be-599c-d173-d8808902d3c5', '2', '1-1.5小时'),
('38E0B453-C7ED-3DF6-77C5-6C30ED921847', 'E2020DE8-9EB7-16D0-D801-C6CF6ECAFD7C', '039370e3-e2f6-b813-7ec7-7e0b844ddb4b', 'rad474bca01-e477-99b5-27f3-66d5ac270a60', '1', '否'),
('38E4641B-1DC1-4844-5A8D-BD96F305ADC1', 'F9A6B033-FED8-5917-4D8E-08326A5E5669', '67c32e3e-ae1f-8274-370b-d88c6b33a53e', 'radf2e9260e-eee6-3699-4b3e-16dcd727ed1a', '3', '1.5-2小时'),
('38F94D3D-3382-3DDD-4BB5-084042DF652A', '92ED7B93-4A09-C1BD-17C3-01F30709A859', '9c705ae0-d36e-3de9-138c-4e782190eb18', 'rad7fc0127f-d93f-914e-bb91-ea62b458f9f9', '0', '从不'),
('38FC3526-0FC9-ADAD-9854-3BFBD183C6A1', 'E295B98F-DA83-5E72-4401-8D6DAC3F0DBB', '9ae5d237-cbc8-9749-5437-84426c6da284', 'rad439643f6-89be-599c-d173-d8808902d3c5', '4', '超过2小时'),
('3929C80C-DA0A-4A6A-65A8-98628DE259F2', 'BF0D0869-87B5-62DA-0F21-4459A8BE911C', 'e83cb158-83b4-a004-e4d5-ecfeda902fe5', 'rad37519809-e9d6-a9f3-961b-1a8c75b301bd', '1', '偶尔'),
('3937FD05-9F82-1B4A-CFE6-DACFE4BA2FBB', 'F7A459D2-0B5D-1018-0527-BBCDE352EE31', '4721c7c9-957d-eb74-04d1-bf0a47e60f76', 'rad2131f5b5-f094-248b-586b-0ac26f2e9a3c', '2', '21-30厘米'),
('393C00D7-6B8F-A712-4297-B7EF327D1BC7', '4C24D38B-8E28-B833-067A-0D24DC5A06AA', '6a1fe386-2add-0f8b-661c-de506d475b21', 'radc797a541-2c01-03bd-0500-e390bbe83822', '2', '31-50厘米'),
('39409B14-E48B-96A9-E540-4E9D7F839019', '0701F3FD-5C1A-481F-713D-4AA9B4CA314E', '039370e3-e2f6-b813-7ec7-7e0b844ddb4b', 'rad474bca01-e477-99b5-27f3-66d5ac270a60', '0', '是'),
('396E21F6-59BD-CA73-D05E-78C2B33EB29A', '026765AB-A2F6-C670-23E0-9FA882D1306A', 'e566e989-65fd-f8b2-1679-ebe41475503d', 'rad7b4df87c-dbb7-7ccd-eb36-ed00a20c718b', '2', '交替望远望近休息眼睛'),
('399EE6DB-3759-5246-59D4-F6279562B32E', '24E1F4D7-3A24-42AB-322C-1C28CF7D944B', '4721c7c9-957d-eb74-04d1-bf0a47e60f76', 'rad2131f5b5-f094-248b-586b-0ac26f2e9a3c', '1', '11-20厘米'),
('39BAFF13-4EF8-5685-94DA-9FDE19D832B0', '98ACAC8B-0A70-711A-DFDD-CDFCA20ECD27', '039370e3-e2f6-b813-7ec7-7e0b844ddb4b', 'rad474bca01-e477-99b5-27f3-66d5ac270a60', '2', '不清楚'),
('39CB32F6-D84D-BDE4-B036-EDB78592239F', '31974BD1-6D95-F803-AD70-4559ADBA5890', '4721c7c9-957d-eb74-04d1-bf0a47e60f76', 'rad2131f5b5-f094-248b-586b-0ac26f2e9a3c', '1', '11-20厘米'),
('3A2E1527-D168-98B7-CB04-E202BBBE42BE', 'AB6B921B-753D-9027-4341-64CABC248921', '5bc2c341-5b4b-b3a8-b208-1aba371a6f4f', 'radc91e1090-11f6-3208-c57f-cf560103d6ce', '2', '经常'),
('3AB98366-B78E-B04E-1714-DD019D5D45CE', '93484759-D692-672D-9228-4C5AFCAA9ADF', '039370e3-e2f6-b813-7ec7-7e0b844ddb4b', 'rad474bca01-e477-99b5-27f3-66d5ac270a60', '0', '是'),
('3AE174C6-619B-6BA6-CF87-8BEF5E56D735', '63ECECE2-9057-5BF3-90D0-3212F3052C80', '9ae5d237-cbc8-9749-5437-84426c6da284', 'rad439643f6-89be-599c-d173-d8808902d3c5', '0', '0.5小时以内'),
('3B6B3DE5-5051-0264-3139-4CEC3B325A0C', '253B0D0F-1832-4553-AF8D-DB12076F2805', '9ae5d237-cbc8-9749-5437-84426c6da284', 'rad439643f6-89be-599c-d173-d8808902d3c5', '4', '超过2小时'),
('3B6DAF86-AE25-CB10-AAB1-540FE60C2CA3', '61539D46-2310-AAFE-1339-01B660CD4C66', 'e83cb158-83b4-a004-e4d5-ecfeda902fe5', 'rad37519809-e9d6-a9f3-961b-1a8c75b301bd', '0', '从不'),
('3BCACFF7-3093-EA3F-7CE8-CC55C3F90989', 'C2CF7220-17A0-EE89-F8B2-9F62976F72F3', '67c32e3e-ae1f-8274-370b-d88c6b33a53e', 'radf2e9260e-eee6-3699-4b3e-16dcd727ed1a', '5', '从不休息'),
('3BD60BBD-DD29-2263-EF08-D8E202EDB35F', '99A6D9E1-7736-A3EF-B801-B7A15B64D9A1', '9c705ae0-d36e-3de9-138c-4e782190eb18', 'rad7fc0127f-d93f-914e-bb91-ea62b458f9f9', '0', '从不'),
('3BFBA0FE-3B3D-7743-554B-1457927B86BE', '4829D924-3E87-A91F-E1A8-F6060DF8962F', '6a1fe386-2add-0f8b-661c-de506d475b21', 'radc797a541-2c01-03bd-0500-e390bbe83822', '0', '少于15厘米'),
('3C2448CC-43A3-9F60-6337-B434BD42538B', '31974BD1-6D95-F803-AD70-4559ADBA5890', '9ae5d237-cbc8-9749-5437-84426c6da284', 'rad439643f6-89be-599c-d173-d8808902d3c5', '4', '超过2小时'),
('3C24A514-4905-EC2D-A2BB-9E3FA0658C08', 'EDB0960E-01AE-EDE6-1E1D-34EC8E420548', 'e566e989-65fd-f8b2-1679-ebe41475503d', 'rad7b4df87c-dbb7-7ccd-eb36-ed00a20c718b', '0,2,8', '远眺休息眼睛,交替望远望近休息眼睛,看绿色植物休息眼睛'),
('3C262738-ACDB-38FC-14A5-BB0EA71F2EAA', 'D8580F15-04B8-E0B5-526A-EB7DD20B7C15', '9ae5d237-cbc8-9749-5437-84426c6da284', 'rad439643f6-89be-599c-d173-d8808902d3c5', '5', '从不休息'),
('3C4BDB11-8FAC-AA99-8846-9A547B3EB28A', '92ED7B93-4A09-C1BD-17C3-01F30709A859', '4721c7c9-957d-eb74-04d1-bf0a47e60f76', 'rad2131f5b5-f094-248b-586b-0ac26f2e9a3c', '3', '超过30厘米'),
('3C689259-7D5F-57B4-6D57-D8B72350F216', 'F7689B92-C69C-A217-8C12-BEA7C248E8F6', '145beece-5eac-533e-91b6-f23ac8bf46fe', 'rad3d3fb95a-2adb-3048-b15e-6077dd17973e', '2', '1-1.5小时'),
('3C76575D-89A5-B15C-D011-AF52BFE80038', 'A9479D2A-1659-3C66-8E53-FAF567636504', '9ae5d237-cbc8-9749-5437-84426c6da284', 'rad439643f6-89be-599c-d173-d8808902d3c5', '0', '0.5小时以内'),
('3C8FE607-5C5B-9CE7-A62E-6A733121B96F', 'CB525597-8FC9-1101-2719-2CEF8C7CF0E7', '145beece-5eac-533e-91b6-f23ac8bf46fe', 'rad3d3fb95a-2adb-3048-b15e-6077dd17973e', '1', '0.5-1小时'),
('3CD90E1E-DB36-B616-66C5-7E0DD25D5B56', 'D9305346-0B38-C07D-2017-BA5E2F88303C', '9c705ae0-d36e-3de9-138c-4e782190eb18', 'rad7fc0127f-d93f-914e-bb91-ea62b458f9f9', '2', '经常'),
('3D2C9FDD-7C83-24E9-7CBA-03FB22CA3144', '66F182F0-FD27-9737-F85C-F7FD301F3621', 'e83cb158-83b4-a004-e4d5-ecfeda902fe5', 'rad37519809-e9d6-a9f3-961b-1a8c75b301bd', '1', '偶尔'),
('3D572171-BC2F-6456-420B-36AFC6C1DBB3', 'D3CC81A1-4699-56D6-391C-62F35B4DA2B8', '4721c7c9-957d-eb74-04d1-bf0a47e60f76', 'rad2131f5b5-f094-248b-586b-0ac26f2e9a3c', '2', '21-30厘米'),
('3D6604B4-29B3-BE0C-9725-9D785E8AAA40', 'D36013E4-8995-4DB2-6F59-51E50DE6D0BF', '67c32e3e-ae1f-8274-370b-d88c6b33a53e', 'radf2e9260e-eee6-3699-4b3e-16dcd727ed1a', '5', '从不休息'),
('3D8D3ED1-385A-4B19-0120-3BD14975FF70', 'DA3636C9-417E-D8FC-7800-52F460768C00', '91002316-00c9-9553-e567-f0f07f75ac58', 'rad2e79ae09-eb70-d724-0370-fe83ae5a429c', '1', '偶尔'),
('3DC73501-6327-B29B-A589-B7B2AAD7228F', '92ED7B93-4A09-C1BD-17C3-01F30709A859', 'e83cb158-83b4-a004-e4d5-ecfeda902fe5', 'rad37519809-e9d6-a9f3-961b-1a8c75b301bd', '2', '经常'),
('3DCB14F5-C188-12B5-4122-5BA96396D5C3', '66F182F0-FD27-9737-F85C-F7FD301F3621', '6a1fe386-2add-0f8b-661c-de506d475b21', 'radc797a541-2c01-03bd-0500-e390bbe83822', '0', '少于15厘米'),
('3DE5E551-F0D3-4D26-535E-71F899D1BCA2', 'E8859928-868C-F675-560A-81C6C514FCC4', 'e83cb158-83b4-a004-e4d5-ecfeda902fe5', 'rad37519809-e9d6-a9f3-961b-1a8c75b301bd', '2', '经常'),
('3E2258EC-53F1-A713-777E-4F2ED1C69365', 'C2CF7220-17A0-EE89-F8B2-9F62976F72F3', '039370e3-e2f6-b813-7ec7-7e0b844ddb4b', 'rad474bca01-e477-99b5-27f3-66d5ac270a60', '1', '否'),
('3E38E721-2F56-8D4C-6E29-C382D067979F', '7BF08113-36CB-6A5E-AD30-650C8EBD189E', '91002316-00c9-9553-e567-f0f07f75ac58', 'rad2e79ae09-eb70-d724-0370-fe83ae5a429c', '3', '总是'),
('3EA94246-A4EA-AEA8-79A4-13391A7E6D8B', 'C2CF7220-17A0-EE89-F8B2-9F62976F72F3', '5bc2c341-5b4b-b3a8-b208-1aba371a6f4f', 'radc91e1090-11f6-3208-c57f-cf560103d6ce', '0', '从不'),
('3EABE078-4F0F-6051-3C4A-68711DA387DA', 'F9A6B033-FED8-5917-4D8E-08326A5E5669', '91002316-00c9-9553-e567-f0f07f75ac58', 'rad2e79ae09-eb70-d724-0370-fe83ae5a429c', '2', '经常'),
('3EAFF4CE-446F-8B43-2457-F6B33A31355E', '4829D924-3E87-A91F-E1A8-F6060DF8962F', '9c705ae0-d36e-3de9-138c-4e782190eb18', 'rad7fc0127f-d93f-914e-bb91-ea62b458f9f9', '2', '经常'),
('3ED6C4FA-35C1-462B-B5AA-3BF928ABE131', '6C8AE7BE-4018-D77A-7504-6BCC32E66B29', 'e83cb158-83b4-a004-e4d5-ecfeda902fe5', 'rad37519809-e9d6-a9f3-961b-1a8c75b301bd', '3', '总是'),
('3F04B1B2-0B44-A58A-A188-D9843D35957B', '479CD03A-3725-D961-AF8A-FB1FA8FC138B', '145beece-5eac-533e-91b6-f23ac8bf46fe', 'rad3d3fb95a-2adb-3048-b15e-6077dd17973e', '0', '0.5小时以内'),
('3FC2DBA5-723E-2037-1C61-AE7FFA70C373', '8061CF45-8F9F-13E3-B29C-58B1DFC93FA0', 'c7d9d4c4-9137-900c-9cd8-3d941ba8e82e', 'rad93900683-bca1-aefe-be1c-f0bf3b26e8a4', '1', '1-2米'),
('3FD6BB40-9DA9-FFD5-B538-E3C1E1445062', 'A6DB9643-ED27-94B5-F552-E26808164F4C', 'e83cb158-83b4-a004-e4d5-ecfeda902fe5', 'rad37519809-e9d6-a9f3-961b-1a8c75b301bd', '1', '偶尔'),
('4014D6E4-9AAE-8B72-BE9B-9C748AEE2820', 'A9EB8C13-5723-0267-7E50-458CFB1FBDE8', '9c705ae0-d36e-3de9-138c-4e782190eb18', 'rad7fc0127f-d93f-914e-bb91-ea62b458f9f9', '1', '偶尔'),
('402542CF-682A-BDA5-27F5-A1F10E7095FD', '7BF08113-36CB-6A5E-AD30-650C8EBD189E', 'c7d9d4c4-9137-900c-9cd8-3d941ba8e82e', 'rad93900683-bca1-aefe-be1c-f0bf3b26e8a4', '0', '少于1米'),
('4037EAB4-41C4-4B90-C0BC-9013C6668B59', 'C30F948F-4C43-9A47-A02E-29B3DFF2047F', 'e566e989-65fd-f8b2-1679-ebe41475503d', 'rad7b4df87c-dbb7-7ccd-eb36-ed00a20c718b', '0,1,4,8', '远眺休息眼睛,轻微活动休息眼睛,闭目休息眼睛,看绿色植物休息眼睛'),
('403F03D0-C829-CCB0-0D87-4CD028078CD3', 'F657097C-B5DA-BF72-CAE3-0EE04A85B891', '6a1fe386-2add-0f8b-661c-de506d475b21', 'radc797a541-2c01-03bd-0500-e390bbe83822', '1', '15-30厘米'),
('404000CB-455C-76A9-B4B3-C9524A184F43', '495765A4-1659-0572-D78F-98E920B210B5', '5bc2c341-5b4b-b3a8-b208-1aba371a6f4f', 'radc91e1090-11f6-3208-c57f-cf560103d6ce', '1', '偶尔'),
('40454DCE-F772-D81C-FF2C-2BF1513EE82D', '4C24D38B-8E28-B833-067A-0D24DC5A06AA', 'e566e989-65fd-f8b2-1679-ebe41475503d', 'rad7b4df87c-dbb7-7ccd-eb36-ed00a20c718b', '0,1,5', '远眺休息眼睛,轻微活动休息眼睛,户外活动休息眼睛'),
('406E1F85-3FD4-B079-A214-D563BC9D3B34', '0D5833DE-6F06-A80C-6162-CB03A6224EAC', '9c705ae0-d36e-3de9-138c-4e782190eb18', 'rad7fc0127f-d93f-914e-bb91-ea62b458f9f9', '1', '偶尔'),
('40AC0319-D4EF-F287-E029-2D27F068898A', 'B1F7DED9-D53E-E265-6749-7A3C93743573', 'c7d9d4c4-9137-900c-9cd8-3d941ba8e82e', 'rad93900683-bca1-aefe-be1c-f0bf3b26e8a4', '0', '少于1米'),
('40C5527C-2B48-C721-889D-F051D0239A7C', '441D80A7-FFDF-11BD-1925-DC889D5F7111', '039370e3-e2f6-b813-7ec7-7e0b844ddb4b', 'rad474bca01-e477-99b5-27f3-66d5ac270a60', '2', '不清楚'),
('41220DF0-98C1-E676-D7FF-9A154A65DD68', '98F141FB-2511-826C-471D-7668C10E2CFD', '5bc2c341-5b4b-b3a8-b208-1aba371a6f4f', 'radc91e1090-11f6-3208-c57f-cf560103d6ce', '0', '从不'),
('419BDA79-C287-E837-2C1C-1BF6B4C9735D', '9FA3D59F-9DC2-E62C-84E6-7B5DD301D6C0', '67c32e3e-ae1f-8274-370b-d88c6b33a53e', 'radf2e9260e-eee6-3699-4b3e-16dcd727ed1a', '1', '0.5-1小时'),
('41B44566-7278-D6DD-E626-F486FA4A3C0E', '31974BD1-6D95-F803-AD70-4559ADBA5890', '5bc2c341-5b4b-b3a8-b208-1aba371a6f4f', 'radc91e1090-11f6-3208-c57f-cf560103d6ce', '0', '从不'),
('41B520DE-1340-9B73-B5F7-78C45E3B7042', '89843604-8761-1E31-70F8-F96E4D7D6CA4', '9ae5d237-cbc8-9749-5437-84426c6da284', 'rad439643f6-89be-599c-d173-d8808902d3c5', '0', '0.5小时以内'),
('41DA8407-6374-4F50-5C81-075CD7A49E0C', 'D81DC3B3-E47D-3A8C-C338-EF4733374C13', 'e83cb158-83b4-a004-e4d5-ecfeda902fe5', 'rad37519809-e9d6-a9f3-961b-1a8c75b301bd', '0', '从不'),
('42432A83-AE91-B578-DD3B-288AB5BB2E3C', 'D9305346-0B38-C07D-2017-BA5E2F88303C', '5bc2c341-5b4b-b3a8-b208-1aba371a6f4f', 'radc91e1090-11f6-3208-c57f-cf560103d6ce', '1', '偶尔'),
('429A732A-F9F0-1A2C-40C2-BE43A0F65126', '89843604-8761-1E31-70F8-F96E4D7D6CA4', '145beece-5eac-533e-91b6-f23ac8bf46fe', 'rad3d3fb95a-2adb-3048-b15e-6077dd17973e', '4', '超过2小时'),
('42AD5872-1A0A-D366-9F1F-A63B114D6365', 'B922226B-47DD-8B63-449B-383E9A8B2F7A', '039370e3-e2f6-b813-7ec7-7e0b844ddb4b', 'rad474bca01-e477-99b5-27f3-66d5ac270a60', '2', '不清楚'),
('43200997-CD7D-E148-7B2D-3B1752DDAD3A', 'B1F7DED9-D53E-E265-6749-7A3C93743573', '6a1fe386-2add-0f8b-661c-de506d475b21', 'radc797a541-2c01-03bd-0500-e390bbe83822', '3', '超过50厘米'),
('4358F6DC-829C-CFC4-6CE4-A9CB9E90D89B', '99A6D9E1-7736-A3EF-B801-B7A15B64D9A1', '9ae5d237-cbc8-9749-5437-84426c6da284', 'rad439643f6-89be-599c-d173-d8808902d3c5', '0', '0.5小时以内'),
('43615803-B38A-662C-E9F9-1736C97D5C42', '5467762E-9C18-AE51-A3F1-915D5BFB21EE', '5bc2c341-5b4b-b3a8-b208-1aba371a6f4f', 'radc91e1090-11f6-3208-c57f-cf560103d6ce', '2', '经常'),
('43EA5882-CF35-2DB0-528B-056AD1FD2099', '7D935D58-CA4D-4104-A9BF-9847252749CD', '9ae5d237-cbc8-9749-5437-84426c6da284', 'rad439643f6-89be-599c-d173-d8808902d3c5', '3', '1.5-2小时'),
('43F6D928-24A8-4BE1-8BEA-788AD34DEC4D', 'B7D72601-8A15-1A95-C509-E439DDE324AE', '145beece-5eac-533e-91b6-f23ac8bf46fe', 'rad3d3fb95a-2adb-3048-b15e-6077dd17973e', '4', '超过2小时'),
('43FD6DA4-CA7C-E85C-DE9A-489542EA1304', '20B9DF5E-4829-36B1-B9AF-936A3ABE4E82', '5bc2c341-5b4b-b3a8-b208-1aba371a6f4f', 'radc91e1090-11f6-3208-c57f-cf560103d6ce', '0', '从不'),
('44168E24-3C1F-54F8-882E-286D35F5E76E', '4829D924-3E87-A91F-E1A8-F6060DF8962F', '4721c7c9-957d-eb74-04d1-bf0a47e60f76', 'rad2131f5b5-f094-248b-586b-0ac26f2e9a3c', '0', '少于10厘米'),
('4417DCD0-F623-F658-29B5-C620BA7505BF', '68812A2B-64C1-1E9F-3DB3-DF1E468C3608', '5bc2c341-5b4b-b3a8-b208-1aba371a6f4f', 'radc91e1090-11f6-3208-c57f-cf560103d6ce', '0', '从不'),
('441CF544-2594-11E4-1972-7D84EBEBE6F6', 'A9EB8C13-5723-0267-7E50-458CFB1FBDE8', '9ae5d237-cbc8-9749-5437-84426c6da284', 'rad439643f6-89be-599c-d173-d8808902d3c5', '2', '1-1.5小时'),
('44567e70-0016-c55f-83ab-cd839273787e', 'E0BA3932-5BA8-8C16-7867-6B8689B21BA5', '91002316-00c9-9553-e567-f0f07f75ac58', 'rad2e79ae09-eb70-d724-0370-fe83ae5a429c', '1', '偶尔'),
('44569777-4BE4-2C3C-C3B6-3EE55154EBDB', 'D36013E4-8995-4DB2-6F59-51E50DE6D0BF', 'c7d9d4c4-9137-900c-9cd8-3d941ba8e82e', 'rad93900683-bca1-aefe-be1c-f0bf3b26e8a4', '2', '2-3米'),
('44605706-7216-6071-0B39-6484C271D4A5', '6759C623-872D-0BF0-119B-34E079815692', 'e566e989-65fd-f8b2-1679-ebe41475503d', 'rad7b4df87c-dbb7-7ccd-eb36-ed00a20c718b', '2,4', '交替望远望近休息眼睛,闭目休息眼睛'),
('446392A5-F275-688B-EB02-DCEA8562BB2A', '63ECECE2-9057-5BF3-90D0-3212F3052C80', '9c705ae0-d36e-3de9-138c-4e782190eb18', 'rad7fc0127f-d93f-914e-bb91-ea62b458f9f9', '3', '总是'),
('44837C52-839F-820E-99CE-A15E7A4E88BD', '3B8CB567-353D-A73D-51F8-EEE5200DF84C', '9ae5d237-cbc8-9749-5437-84426c6da284', 'rad439643f6-89be-599c-d173-d8808902d3c5', '4', '超过2小时'),
('448C3644-BD85-DFC7-162F-169564D614F7', '495765A4-1659-0572-D78F-98E920B210B5', 'c7d9d4c4-9137-900c-9cd8-3d941ba8e82e', 'rad93900683-bca1-aefe-be1c-f0bf3b26e8a4', '3', '超过3米'),
('44AFD635-EDD0-1608-2C55-195F18B3A688', '80FFED84-104B-6235-B9E0-8AB8D9812941', '9c705ae0-d36e-3de9-138c-4e782190eb18', 'rad7fc0127f-d93f-914e-bb91-ea62b458f9f9', '3', '总是'),
('44E8B161-8221-14BC-0BDF-914525A1DB06', '479CD03A-3725-D961-AF8A-FB1FA8FC138B', '91002316-00c9-9553-e567-f0f07f75ac58', 'rad2e79ae09-eb70-d724-0370-fe83ae5a429c', '2', '经常'),
('451BC007-B9DC-BAE8-515D-93621A9C560D', '5A96EEC7-F5ED-4158-60A0-70CA1A8B00B5', 'e566e989-65fd-f8b2-1679-ebe41475503d', 'rad7b4df87c-dbb7-7ccd-eb36-ed00a20c718b', '2,3,5,8', '交替望远望近休息眼睛,做眼保健操休息眼睛,户外活动休息眼睛,看绿色植物休息眼睛'),
('453DDB34-4A1D-AA57-8785-EE6EC7CF49FA', '63ECECE2-9057-5BF3-90D0-3212F3052C80', '67c32e3e-ae1f-8274-370b-d88c6b33a53e', 'radf2e9260e-eee6-3699-4b3e-16dcd727ed1a', '2', '1-1.5小时'),
('4574BF2F-C8D8-75BE-E838-69C290A15E4E', 'BF0D0869-87B5-62DA-0F21-4459A8BE911C', 'c7d9d4c4-9137-900c-9cd8-3d941ba8e82e', 'rad93900683-bca1-aefe-be1c-f0bf3b26e8a4', '1', '1-2米'),
('457CC2BC-3CAB-3614-54A2-786DE832B9AF', '479CD03A-3725-D961-AF8A-FB1FA8FC138B', '039370e3-e2f6-b813-7ec7-7e0b844ddb4b', 'rad474bca01-e477-99b5-27f3-66d5ac270a60', '1', '否'),
('45E7631F-83A2-C645-CF19-F26D78F18955', 'C35BA2FC-EC9A-60DE-C617-27A3A166F44E', '9c705ae0-d36e-3de9-138c-4e782190eb18', 'rad7fc0127f-d93f-914e-bb91-ea62b458f9f9', '2', '经常'),
('463DC6D6-0AC9-CEB0-2BC1-EED9FAA5D750', 'CB525597-8FC9-1101-2719-2CEF8C7CF0E7', '91002316-00c9-9553-e567-f0f07f75ac58', 'rad2e79ae09-eb70-d724-0370-fe83ae5a429c', '0', '从不'),
('4697DAF4-0A37-2A15-CFE3-8CA2A8F12599', 'CB525597-8FC9-1101-2719-2CEF8C7CF0E7', '9c705ae0-d36e-3de9-138c-4e782190eb18', 'rad7fc0127f-d93f-914e-bb91-ea62b458f9f9', '1', '偶尔'),
('46A5A5ED-4D07-26E4-8AB9-55785990A5A5', 'E2020DE8-9EB7-16D0-D801-C6CF6ECAFD7C', '9ae5d237-cbc8-9749-5437-84426c6da284', 'rad439643f6-89be-599c-d173-d8808902d3c5', '2', '1-1.5小时'),
('46E30BE1-CDB8-E3E6-32CF-1A922512D8B6', '44BF359D-3BD7-5547-3867-1D187F64433A', '67c32e3e-ae1f-8274-370b-d88c6b33a53e', 'radf2e9260e-eee6-3699-4b3e-16dcd727ed1a', '3', '1.5-2小时'),
('46FAF65A-7D6D-CDA5-F983-357458CA75C7', 'B670929B-C8F0-DD41-C3E2-DE3501F72643', '9c705ae0-d36e-3de9-138c-4e782190eb18', 'rad7fc0127f-d93f-914e-bb91-ea62b458f9f9', '1', '偶尔'),
('472777BE-6EAF-61E2-D8C7-BBA90C066797', '7BF08113-36CB-6A5E-AD30-650C8EBD189E', '5bc2c341-5b4b-b3a8-b208-1aba371a6f4f', 'radc91e1090-11f6-3208-c57f-cf560103d6ce', '2', '经常'),
('478CA216-857F-FC76-CAB5-DB33CD48A2DF', '030BDFF9-5BDF-A203-ECE8-DD68B137B6D7', '9c705ae0-d36e-3de9-138c-4e782190eb18', 'rad7fc0127f-d93f-914e-bb91-ea62b458f9f9', '1', '偶尔'),
('47B211CC-79A0-D280-6D9C-0B0BB7206D2C', '594DED5C-E68E-3F48-4CE5-39FF7B6E748B', '67c32e3e-ae1f-8274-370b-d88c6b33a53e', 'radf2e9260e-eee6-3699-4b3e-16dcd727ed1a', '4', '超过2小时'),
('48386D9B-95EF-7717-4B4C-D9000E2CF576', '7397EC4A-1473-987A-DA84-7FD15EE09BEB', 'e566e989-65fd-f8b2-1679-ebe41475503d', 'rad7b4df87c-dbb7-7ccd-eb36-ed00a20c718b', '0', '远眺休息眼睛'),
('48405D4C-0197-1075-6543-3DE2837D015F', '441D80A7-FFDF-11BD-1925-DC889D5F7111', '67c32e3e-ae1f-8274-370b-d88c6b33a53e', 'radf2e9260e-eee6-3699-4b3e-16dcd727ed1a', '4', '超过2小时'),
('48608e3f-b8bf-7a98-2eb8-f91626cab968', 'E0BA3932-5BA8-8C16-7867-6B8689B21BA5', 'e83cb158-83b4-a004-e4d5-ecfeda902fe5', 'rad37519809-e9d6-a9f3-961b-1a8c75b301bd', '3', '总是'),
('48793D51-79FF-A658-7C92-A635FAA7F566', 'F657097C-B5DA-BF72-CAE3-0EE04A85B891', '9c705ae0-d36e-3de9-138c-4e782190eb18', 'rad7fc0127f-d93f-914e-bb91-ea62b458f9f9', '0', '从不'),
('4879867B-836A-C4C8-1193-EDE4705D15F7', '7D935D58-CA4D-4104-A9BF-9847252749CD', '9c705ae0-d36e-3de9-138c-4e782190eb18', 'rad7fc0127f-d93f-914e-bb91-ea62b458f9f9', '3', '总是'),
('4882F67E-3B99-B993-09D1-40B2B76D074F', 'C30F948F-4C43-9A47-A02E-29B3DFF2047F', 'c7d9d4c4-9137-900c-9cd8-3d941ba8e82e', 'rad93900683-bca1-aefe-be1c-f0bf3b26e8a4', '3', '超过3米'),
('4889D3DE-20A1-30CD-A758-2783E38B3393', 'A20928C1-E897-E4CC-8582-2588F9FA29CF', '145beece-5eac-533e-91b6-f23ac8bf46fe', 'rad3d3fb95a-2adb-3048-b15e-6077dd17973e', '2', '1-1.5小时'),
('48BD7C2B-3146-5916-F714-C7CED1B40924', '0701F3FD-5C1A-481F-713D-4AA9B4CA314E', 'e83cb158-83b4-a004-e4d5-ecfeda902fe5', 'rad37519809-e9d6-a9f3-961b-1a8c75b301bd', '2', '经常'),
('48E0E0A6-176E-8F94-7A5F-7C6E4786554A', '80FFED84-104B-6235-B9E0-8AB8D9812941', '67c32e3e-ae1f-8274-370b-d88c6b33a53e', 'radf2e9260e-eee6-3699-4b3e-16dcd727ed1a', '5', '从不休息'),
('4913594F-F6CF-856B-15ED-CD6CC72A3773', '20B9DF5E-4829-36B1-B9AF-936A3ABE4E82', '9c705ae0-d36e-3de9-138c-4e782190eb18', 'rad7fc0127f-d93f-914e-bb91-ea62b458f9f9', '3', '总是'),
('4980582B-1C33-D2BC-6721-EDE8336A9678', '8061CF45-8F9F-13E3-B29C-58B1DFC93FA0', '91002316-00c9-9553-e567-f0f07f75ac58', 'rad2e79ae09-eb70-d724-0370-fe83ae5a429c', '2', '经常'),
('4995A4DF-823E-0081-1E14-8E0A694BBCE3', 'F9A6B033-FED8-5917-4D8E-08326A5E5669', '9c705ae0-d36e-3de9-138c-4e782190eb18', 'rad7fc0127f-d93f-914e-bb91-ea62b458f9f9', '1', '偶尔'),
('49A2EC4A-0B58-0297-F33F-CBBF5B5076DD', '8880E589-3970-162E-FFDD-8DE5744D79B9', '039370e3-e2f6-b813-7ec7-7e0b844ddb4b', 'rad474bca01-e477-99b5-27f3-66d5ac270a60', '0', '是'),
('49A479E6-E07E-EE3D-8E86-E2407FD2F444', '4A0B15D3-8A26-CB4F-F75E-8950D45F494F', '039370e3-e2f6-b813-7ec7-7e0b844ddb4b', 'rad474bca01-e477-99b5-27f3-66d5ac270a60', '0', '是'),
('49D51DCB-ACD1-7FFD-E666-4520F0B5AACE', 'F7A459D2-0B5D-1018-0527-BBCDE352EE31', '9c705ae0-d36e-3de9-138c-4e782190eb18', 'rad7fc0127f-d93f-914e-bb91-ea62b458f9f9', '2', '经常'),
('4a693e71-3f49-6c0c-ecaa-85401b03c0f3', '566897c3-bd75-0c2c-3ae0-6fc01db39ff7', '4bfa6256-3f7a-63ba-930c-fb6e667811d3', 'txt2-cbb36d5c-bd39-c6ad-b88c-e27b446e377a-0', '07:00', '07:00'),
('4AA5B683-5939-EE03-CF66-890721AF957E', '4EECC38A-BF84-F30F-1BE7-213D1EFBB617', '145beece-5eac-533e-91b6-f23ac8bf46fe', 'rad3d3fb95a-2adb-3048-b15e-6077dd17973e', '0', '0.5小时以内'),
('4ABA637C-1B67-C3A2-7564-060708006EC8', '01C3F245-74B1-CE18-8628-5E42233CD937', '91002316-00c9-9553-e567-f0f07f75ac58', 'rad2e79ae09-eb70-d724-0370-fe83ae5a429c', '2', '经常'),
('4B18CE82-F668-209C-6ACD-BFE76247620A', 'C3BBC740-0938-2D72-821D-D05A30E3EBF4', '4721c7c9-957d-eb74-04d1-bf0a47e60f76', 'rad2131f5b5-f094-248b-586b-0ac26f2e9a3c', '1', '11-20厘米'),
('4BD8CCF0-5FD5-6990-A5BD-70D772F21F26', 'B4CF14E0-7886-C20E-39AE-5923BCCE169F', '9c705ae0-d36e-3de9-138c-4e782190eb18', 'rad7fc0127f-d93f-914e-bb91-ea62b458f9f9', '3', '总是'),
('4BE3BA1C-C71B-170B-70E0-19BEDADD6B55', '61539D46-2310-AAFE-1339-01B660CD4C66', '4721c7c9-957d-eb74-04d1-bf0a47e60f76', 'rad2131f5b5-f094-248b-586b-0ac26f2e9a3c', '2', '21-30厘米'),
('4C1B94FD-E306-D727-31BB-525121064751', 'B7D72601-8A15-1A95-C509-E439DDE324AE', '6a1fe386-2add-0f8b-661c-de506d475b21', 'radc797a541-2c01-03bd-0500-e390bbe83822', '1', '15-30厘米'),
('4C522F24-17C4-3D24-60C4-A4E019329F15', 'F7689B92-C69C-A217-8C12-BEA7C248E8F6', '67c32e3e-ae1f-8274-370b-d88c6b33a53e', 'radf2e9260e-eee6-3699-4b3e-16dcd727ed1a', '2', '1-1.5小时'),
('4C6B1FFE-66D1-E3A3-2A15-F9925D1F66CC', 'AFF85C0F-0FBE-798D-752A-751527612DAA', '039370e3-e2f6-b813-7ec7-7e0b844ddb4b', 'rad474bca01-e477-99b5-27f3-66d5ac270a60', '2', '不清楚'),
('4CABA532-0A5F-1933-203A-A389C850A6CA', 'B1F7DED9-D53E-E265-6749-7A3C93743573', '039370e3-e2f6-b813-7ec7-7e0b844ddb4b', 'rad474bca01-e477-99b5-27f3-66d5ac270a60', '0', '是'),
('4CE69C9B-3B4D-24C6-0C83-CDAE2085D028', '63ECECE2-9057-5BF3-90D0-3212F3052C80', '145beece-5eac-533e-91b6-f23ac8bf46fe', 'rad3d3fb95a-2adb-3048-b15e-6077dd17973e', '4', '超过2小时'),
('4D0F19D2-5DB1-A383-0118-D146FFE8F336', 'CD83271F-5EC4-253F-7F2E-07CB2F7525D9', 'e83cb158-83b4-a004-e4d5-ecfeda902fe5', 'rad37519809-e9d6-a9f3-961b-1a8c75b301bd', '1', '偶尔'),
('4d25700f-2a24-c82f-5a66-38891b7d97f2', '2cd4fb5d-b929-39c2-955f-4faa1f0b4307', '5c248967-6402-2fc0-4408-4b46e0dff4ef', 'rad57a13880-3648-803b-6330-4aa88557f00f', '3', '超过3米'),
('4D55B9BD-E867-C27C-6DAF-CB99BC9310C6', 'E295B98F-DA83-5E72-4401-8D6DAC3F0DBB', '6a1fe386-2add-0f8b-661c-de506d475b21', 'radc797a541-2c01-03bd-0500-e390bbe83822', '1', '15-30厘米'),
('4D936B57-E465-2F76-1F3A-071A1A3FE822', '6C8AE7BE-4018-D77A-7504-6BCC32E66B29', '91002316-00c9-9553-e567-f0f07f75ac58', 'rad2e79ae09-eb70-d724-0370-fe83ae5a429c', '2', '经常'),
('4D981666-5A90-3456-3AD7-2F19CAFAE8FD', '8880E589-3970-162E-FFDD-8DE5744D79B9', '4721c7c9-957d-eb74-04d1-bf0a47e60f76', 'rad2131f5b5-f094-248b-586b-0ac26f2e9a3c', '3', '超过30厘米'),
('4D9DE2A2-5683-3FE0-23A8-A71AFC16D48D', '0701F3FD-5C1A-481F-713D-4AA9B4CA314E', '67c32e3e-ae1f-8274-370b-d88c6b33a53e', 'radf2e9260e-eee6-3699-4b3e-16dcd727ed1a', '3', '1.5-2小时'),
('4DB7A4BA-5101-CAD1-DEC5-4B4C220B4187', 'F657097C-B5DA-BF72-CAE3-0EE04A85B891', '9ae5d237-cbc8-9749-5437-84426c6da284', 'rad439643f6-89be-599c-d173-d8808902d3c5', '1', '0.5-1小时'),
('4DD30B56-41A7-B542-BCF2-90C89C8CD298', '3FEE4C58-6EFE-0D2F-B672-F26C2BBFFF1F', '9c705ae0-d36e-3de9-138c-4e782190eb18', 'rad7fc0127f-d93f-914e-bb91-ea62b458f9f9', '3', '总是'),
('4DF77BBB-688E-6B29-B90C-81CE9287BDD3', '4C24D38B-8E28-B833-067A-0D24DC5A06AA', '67c32e3e-ae1f-8274-370b-d88c6b33a53e', 'radf2e9260e-eee6-3699-4b3e-16dcd727ed1a', '1', '0.5-1小时'),
('4E79F499-72BF-477F-D3DA-9F5F58FC2059', '68812A2B-64C1-1E9F-3DB3-DF1E468C3608', '67c32e3e-ae1f-8274-370b-d88c6b33a53e', 'radf2e9260e-eee6-3699-4b3e-16dcd727ed1a', '0', '0.5小时以内'),
('4E8E1AA2-DD70-2297-B38E-E81C7CC6923D', '6759C623-872D-0BF0-119B-34E079815692', '145beece-5eac-533e-91b6-f23ac8bf46fe', 'rad3d3fb95a-2adb-3048-b15e-6077dd17973e', '1', '0.5-1小时'),
('4F64AD77-702F-9468-205B-0CFBC913AB3D', '3539514C-1172-B3FF-F6BF-DBC512B1EAD2', '5bc2c341-5b4b-b3a8-b208-1aba371a6f4f', 'radc91e1090-11f6-3208-c57f-cf560103d6ce', '2', '经常'),
('4FAA79B3-AE47-71CB-C504-8447D661B171', '44BF359D-3BD7-5547-3867-1D187F64433A', 'e566e989-65fd-f8b2-1679-ebe41475503d', 'rad7b4df87c-dbb7-7ccd-eb36-ed00a20c718b', '2,3,5', '交替望远望近休息眼睛,做眼保健操休息眼睛,户外活动休息眼睛'),
('4FAE45F1-898C-83AA-18DA-E7B0F14C58C1', '495765A4-1659-0572-D78F-98E920B210B5', '039370e3-e2f6-b813-7ec7-7e0b844ddb4b', 'rad474bca01-e477-99b5-27f3-66d5ac270a60', '1', '否'),
('4FFB4D31-2584-6F69-AF83-CDF3C60EE548', 'BF0D0869-87B5-62DA-0F21-4459A8BE911C', '4721c7c9-957d-eb74-04d1-bf0a47e60f76', 'rad2131f5b5-f094-248b-586b-0ac26f2e9a3c', '1', '11-20厘米'),
('4FFFAB7F-3504-68E6-FBB3-2311D0325683', '476E1E91-C9FC-7AC3-5776-6916ECC17162', '145beece-5eac-533e-91b6-f23ac8bf46fe', 'rad3d3fb95a-2adb-3048-b15e-6077dd17973e', '0', '0.5小时以内'),
('5001F090-301C-9782-576F-B015307C0190', '479CD03A-3725-D961-AF8A-FB1FA8FC138B', '6a1fe386-2add-0f8b-661c-de506d475b21', 'radc797a541-2c01-03bd-0500-e390bbe83822', '0', '少于15厘米'),
('50586D51-ADEE-2127-E517-75B92345576F', '495765A4-1659-0572-D78F-98E920B210B5', '9c705ae0-d36e-3de9-138c-4e782190eb18', 'rad7fc0127f-d93f-914e-bb91-ea62b458f9f9', '2', '经常'),
('5072F49B-A898-5746-E21E-D6E7DE4BF34C', '6C8AE7BE-4018-D77A-7504-6BCC32E66B29', '9c705ae0-d36e-3de9-138c-4e782190eb18', 'rad7fc0127f-d93f-914e-bb91-ea62b458f9f9', '3', '总是'),
('50AE8221-9F2D-00D6-49AC-46D20983CFCF', '920AB2EB-8296-D706-0DA4-EC8F6CB970AB', 'c7d9d4c4-9137-900c-9cd8-3d941ba8e82e', 'rad93900683-bca1-aefe-be1c-f0bf3b26e8a4', '0', '少于1米'),
('50B005F7-89E0-84AB-9E0A-04179DC4E0FA', 'F657097C-B5DA-BF72-CAE3-0EE04A85B891', '91002316-00c9-9553-e567-f0f07f75ac58', 'rad2e79ae09-eb70-d724-0370-fe83ae5a429c', '2', '经常'),
('510F6A90-7B2F-5018-8068-72A219AEF611', '030BDFF9-5BDF-A203-ECE8-DD68B137B6D7', 'c7d9d4c4-9137-900c-9cd8-3d941ba8e82e', 'rad93900683-bca1-aefe-be1c-f0bf3b26e8a4', '3', '超过3米'),
('512506C7-0B4C-E1C0-1A67-D58E8EBAA92E', '5F4A3B52-3FEF-7614-EF5D-2C4700B55778', '9ae5d237-cbc8-9749-5437-84426c6da284', 'rad439643f6-89be-599c-d173-d8808902d3c5', '4', '超过2小时'),
('5147AB9B-DDAA-31AB-71D3-76E121E89A84', '594DED5C-E68E-3F48-4CE5-39FF7B6E748B', '039370e3-e2f6-b813-7ec7-7e0b844ddb4b', 'rad474bca01-e477-99b5-27f3-66d5ac270a60', '0', '是'),
('515C1E90-67A3-0C0D-540C-ABC13EE83504', 'A6DB9643-ED27-94B5-F552-E26808164F4C', '9c705ae0-d36e-3de9-138c-4e782190eb18', 'rad7fc0127f-d93f-914e-bb91-ea62b458f9f9', '2', '经常'),
('51A5DB38-B414-8FC5-2B4E-73346E6DA6F3', '5F4A3B52-3FEF-7614-EF5D-2C4700B55778', '91002316-00c9-9553-e567-f0f07f75ac58', 'rad2e79ae09-eb70-d724-0370-fe83ae5a429c', '2', '经常'),
('522F4A4C-1C2D-41B5-8A59-76145BE9E437', 'AFF85C0F-0FBE-798D-752A-751527612DAA', '145beece-5eac-533e-91b6-f23ac8bf46fe', 'rad3d3fb95a-2adb-3048-b15e-6077dd17973e', '5', '从不休息'),
('525D3FCE-F291-D4CE-CF3C-F31CDD85BDBD', 'C30F948F-4C43-9A47-A02E-29B3DFF2047F', '91002316-00c9-9553-e567-f0f07f75ac58', 'rad2e79ae09-eb70-d724-0370-fe83ae5a429c', '0', '从不'),
('52A21F50-912A-2B33-1A2D-F8C39A699DC6', '476763BF-3A7E-59C3-B6FC-FD9ED7EE91DD', '6a1fe386-2add-0f8b-661c-de506d475b21', 'radc797a541-2c01-03bd-0500-e390bbe83822', '2', '31-50厘米'),
('5303F57C-8784-85FD-84ED-D7AB4E1956BC', 'B4CF14E0-7886-C20E-39AE-5923BCCE169F', '4721c7c9-957d-eb74-04d1-bf0a47e60f76', 'rad2131f5b5-f094-248b-586b-0ac26f2e9a3c', '2', '21-30厘米'),
('530516C8-019D-7783-8986-5DDF329238BE', '476763BF-3A7E-59C3-B6FC-FD9ED7EE91DD', '91002316-00c9-9553-e567-f0f07f75ac58', 'rad2e79ae09-eb70-d724-0370-fe83ae5a429c', '1', '偶尔'),
('535DBEB5-7FA0-82A9-2E8B-E3F6B31613E7', '4EECC38A-BF84-F30F-1BE7-213D1EFBB617', 'e566e989-65fd-f8b2-1679-ebe41475503d', 'rad7b4df87c-dbb7-7ccd-eb36-ed00a20c718b', '2,4,5,8', '交替望远望近休息眼睛,闭目休息眼睛,户外活动休息眼睛,看绿色植物休息眼睛'),
('538A4124-A9E8-1EDC-E705-C1177D4085BF', '98F141FB-2511-826C-471D-7668C10E2CFD', '9ae5d237-cbc8-9749-5437-84426c6da284', 'rad439643f6-89be-599c-d173-d8808902d3c5', '2', '1-1.5小时'),
('53D7EDBF-0EF9-8520-B8F6-E2F18FA801DD', '98F141FB-2511-826C-471D-7668C10E2CFD', '67c32e3e-ae1f-8274-370b-d88c6b33a53e', 'radf2e9260e-eee6-3699-4b3e-16dcd727ed1a', '3', '1.5-2小时'),
('53FD2EE7-FD48-423C-E7EE-30BA72BA5700', '253B0D0F-1832-4553-AF8D-DB12076F2805', '145beece-5eac-533e-91b6-f23ac8bf46fe', 'rad3d3fb95a-2adb-3048-b15e-6077dd17973e', '2', '1-1.5小时'),
('546AD480-DDBA-8603-21D9-82CCFC1B1B37', 'A20928C1-E897-E4CC-8582-2588F9FA29CF', '4721c7c9-957d-eb74-04d1-bf0a47e60f76', 'rad2131f5b5-f094-248b-586b-0ac26f2e9a3c', '2', '21-30厘米'),
('548C3060-09A8-AE2F-FC23-EA1473E72CA3', '5A96EEC7-F5ED-4158-60A0-70CA1A8B00B5', '9c705ae0-d36e-3de9-138c-4e782190eb18', 'rad7fc0127f-d93f-914e-bb91-ea62b458f9f9', '1', '偶尔'),
('54B67322-782A-00E6-7BE1-7E7463F9EA41', '66F182F0-FD27-9737-F85C-F7FD301F3621', '4721c7c9-957d-eb74-04d1-bf0a47e60f76', 'rad2131f5b5-f094-248b-586b-0ac26f2e9a3c', '2', '21-30厘米'),
('552389F6-A7BE-F2E0-9D96-36C1B8E7DD35', '4829D924-3E87-A91F-E1A8-F6060DF8962F', 'c7d9d4c4-9137-900c-9cd8-3d941ba8e82e', 'rad93900683-bca1-aefe-be1c-f0bf3b26e8a4', '2', '2-3米'),
('55546921-b2ea-1cfe-89d5-c3ab630d8aaf', '2cd4fb5d-b929-39c2-955f-4faa1f0b4307', '874840e2-bc6d-0c01-670d-f4dd459aa43e', 'rad70450ee3-2e5b-7f10-462b-96e4b0b9c5a7', '0', '从不'),
('5573F6DB-813E-D73C-169E-04736B466DB9', '5467762E-9C18-AE51-A3F1-915D5BFB21EE', 'c7d9d4c4-9137-900c-9cd8-3d941ba8e82e', 'rad93900683-bca1-aefe-be1c-f0bf3b26e8a4', '2', '2-3米'),
('558040B4-909C-7B39-F5D4-FB724E7B31A0', 'DD7DA2CB-F771-3E46-D72B-FBD338702BBE', '145beece-5eac-533e-91b6-f23ac8bf46fe', 'rad3d3fb95a-2adb-3048-b15e-6077dd17973e', '3', '1.5-2小时'),
('558D1566-7A84-D175-5FE7-90A6C377C228', '484F2F03-9639-05F6-084B-FA7E4903C7C3', '67c32e3e-ae1f-8274-370b-d88c6b33a53e', 'radf2e9260e-eee6-3699-4b3e-16dcd727ed1a', '4', '超过2小时'),
('56255778-8F40-FD1B-3452-E9BC43065314', 'D36013E4-8995-4DB2-6F59-51E50DE6D0BF', '039370e3-e2f6-b813-7ec7-7e0b844ddb4b', 'rad474bca01-e477-99b5-27f3-66d5ac270a60', '2', '不清楚'),
('569D4397-53EC-2C81-61F1-37DB22FBF59C', 'A9EB8C13-5723-0267-7E50-458CFB1FBDE8', '67c32e3e-ae1f-8274-370b-d88c6b33a53e', 'radf2e9260e-eee6-3699-4b3e-16dcd727ed1a', '5', '从不休息'),
('56AA884D-196A-FEF5-579A-343CAA83CE05', '244E077B-1ECF-506A-D89A-1189662266D9', '9c705ae0-d36e-3de9-138c-4e782190eb18', 'rad7fc0127f-d93f-914e-bb91-ea62b458f9f9', '3', '总是'),
('56C18207-3057-623E-8B87-42CD81BB2C82', '24E1F4D7-3A24-42AB-322C-1C28CF7D944B', 'e83cb158-83b4-a004-e4d5-ecfeda902fe5', 'rad37519809-e9d6-a9f3-961b-1a8c75b301bd', '2', '经常'),
('56D5CB9F-694F-B802-C5BD-3A3346746B68', '244E077B-1ECF-506A-D89A-1189662266D9', 'c7d9d4c4-9137-900c-9cd8-3d941ba8e82e', 'rad93900683-bca1-aefe-be1c-f0bf3b26e8a4', '3', '超过3米'),
('5725541E-80C8-717B-EBCA-5467AE7C4F25', 'B1F7DED9-D53E-E265-6749-7A3C93743573', '5bc2c341-5b4b-b3a8-b208-1aba371a6f4f', 'radc91e1090-11f6-3208-c57f-cf560103d6ce', '0', '从不'),
('577137ea-7d22-5d9c-c686-337466e551a4', 'E0BA3932-5BA8-8C16-7867-6B8689B21BA5', '039370e3-e2f6-b813-7ec7-7e0b844ddb4b', 'rad474bca01-e477-99b5-27f3-66d5ac270a60', '2', '不清楚'),
('578776CF-6700-AEDF-AA4E-5298FBF7358F', 'E8859928-868C-F675-560A-81C6C514FCC4', '91002316-00c9-9553-e567-f0f07f75ac58', 'rad2e79ae09-eb70-d724-0370-fe83ae5a429c', '3', '总是'),
('57B6FBA7-527C-5447-BC1D-43C223D665FB', '4829D924-3E87-A91F-E1A8-F6060DF8962F', '145beece-5eac-533e-91b6-f23ac8bf46fe', 'rad3d3fb95a-2adb-3048-b15e-6077dd17973e', '2', '1-1.5小时'),
('57D86D1B-3CD1-23B4-3126-F9F94F0624EB', 'F7A459D2-0B5D-1018-0527-BBCDE352EE31', 'e83cb158-83b4-a004-e4d5-ecfeda902fe5', 'rad37519809-e9d6-a9f3-961b-1a8c75b301bd', '0', '从不'),
('57EDEF83-8138-59AA-3FD0-382FC46BD75D', '4A0B15D3-8A26-CB4F-F75E-8950D45F494F', 'e566e989-65fd-f8b2-1679-ebe41475503d', 'rad7b4df87c-dbb7-7ccd-eb36-ed00a20c718b', '3,8', '做眼保健操休息眼睛,看绿色植物休息眼睛'),
('5853122B-0601-AE09-4742-3B068DA43D21', '920AB2EB-8296-D706-0DA4-EC8F6CB970AB', 'e83cb158-83b4-a004-e4d5-ecfeda902fe5', 'rad37519809-e9d6-a9f3-961b-1a8c75b301bd', '1', '偶尔'),
('587B4BDD-2BC5-CCEB-4243-A970B3EB28B5', '5467762E-9C18-AE51-A3F1-915D5BFB21EE', '4721c7c9-957d-eb74-04d1-bf0a47e60f76', 'rad2131f5b5-f094-248b-586b-0ac26f2e9a3c', '3', '超过30厘米'),
('589E739C-EC9D-5F53-C4C3-5307E56AAC63', '5467762E-9C18-AE51-A3F1-915D5BFB21EE', '9ae5d237-cbc8-9749-5437-84426c6da284', 'rad439643f6-89be-599c-d173-d8808902d3c5', '3', '1.5-2小时'),
('58B44D83-3F9B-D67B-0D25-C4E893E6BAE9', '920AB2EB-8296-D706-0DA4-EC8F6CB970AB', '4721c7c9-957d-eb74-04d1-bf0a47e60f76', 'rad2131f5b5-f094-248b-586b-0ac26f2e9a3c', '3', '超过30厘米'),
('58E48A5B-FFEC-D97D-81D2-244CB5F46F8B', 'AB6B921B-753D-9027-4341-64CABC248921', 'e83cb158-83b4-a004-e4d5-ecfeda902fe5', 'rad37519809-e9d6-a9f3-961b-1a8c75b301bd', '1', '偶尔'),
('5912C7DC-5CE4-A590-E73A-9C71305B9C1E', 'AB6B921B-753D-9027-4341-64CABC248921', '4721c7c9-957d-eb74-04d1-bf0a47e60f76', 'rad2131f5b5-f094-248b-586b-0ac26f2e9a3c', '0', '少于10厘米'),
('5917F7CF-B873-D03A-EAC1-B87B512FF607', '071CFB9A-B4A3-7541-3FD9-A31A6CED19A0', '67c32e3e-ae1f-8274-370b-d88c6b33a53e', 'radf2e9260e-eee6-3699-4b3e-16dcd727ed1a', '1', '0.5-1小时'),
('59634FD5-1930-12F7-0CED-4744FF0CBB0A', 'F4322BA4-183B-25DF-7285-774667C0F36A', '67c32e3e-ae1f-8274-370b-d88c6b33a53e', 'radf2e9260e-eee6-3699-4b3e-16dcd727ed1a', '4', '超过2小时'),
('5972C5B3-6795-96F9-D416-7451051392CF', '4E207B40-B9DD-972B-6B38-9E60A3EE80D6', '9ae5d237-cbc8-9749-5437-84426c6da284', 'rad439643f6-89be-599c-d173-d8808902d3c5', '3', '1.5-2小时'),
('5991D874-086B-A7FC-F8CE-13A64976CEA0', '89843604-8761-1E31-70F8-F96E4D7D6CA4', '039370e3-e2f6-b813-7ec7-7e0b844ddb4b', 'rad474bca01-e477-99b5-27f3-66d5ac270a60', '2', '不清楚'),
('599FDA62-17C8-226D-6908-075BB120055B', 'D36013E4-8995-4DB2-6F59-51E50DE6D0BF', '9c705ae0-d36e-3de9-138c-4e782190eb18', 'rad7fc0127f-d93f-914e-bb91-ea62b458f9f9', '3', '总是'),
('59B08223-E336-ED47-CAC1-21BF447DB2CE', 'E295B98F-DA83-5E72-4401-8D6DAC3F0DBB', '039370e3-e2f6-b813-7ec7-7e0b844ddb4b', 'rad474bca01-e477-99b5-27f3-66d5ac270a60', '2', '不清楚'),
('59B7B2A9-8F77-5984-01A7-B7116D954BF8', '026765AB-A2F6-C670-23E0-9FA882D1306A', 'e83cb158-83b4-a004-e4d5-ecfeda902fe5', 'rad37519809-e9d6-a9f3-961b-1a8c75b301bd', '1', '偶尔'),
('59FB02CE-B161-B040-7A42-796C3136F1C5', '68812A2B-64C1-1E9F-3DB3-DF1E468C3608', '9c705ae0-d36e-3de9-138c-4e782190eb18', 'rad7fc0127f-d93f-914e-bb91-ea62b458f9f9', '2', '经常'),
('5A0B1BBB-DCF4-96EC-7BCC-7EED84F76D81', '6C8AE7BE-4018-D77A-7504-6BCC32E66B29', 'c7d9d4c4-9137-900c-9cd8-3d941ba8e82e', 'rad93900683-bca1-aefe-be1c-f0bf3b26e8a4', '0', '少于1米'),
('5A32CAC3-3304-4A6A-FE86-5D5E26589F68', '20B9DF5E-4829-36B1-B9AF-936A3ABE4E82', '145beece-5eac-533e-91b6-f23ac8bf46fe', 'rad3d3fb95a-2adb-3048-b15e-6077dd17973e', '1', '0.5-1小时'),
('5A412D98-48D4-B575-3F0B-2C1B3A048197', '44BF359D-3BD7-5547-3867-1D187F64433A', '91002316-00c9-9553-e567-f0f07f75ac58', 'rad2e79ae09-eb70-d724-0370-fe83ae5a429c', '2', '经常'),
('5B28A4B3-C192-B092-2146-DAE04CF44DBF', '479CD03A-3725-D961-AF8A-FB1FA8FC138B', '4721c7c9-957d-eb74-04d1-bf0a47e60f76', 'rad2131f5b5-f094-248b-586b-0ac26f2e9a3c', '2', '21-30厘米'),
('5B3B2BA3-EC35-E710-D80D-58976EBFA060', '71CB2A51-CEE6-F214-809A-09F6205C5083', 'c7d9d4c4-9137-900c-9cd8-3d941ba8e82e', 'rad93900683-bca1-aefe-be1c-f0bf3b26e8a4', '1', '1-2米'),
('5B40B82B-7BD5-B2A2-2F24-E04808A3F9CB', 'A9EB8C13-5723-0267-7E50-458CFB1FBDE8', 'e566e989-65fd-f8b2-1679-ebe41475503d', 'rad7b4df87c-dbb7-7ccd-eb36-ed00a20c718b', '0,1,3,8', '远眺休息眼睛,轻微活动休息眼睛,做眼保健操休息眼睛,看绿色植物休息眼睛'),
('5B4A5CCC-4231-E6CB-EA8F-08C7BA6F2557', 'B4CF14E0-7886-C20E-39AE-5923BCCE169F', '9ae5d237-cbc8-9749-5437-84426c6da284', 'rad439643f6-89be-599c-d173-d8808902d3c5', '1', '0.5-1小时'),
('5BBA55E9-E9F1-A569-7CF4-D1B3AB68C9D6', '31974BD1-6D95-F803-AD70-4559ADBA5890', '67c32e3e-ae1f-8274-370b-d88c6b33a53e', 'radf2e9260e-eee6-3699-4b3e-16dcd727ed1a', '1', '0.5-1小时'),
('5BE43147-6C5C-56B3-1164-FD59FAA94EBF', 'A9479D2A-1659-3C66-8E53-FAF567636504', '6a1fe386-2add-0f8b-661c-de506d475b21', 'radc797a541-2c01-03bd-0500-e390bbe83822', '3', '超过50厘米'),
('5BF6F120-9DF6-D58A-509E-F8865FA4C773', 'A9479D2A-1659-3C66-8E53-FAF567636504', '9c705ae0-d36e-3de9-138c-4e782190eb18', 'rad7fc0127f-d93f-914e-bb91-ea62b458f9f9', '0', '从不'),
('5C31C07A-73E9-15A3-83D7-E39E63CC5B41', 'C35BA2FC-EC9A-60DE-C617-27A3A166F44E', '039370e3-e2f6-b813-7ec7-7e0b844ddb4b', 'rad474bca01-e477-99b5-27f3-66d5ac270a60', '2', '不清楚'),
('5C587851-3FAE-E2E8-42FA-D4CD1B477DB2', 'B922226B-47DD-8B63-449B-383E9A8B2F7A', '9ae5d237-cbc8-9749-5437-84426c6da284', 'rad439643f6-89be-599c-d173-d8808902d3c5', '5', '从不休息'),
('5C61E215-0302-4D2B-F13B-AFE9529CEC1D', 'C30F948F-4C43-9A47-A02E-29B3DFF2047F', '5bc2c341-5b4b-b3a8-b208-1aba371a6f4f', 'radc91e1090-11f6-3208-c57f-cf560103d6ce', '3', '总是'),
('5CDA3C76-67F5-3817-9BC8-EE94B081A698', 'DA3636C9-417E-D8FC-7800-52F460768C00', '145beece-5eac-533e-91b6-f23ac8bf46fe', 'rad3d3fb95a-2adb-3048-b15e-6077dd17973e', '0', '0.5小时以内'),
('5D32546D-721D-62AD-F544-F521D4333E69', '99A6D9E1-7736-A3EF-B801-B7A15B64D9A1', '4721c7c9-957d-eb74-04d1-bf0a47e60f76', 'rad2131f5b5-f094-248b-586b-0ac26f2e9a3c', '3', '超过30厘米'),
('5DB6B21A-0511-FDD0-EA9A-001210728CCF', 'F37D1C10-F546-47AB-E844-63BF6C62881A', 'c7d9d4c4-9137-900c-9cd8-3d941ba8e82e', 'rad93900683-bca1-aefe-be1c-f0bf3b26e8a4', '1', '1-2米'),
('5DF68570-D09D-66D6-2617-A081E4CA8192', 'ADAEF9AA-4DCA-CAD7-24E5-4B53F5824FC7', 'c7d9d4c4-9137-900c-9cd8-3d941ba8e82e', 'rad93900683-bca1-aefe-be1c-f0bf3b26e8a4', '0', '少于1米'),
('5DF73AE7-A833-BE8A-E120-982F98D86D54', '3539514C-1172-B3FF-F6BF-DBC512B1EAD2', '039370e3-e2f6-b813-7ec7-7e0b844ddb4b', 'rad474bca01-e477-99b5-27f3-66d5ac270a60', '0', '是'),
('5E00512E-A472-3F83-39F0-6E4E1C98BD59', '68812A2B-64C1-1E9F-3DB3-DF1E468C3608', '039370e3-e2f6-b813-7ec7-7e0b844ddb4b', 'rad474bca01-e477-99b5-27f3-66d5ac270a60', '1', '否'),
('5E1E0D6B-B7BC-7FC5-356F-BD2F034DAE44', 'CB525597-8FC9-1101-2719-2CEF8C7CF0E7', 'e83cb158-83b4-a004-e4d5-ecfeda902fe5', 'rad37519809-e9d6-a9f3-961b-1a8c75b301bd', '1', '偶尔'),
('5E1EB182-5138-92C2-B7C1-3FC724CEBB16', '5F4A3B52-3FEF-7614-EF5D-2C4700B55778', 'e566e989-65fd-f8b2-1679-ebe41475503d', 'rad7b4df87c-dbb7-7ccd-eb36-ed00a20c718b', '0,1,4,5', '远眺休息眼睛,轻微活动休息眼睛,闭目休息眼睛,户外活动休息眼睛'),
('5E7AB50E-4C95-66DF-B306-5AA2F8DD8DBD', '441D80A7-FFDF-11BD-1925-DC889D5F7111', '9c705ae0-d36e-3de9-138c-4e782190eb18', 'rad7fc0127f-d93f-914e-bb91-ea62b458f9f9', '2', '经常'),
('5E7B5333-FFA1-E797-8561-7BF63A7D5390', '476763BF-3A7E-59C3-B6FC-FD9ED7EE91DD', 'e566e989-65fd-f8b2-1679-ebe41475503d', 'rad7b4df87c-dbb7-7ccd-eb36-ed00a20c718b', '1,2,3,5', '轻微活动休息眼睛,交替望远望近休息眼睛,做眼保健操休息眼睛,户外活动休息眼睛'),
('5E896027-19D3-C3F1-C9FA-4CEFFB857F36', 'DA3636C9-417E-D8FC-7800-52F460768C00', 'e566e989-65fd-f8b2-1679-ebe41475503d', 'rad7b4df87c-dbb7-7ccd-eb36-ed00a20c718b', '8', '看绿色植物休息眼睛'),
('5EB7B472-3D62-FDE2-702A-215EA241765B', 'AFF85C0F-0FBE-798D-752A-751527612DAA', '5bc2c341-5b4b-b3a8-b208-1aba371a6f4f', 'radc91e1090-11f6-3208-c57f-cf560103d6ce', '3', '总是'),
('5F7C92EE-5683-1425-3497-AB8263D109E5', '3BB1A79F-34CA-166F-DF0D-3F3203DB26EF', '67c32e3e-ae1f-8274-370b-d88c6b33a53e', 'radf2e9260e-eee6-3699-4b3e-16dcd727ed1a', '1', '0.5-1小时'),
('5F91D3C4-C5E8-89FD-DBE6-3ABC922449AE', '63ECECE2-9057-5BF3-90D0-3212F3052C80', '6a1fe386-2add-0f8b-661c-de506d475b21', 'radc797a541-2c01-03bd-0500-e390bbe83822', '3', '超过50厘米'),
('5FD46421-4E7D-FAE8-7D28-C2C2F7795E85', '61539D46-2310-AAFE-1339-01B660CD4C66', '5bc2c341-5b4b-b3a8-b208-1aba371a6f4f', 'radc91e1090-11f6-3208-c57f-cf560103d6ce', '0', '从不'),
('60278A95-2A22-4384-8C57-888E29E33621', 'FA76F62E-40C5-8251-1DE5-815C9EB00048', '5bc2c341-5b4b-b3a8-b208-1aba371a6f4f', 'radc91e1090-11f6-3208-c57f-cf560103d6ce', '2', '经常'),
('60AE3BC1-6CF8-F48A-C7CE-A44F6B7F7D80', 'C35BA2FC-EC9A-60DE-C617-27A3A166F44E', '9ae5d237-cbc8-9749-5437-84426c6da284', 'rad439643f6-89be-599c-d173-d8808902d3c5', '4', '超过2小时'),
('60D19326-3285-5A32-5F19-76DC059FC884', '80FFED84-104B-6235-B9E0-8AB8D9812941', 'e566e989-65fd-f8b2-1679-ebe41475503d', 'rad7b4df87c-dbb7-7ccd-eb36-ed00a20c718b', '2,8', '交替望远望近休息眼睛,看绿色植物休息眼睛'),
('60E0595F-73B4-2399-0184-AD3DB556EC2D', 'B563CC59-188A-4236-6463-4A581651AD55', '9c705ae0-d36e-3de9-138c-4e782190eb18', 'rad7fc0127f-d93f-914e-bb91-ea62b458f9f9', '1', '偶尔'),
('610BE34E-7577-C39C-D9DA-CD806126A359', 'C30F948F-4C43-9A47-A02E-29B3DFF2047F', '039370e3-e2f6-b813-7ec7-7e0b844ddb4b', 'rad474bca01-e477-99b5-27f3-66d5ac270a60', '1', '否'),
('61240D3D-3AD0-2DCE-6B77-D0FC89F991D4', '4DFE1916-B0F0-1AFE-031D-41440DCCA55B', '145beece-5eac-533e-91b6-f23ac8bf46fe', 'rad3d3fb95a-2adb-3048-b15e-6077dd17973e', '3', '1.5-2小时'),
('616a8f4d-de30-bc1a-6a9e-2b70f6846186', '2cd4fb5d-b929-39c2-955f-4faa1f0b4307', '7511594b-1716-91fc-9a3e-805eeedb5a55', 'radccf7949f-a2ec-1a99-f032-78be709a779d', '0', '从不'),
('6172A78D-D484-E7C6-6475-6C16A3D971ED', '72870223-8FDD-5A6E-4F73-EE48BF56C58A', '6a1fe386-2add-0f8b-661c-de506d475b21', 'radc797a541-2c01-03bd-0500-e390bbe83822', '2', '31-50厘米'),
('61B3D9C5-74E0-E7DE-70A3-4E01207082E5', '0861E976-846A-3786-FD6C-A7AFB67773FF', 'c7d9d4c4-9137-900c-9cd8-3d941ba8e82e', 'rad93900683-bca1-aefe-be1c-f0bf3b26e8a4', '0', '少于1米'),
('61E4ED08-611D-6F15-F0DA-24BCD68E4CC3', 'F37D1C10-F546-47AB-E844-63BF6C62881A', '6a1fe386-2add-0f8b-661c-de506d475b21', 'radc797a541-2c01-03bd-0500-e390bbe83822', '3', '超过50厘米'),
('6214FA24-D4DA-36DE-4C33-3BD72AE37D7F', '6C8AE7BE-4018-D77A-7504-6BCC32E66B29', '6a1fe386-2add-0f8b-661c-de506d475b21', 'radc797a541-2c01-03bd-0500-e390bbe83822', '1', '15-30厘米'),
('6257BD7C-1F38-C162-DBA8-DED591B30D46', '441D80A7-FFDF-11BD-1925-DC889D5F7111', 'e566e989-65fd-f8b2-1679-ebe41475503d', 'rad7b4df87c-dbb7-7ccd-eb36-ed00a20c718b', '0,4', '远眺休息眼睛,闭目休息眼睛'),
('6258CD5D-646E-BFE5-D146-C5E8218D14CA', '3B8CB567-353D-A73D-51F8-EEE5200DF84C', 'c7d9d4c4-9137-900c-9cd8-3d941ba8e82e', 'rad93900683-bca1-aefe-be1c-f0bf3b26e8a4', '3', '超过3米'),
('626634CC-E038-7A1C-22A1-D470936B1010', '89843604-8761-1E31-70F8-F96E4D7D6CA4', 'e566e989-65fd-f8b2-1679-ebe41475503d', 'rad7b4df87c-dbb7-7ccd-eb36-ed00a20c718b', '0,1,2,4,8', '远眺休息眼睛,轻微活动休息眼睛,交替望远望近休息眼睛,闭目休息眼睛,看绿色植物休息眼睛'),
('6280EB28-8E2D-40B5-505C-F625969875F0', 'F4322BA4-183B-25DF-7285-774667C0F36A', '6a1fe386-2add-0f8b-661c-de506d475b21', 'radc797a541-2c01-03bd-0500-e390bbe83822', '2', '31-50厘米'),
('62A6BF21-6EE3-D8A0-920D-05CA21925F68', '920AB2EB-8296-D706-0DA4-EC8F6CB970AB', '145beece-5eac-533e-91b6-f23ac8bf46fe', 'rad3d3fb95a-2adb-3048-b15e-6077dd17973e', '3', '1.5-2小时'),
('62bd00cf-3d6f-6d49-68e5-c5d57903278e', 'E0BA3932-5BA8-8C16-7867-6B8689B21BA5', '9c705ae0-d36e-3de9-138c-4e782190eb18', 'rad7fc0127f-d93f-914e-bb91-ea62b458f9f9', '0', '从不'),
('62CE4B3E-83D2-E774-400E-F2C0A864D896', '24E1F4D7-3A24-42AB-322C-1C28CF7D944B', '039370e3-e2f6-b813-7ec7-7e0b844ddb4b', 'rad474bca01-e477-99b5-27f3-66d5ac270a60', '2', '不清楚'),
('62D22CB5-A698-5724-E404-5A55DCF28E39', 'AB6B921B-753D-9027-4341-64CABC248921', '91002316-00c9-9553-e567-f0f07f75ac58', 'rad2e79ae09-eb70-d724-0370-fe83ae5a429c', '0', '从不'),
('62F7A5CC-4102-3863-2D8F-470B776D08DB', '98AF264E-03BA-4966-CCB1-3EE02FA46455', 'c7d9d4c4-9137-900c-9cd8-3d941ba8e82e', 'rad93900683-bca1-aefe-be1c-f0bf3b26e8a4', '2', '2-3米'),
('639C7EF7-4221-6353-7E1A-80E2260A102D', '7397EC4A-1473-987A-DA84-7FD15EE09BEB', '91002316-00c9-9553-e567-f0f07f75ac58', 'rad2e79ae09-eb70-d724-0370-fe83ae5a429c', '3', '总是'),
('63AA747B-F815-708A-0205-645B604ED8CF', '026765AB-A2F6-C670-23E0-9FA882D1306A', '5bc2c341-5b4b-b3a8-b208-1aba371a6f4f', 'radc91e1090-11f6-3208-c57f-cf560103d6ce', '2', '经常'),
('63C3474D-B96C-E8E6-B641-ED4F70984DAF', '3FEE4C58-6EFE-0D2F-B672-F26C2BBFFF1F', '145beece-5eac-533e-91b6-f23ac8bf46fe', 'rad3d3fb95a-2adb-3048-b15e-6077dd17973e', '2', '1-1.5小时'),
('63F90557-F910-46F4-96E9-120BE98EA23C', '476763BF-3A7E-59C3-B6FC-FD9ED7EE91DD', '9ae5d237-cbc8-9749-5437-84426c6da284', 'rad439643f6-89be-599c-d173-d8808902d3c5', '4', '超过2小时'),
('640F9DF4-92D3-2047-523D-440B9A7F106C', 'CB525597-8FC9-1101-2719-2CEF8C7CF0E7', '039370e3-e2f6-b813-7ec7-7e0b844ddb4b', 'rad474bca01-e477-99b5-27f3-66d5ac270a60', '1', '否'),
('64169008-2369-2B46-A77C-755829EB1AEC', '0A30BF3B-B061-CEBF-52AE-D8C5611144C8', '9ae5d237-cbc8-9749-5437-84426c6da284', 'rad439643f6-89be-599c-d173-d8808902d3c5', '2', '1-1.5小时'),
('64282385-86D4-938C-C6ED-20EC23273EFB', '24E1F4D7-3A24-42AB-322C-1C28CF7D944B', '9c705ae0-d36e-3de9-138c-4e782190eb18', 'rad7fc0127f-d93f-914e-bb91-ea62b458f9f9', '0', '从不'),
('642C2401-F87D-C63C-463D-15F0944B6143', 'DD7DA2CB-F771-3E46-D72B-FBD338702BBE', '9c705ae0-d36e-3de9-138c-4e782190eb18', 'rad7fc0127f-d93f-914e-bb91-ea62b458f9f9', '3', '总是'),
('643E7AA1-1B1F-0E4D-2694-43E9F8A9CA01', 'A6DB9643-ED27-94B5-F552-E26808164F4C', '039370e3-e2f6-b813-7ec7-7e0b844ddb4b', 'rad474bca01-e477-99b5-27f3-66d5ac270a60', '2', '不清楚'),
('64594487-9C33-D8D0-424C-0908E17B6629', '7008FFE4-D0A3-18B5-519E-98BF23E4D28F', '9c705ae0-d36e-3de9-138c-4e782190eb18', 'rad7fc0127f-d93f-914e-bb91-ea62b458f9f9', '3', '总是'),
('646CCDFD-27C0-1B4C-1129-F21D7D5F8BD1', 'ADAEF9AA-4DCA-CAD7-24E5-4B53F5824FC7', '9ae5d237-cbc8-9749-5437-84426c6da284', 'rad439643f6-89be-599c-d173-d8808902d3c5', '5', '从不休息'),
('648BBAFB-CEB6-45E0-6ABD-F168E8615529', '1866C035-EFBE-F08D-FD20-6FEC88F5D73E', '145beece-5eac-533e-91b6-f23ac8bf46fe', 'rad3d3fb95a-2adb-3048-b15e-6077dd17973e', '4', '超过2小时'),
('65369C4A-DDD3-BDB1-CDE7-F9FA40BD2F5E', 'B1F7DED9-D53E-E265-6749-7A3C93743573', 'e83cb158-83b4-a004-e4d5-ecfeda902fe5', 'rad37519809-e9d6-a9f3-961b-1a8c75b301bd', '1', '偶尔'),
('6572C14B-5318-5932-E069-141C823BF5BD', 'E8859928-868C-F675-560A-81C6C514FCC4', '4721c7c9-957d-eb74-04d1-bf0a47e60f76', 'rad2131f5b5-f094-248b-586b-0ac26f2e9a3c', '0', '少于10厘米'),
('65D89B82-141F-9DDA-8828-0BEDA8559503', '5A96EEC7-F5ED-4158-60A0-70CA1A8B00B5', '145beece-5eac-533e-91b6-f23ac8bf46fe', 'rad3d3fb95a-2adb-3048-b15e-6077dd17973e', '0', '0.5小时以内'),
('65FC6459-88B1-8A58-7D8B-7FC39A9BB471', '92ED7B93-4A09-C1BD-17C3-01F30709A859', 'c7d9d4c4-9137-900c-9cd8-3d941ba8e82e', 'rad93900683-bca1-aefe-be1c-f0bf3b26e8a4', '0', '少于1米'),
('66033477-0C63-56F4-3172-8BB0A254CCA7', 'A6DB9643-ED27-94B5-F552-E26808164F4C', 'c7d9d4c4-9137-900c-9cd8-3d941ba8e82e', 'rad93900683-bca1-aefe-be1c-f0bf3b26e8a4', '3', '超过3米'),
('664336A4-BA99-2DA4-9398-8BB2165E172A', 'D81DC3B3-E47D-3A8C-C338-EF4733374C13', '9ae5d237-cbc8-9749-5437-84426c6da284', 'rad439643f6-89be-599c-d173-d8808902d3c5', '5', '从不休息'),
('665E9691-ADCB-3126-F1E0-229E09E7DEF2', 'D36013E4-8995-4DB2-6F59-51E50DE6D0BF', 'e566e989-65fd-f8b2-1679-ebe41475503d', 'rad7b4df87c-dbb7-7ccd-eb36-ed00a20c718b', '0,1,2,4,5', '远眺休息眼睛,轻微活动休息眼睛,交替望远望近休息眼睛,闭目休息眼睛,户外活动休息眼睛'),
('66E68CEB-539C-57B4-CA32-EF20F7CB3C07', '80FFED84-104B-6235-B9E0-8AB8D9812941', '145beece-5eac-533e-91b6-f23ac8bf46fe', 'rad3d3fb95a-2adb-3048-b15e-6077dd17973e', '5', '从不休息'),
('66F516E6-2D41-4002-C254-BFA04B145FE0', '3BB1A79F-34CA-166F-DF0D-3F3203DB26EF', '6a1fe386-2add-0f8b-661c-de506d475b21', 'radc797a541-2c01-03bd-0500-e390bbe83822', '0', '少于15厘米'),
('678B9F86-42B8-6E53-249F-4DDF9AA5E49C', '5432EE5D-D471-FDB2-A461-715E9D202896', '6a1fe386-2add-0f8b-661c-de506d475b21', 'radc797a541-2c01-03bd-0500-e390bbe83822', '1', '15-30厘米'),
('67911512-416C-11F3-9D38-6EE153717894', 'CB525597-8FC9-1101-2719-2CEF8C7CF0E7', 'e566e989-65fd-f8b2-1679-ebe41475503d', 'rad7b4df87c-dbb7-7ccd-eb36-ed00a20c718b', '0', '远眺休息眼睛'),
('67CFCC2E-D1A5-A88A-E37F-63EEEA0C5F58', 'ADAEF9AA-4DCA-CAD7-24E5-4B53F5824FC7', '67c32e3e-ae1f-8274-370b-d88c6b33a53e', 'radf2e9260e-eee6-3699-4b3e-16dcd727ed1a', '5', '从不休息'),
('681C1EE3-B5B6-2A56-5433-4EAA58F422BD', 'B7D72601-8A15-1A95-C509-E439DDE324AE', '9ae5d237-cbc8-9749-5437-84426c6da284', 'rad439643f6-89be-599c-d173-d8808902d3c5', '5', '从不休息'),
('6861D1AE-7F35-654A-F311-08FF2C40F2D8', 'D8580F15-04B8-E0B5-526A-EB7DD20B7C15', 'e83cb158-83b4-a004-e4d5-ecfeda902fe5', 'rad37519809-e9d6-a9f3-961b-1a8c75b301bd', '1', '偶尔'),
('686FB96A-28FF-EB8D-4573-FA714CC2D605', 'C3BBC740-0938-2D72-821D-D05A30E3EBF4', '145beece-5eac-533e-91b6-f23ac8bf46fe', 'rad3d3fb95a-2adb-3048-b15e-6077dd17973e', '5', '从不休息'),
('68D1A15A-63A7-04FB-048E-42C991122B72', 'D36013E4-8995-4DB2-6F59-51E50DE6D0BF', '145beece-5eac-533e-91b6-f23ac8bf46fe', 'rad3d3fb95a-2adb-3048-b15e-6077dd17973e', '4', '超过2小时'),
('6A01E407-2AD0-54AF-5C6C-40B19F5114DC', 'F9A6B033-FED8-5917-4D8E-08326A5E5669', '5bc2c341-5b4b-b3a8-b208-1aba371a6f4f', 'radc91e1090-11f6-3208-c57f-cf560103d6ce', '0', '从不'),
('6A116C28-915F-E864-4EE6-4C441C26C9EA', '7D935D58-CA4D-4104-A9BF-9847252749CD', '67c32e3e-ae1f-8274-370b-d88c6b33a53e', 'radf2e9260e-eee6-3699-4b3e-16dcd727ed1a', '0', '0.5小时以内'),
('6AA18908-3D98-C456-27E1-5CA77E5E759E', '476E1E91-C9FC-7AC3-5776-6916ECC17162', 'e566e989-65fd-f8b2-1679-ebe41475503d', 'rad7b4df87c-dbb7-7ccd-eb36-ed00a20c718b', '3,5,8', '做眼保健操休息眼睛,户外活动休息眼睛,看绿色植物休息眼睛'),
('6B3A0F7A-6423-9FC5-552A-8CEB2B328F31', 'C3BBC740-0938-2D72-821D-D05A30E3EBF4', '5bc2c341-5b4b-b3a8-b208-1aba371a6f4f', 'radc91e1090-11f6-3208-c57f-cf560103d6ce', '0', '从不'),
('6B7E88A6-69C8-3656-5F5F-4EC87126E987', 'AB6B921B-753D-9027-4341-64CABC248921', '6a1fe386-2add-0f8b-661c-de506d475b21', 'radc797a541-2c01-03bd-0500-e390bbe83822', '1', '15-30厘米');
INSERT INTO `quiz_data` (`recordID`, `childQuizID`, `askID`, `eleID`, `answerContent`, `statisticalValue`) VALUES
('6BAD3A73-EFE7-ECC5-C71D-41F03EA401BD', '3FEE4C58-6EFE-0D2F-B672-F26C2BBFFF1F', '4721c7c9-957d-eb74-04d1-bf0a47e60f76', 'rad2131f5b5-f094-248b-586b-0ac26f2e9a3c', '1', '11-20厘米'),
('6c73a57a-a164-1ac1-7300-b7c61f0bd987', 'E0BA3932-5BA8-8C16-7867-6B8689B21BA5', '145beece-5eac-533e-91b6-f23ac8bf46fe', 'rad3d3fb95a-2adb-3048-b15e-6077dd17973e', '4', '超过2小时'),
('6CB42002-B77C-71EC-3249-2C854CE5EAAB', 'CB525597-8FC9-1101-2719-2CEF8C7CF0E7', '67c32e3e-ae1f-8274-370b-d88c6b33a53e', 'radf2e9260e-eee6-3699-4b3e-16dcd727ed1a', '4', '超过2小时'),
('6CCC0618-C2C7-D504-D05A-BAF2D6C613A4', '484F2F03-9639-05F6-084B-FA7E4903C7C3', '039370e3-e2f6-b813-7ec7-7e0b844ddb4b', 'rad474bca01-e477-99b5-27f3-66d5ac270a60', '1', '否'),
('6D0A07D2-F047-B1A9-180B-96144EA4B9C5', '6759C623-872D-0BF0-119B-34E079815692', '4721c7c9-957d-eb74-04d1-bf0a47e60f76', 'rad2131f5b5-f094-248b-586b-0ac26f2e9a3c', '0', '少于10厘米'),
('6D1AB680-47C5-56E8-32BD-E304C795DF61', 'C652A5EE-4E23-617E-21D5-F359E1992010', '5bc2c341-5b4b-b3a8-b208-1aba371a6f4f', 'radc91e1090-11f6-3208-c57f-cf560103d6ce', '3', '总是'),
('6D24123C-0F4F-8852-33FE-104510033FAA', '594DED5C-E68E-3F48-4CE5-39FF7B6E748B', '91002316-00c9-9553-e567-f0f07f75ac58', 'rad2e79ae09-eb70-d724-0370-fe83ae5a429c', '2', '经常'),
('6D2A8ECD-F243-288D-1406-15C13DDD7406', '68812A2B-64C1-1E9F-3DB3-DF1E468C3608', '6a1fe386-2add-0f8b-661c-de506d475b21', 'radc797a541-2c01-03bd-0500-e390bbe83822', '1', '15-30厘米'),
('6D50FCFF-F4CA-BA8C-2341-A0E7ED0965E7', '93484759-D692-672D-9228-4C5AFCAA9ADF', '6a1fe386-2add-0f8b-661c-de506d475b21', 'radc797a541-2c01-03bd-0500-e390bbe83822', '3', '超过50厘米'),
('6D7D4937-056E-229C-5C21-EC9022144D3B', '7008FFE4-D0A3-18B5-519E-98BF23E4D28F', '9ae5d237-cbc8-9749-5437-84426c6da284', 'rad439643f6-89be-599c-d173-d8808902d3c5', '4', '超过2小时'),
('6DA65FA5-5DE0-5197-5F2A-6DD32B5708AE', '253B0D0F-1832-4553-AF8D-DB12076F2805', '67c32e3e-ae1f-8274-370b-d88c6b33a53e', 'radf2e9260e-eee6-3699-4b3e-16dcd727ed1a', '0', '0.5小时以内'),
('6DBCB642-7CE8-65BD-9F07-84BA783E8869', '98ACAC8B-0A70-711A-DFDD-CDFCA20ECD27', '4721c7c9-957d-eb74-04d1-bf0a47e60f76', 'rad2131f5b5-f094-248b-586b-0ac26f2e9a3c', '3', '超过30厘米'),
('6E239DE9-39E3-8619-5BFF-624B70FB6C86', '244E077B-1ECF-506A-D89A-1189662266D9', '039370e3-e2f6-b813-7ec7-7e0b844ddb4b', 'rad474bca01-e477-99b5-27f3-66d5ac270a60', '2', '不清楚'),
('6E87764F-3FD4-2046-9C73-3CEE4301F355', 'AB6B921B-753D-9027-4341-64CABC248921', '039370e3-e2f6-b813-7ec7-7e0b844ddb4b', 'rad474bca01-e477-99b5-27f3-66d5ac270a60', '2', '不清楚'),
('6EB64356-3EE2-E218-5FC0-A0430A3D6B56', 'B670929B-C8F0-DD41-C3E2-DE3501F72643', '91002316-00c9-9553-e567-f0f07f75ac58', 'rad2e79ae09-eb70-d724-0370-fe83ae5a429c', '0', '从不'),
('6EE11D9D-BC1E-AFA8-8E8A-FC5F0BAD5283', '071CFB9A-B4A3-7541-3FD9-A31A6CED19A0', '9ae5d237-cbc8-9749-5437-84426c6da284', 'rad439643f6-89be-599c-d173-d8808902d3c5', '1', '0.5-1小时'),
('6F1A8A7B-C0E5-5977-F797-B7909A36FF05', '7BF08113-36CB-6A5E-AD30-650C8EBD189E', '9c705ae0-d36e-3de9-138c-4e782190eb18', 'rad7fc0127f-d93f-914e-bb91-ea62b458f9f9', '3', '总是'),
('6F5D8C00-A945-A171-EF8B-36B4CF0089FC', 'B922226B-47DD-8B63-449B-383E9A8B2F7A', '9c705ae0-d36e-3de9-138c-4e782190eb18', 'rad7fc0127f-d93f-914e-bb91-ea62b458f9f9', '3', '总是'),
('6FA4AF67-83CB-3675-8803-B839E6698822', 'C652A5EE-4E23-617E-21D5-F359E1992010', '145beece-5eac-533e-91b6-f23ac8bf46fe', 'rad3d3fb95a-2adb-3048-b15e-6077dd17973e', '2', '1-1.5小时'),
('6FAB9338-DF17-A83F-4532-E9A8EA40D3DA', '98F141FB-2511-826C-471D-7668C10E2CFD', 'e566e989-65fd-f8b2-1679-ebe41475503d', 'rad7b4df87c-dbb7-7ccd-eb36-ed00a20c718b', '1,2,8', '轻微活动休息眼睛,交替望远望近休息眼睛,看绿色植物休息眼睛'),
('6FB6D2AB-2F9B-41F4-93CE-79597E6A2536', 'C35BA2FC-EC9A-60DE-C617-27A3A166F44E', '67c32e3e-ae1f-8274-370b-d88c6b33a53e', 'radf2e9260e-eee6-3699-4b3e-16dcd727ed1a', '1', '0.5-1小时'),
('7003D44B-BB2A-1879-147D-7F089E1BB861', '071CFB9A-B4A3-7541-3FD9-A31A6CED19A0', '5bc2c341-5b4b-b3a8-b208-1aba371a6f4f', 'radc91e1090-11f6-3208-c57f-cf560103d6ce', '0', '从不'),
('70530171-9C4C-0411-CFE9-3DB37C4D94D7', 'B7D72601-8A15-1A95-C509-E439DDE324AE', '9c705ae0-d36e-3de9-138c-4e782190eb18', 'rad7fc0127f-d93f-914e-bb91-ea62b458f9f9', '2', '经常'),
('706B7555-DC89-7AE8-47A1-D570CF40DF45', 'E8859928-868C-F675-560A-81C6C514FCC4', '5bc2c341-5b4b-b3a8-b208-1aba371a6f4f', 'radc91e1090-11f6-3208-c57f-cf560103d6ce', '3', '总是'),
('70CFE189-545D-14E8-B1AF-5109B2D0FDB3', '253B0D0F-1832-4553-AF8D-DB12076F2805', '039370e3-e2f6-b813-7ec7-7e0b844ddb4b', 'rad474bca01-e477-99b5-27f3-66d5ac270a60', '0', '是'),
('710EE567-BEE6-EFFD-B0FF-907A3CFD211F', 'F7A459D2-0B5D-1018-0527-BBCDE352EE31', '9ae5d237-cbc8-9749-5437-84426c6da284', 'rad439643f6-89be-599c-d173-d8808902d3c5', '1', '0.5-1小时'),
('717D1C5C-1EC3-21D4-0869-A8FA4E61E412', '7D935D58-CA4D-4104-A9BF-9847252749CD', '4721c7c9-957d-eb74-04d1-bf0a47e60f76', 'rad2131f5b5-f094-248b-586b-0ac26f2e9a3c', '1', '11-20厘米'),
('718E97AF-EF1F-0E35-F60E-130BD7F0AE0F', 'F67ADE68-69FE-CE59-7008-E63B1F91E5AB', '9ae5d237-cbc8-9749-5437-84426c6da284', 'rad439643f6-89be-599c-d173-d8808902d3c5', '4', '超过2小时'),
('71AB802C-4F27-6562-FDE3-53C4CD08B7D8', '24E1F4D7-3A24-42AB-322C-1C28CF7D944B', '9ae5d237-cbc8-9749-5437-84426c6da284', 'rad439643f6-89be-599c-d173-d8808902d3c5', '3', '1.5-2小时'),
('71EF82E1-B116-A207-30B5-E28EC8FB7CB6', 'ED9FC926-8476-8046-F2F7-BC1A0BA1E4D5', '6a1fe386-2add-0f8b-661c-de506d475b21', 'radc797a541-2c01-03bd-0500-e390bbe83822', '3', '超过50厘米'),
('721442FC-EA36-42F7-5476-3728C656C392', '98ACAC8B-0A70-711A-DFDD-CDFCA20ECD27', 'e566e989-65fd-f8b2-1679-ebe41475503d', 'rad7b4df87c-dbb7-7ccd-eb36-ed00a20c718b', '2', '交替望远望近休息眼睛'),
('722FFE2A-36FB-6854-C7EC-41566C1332D0', '72870223-8FDD-5A6E-4F73-EE48BF56C58A', '145beece-5eac-533e-91b6-f23ac8bf46fe', 'rad3d3fb95a-2adb-3048-b15e-6077dd17973e', '0', '0.5小时以内'),
('72A3CBB8-4AF4-3376-239B-C933BFDFDD83', 'E295B98F-DA83-5E72-4401-8D6DAC3F0DBB', '145beece-5eac-533e-91b6-f23ac8bf46fe', 'rad3d3fb95a-2adb-3048-b15e-6077dd17973e', '5', '从不休息'),
('72EEED04-96D7-0148-ACFB-CA05111656E3', '7008FFE4-D0A3-18B5-519E-98BF23E4D28F', '5bc2c341-5b4b-b3a8-b208-1aba371a6f4f', 'radc91e1090-11f6-3208-c57f-cf560103d6ce', '3', '总是'),
('730FB9DE-59A9-A9C2-5BAE-4317A8022F6C', 'AFF85C0F-0FBE-798D-752A-751527612DAA', '6a1fe386-2add-0f8b-661c-de506d475b21', 'radc797a541-2c01-03bd-0500-e390bbe83822', '0', '少于15厘米'),
('7363B784-F790-1AA8-8ED3-54FA09F83BC1', 'D36013E4-8995-4DB2-6F59-51E50DE6D0BF', '6a1fe386-2add-0f8b-661c-de506d475b21', 'radc797a541-2c01-03bd-0500-e390bbe83822', '0', '少于15厘米'),
('738AAEC9-F516-D440-C260-368457E3FA9C', '4A0B15D3-8A26-CB4F-F75E-8950D45F494F', 'c7d9d4c4-9137-900c-9cd8-3d941ba8e82e', 'rad93900683-bca1-aefe-be1c-f0bf3b26e8a4', '3', '超过3米'),
('739609E0-97B6-3CD3-492B-7DF2637F6803', '5A96EEC7-F5ED-4158-60A0-70CA1A8B00B5', '039370e3-e2f6-b813-7ec7-7e0b844ddb4b', 'rad474bca01-e477-99b5-27f3-66d5ac270a60', '0', '是'),
('73AF1857-8D5A-04A5-1330-F91C456CFBA5', 'ADAEF9AA-4DCA-CAD7-24E5-4B53F5824FC7', '4721c7c9-957d-eb74-04d1-bf0a47e60f76', 'rad2131f5b5-f094-248b-586b-0ac26f2e9a3c', '3', '超过30厘米'),
('73C3C822-D249-4B21-6473-B6A0DA0434E2', '1866C035-EFBE-F08D-FD20-6FEC88F5D73E', '9ae5d237-cbc8-9749-5437-84426c6da284', 'rad439643f6-89be-599c-d173-d8808902d3c5', '4', '超过2小时'),
('73F7582F-F97B-E953-C828-F2F1CE5C16EC', '920AB2EB-8296-D706-0DA4-EC8F6CB970AB', '67c32e3e-ae1f-8274-370b-d88c6b33a53e', 'radf2e9260e-eee6-3699-4b3e-16dcd727ed1a', '1', '0.5-1小时'),
('741B737D-56C7-2CE8-96DD-4E209435FB39', 'CB525597-8FC9-1101-2719-2CEF8C7CF0E7', '6a1fe386-2add-0f8b-661c-de506d475b21', 'radc797a541-2c01-03bd-0500-e390bbe83822', '0', '少于15厘米'),
('74723B9B-5C5C-76C8-65DF-A4C81B5B8290', 'B670929B-C8F0-DD41-C3E2-DE3501F72643', 'c7d9d4c4-9137-900c-9cd8-3d941ba8e82e', 'rad93900683-bca1-aefe-be1c-f0bf3b26e8a4', '1', '1-2米'),
('74DD553D-21C0-64F7-1FC9-FDEB514E07D1', '3FEE4C58-6EFE-0D2F-B672-F26C2BBFFF1F', '6a1fe386-2add-0f8b-661c-de506d475b21', 'radc797a541-2c01-03bd-0500-e390bbe83822', '0', '少于15厘米'),
('7524005D-C904-E2CB-C617-8A10A4669856', '24E1F4D7-3A24-42AB-322C-1C28CF7D944B', 'e566e989-65fd-f8b2-1679-ebe41475503d', 'rad7b4df87c-dbb7-7ccd-eb36-ed00a20c718b', '1,2,5,8', '轻微活动休息眼睛,交替望远望近休息眼睛,户外活动休息眼睛,看绿色植物休息眼睛'),
('755257EE-EB45-692C-7F1B-D0D1C3F6FD04', '476763BF-3A7E-59C3-B6FC-FD9ED7EE91DD', '9c705ae0-d36e-3de9-138c-4e782190eb18', 'rad7fc0127f-d93f-914e-bb91-ea62b458f9f9', '0', '从不'),
('755FCCB8-36D2-A6D5-B928-89E998F7429B', '98F141FB-2511-826C-471D-7668C10E2CFD', '145beece-5eac-533e-91b6-f23ac8bf46fe', 'rad3d3fb95a-2adb-3048-b15e-6077dd17973e', '4', '超过2小时'),
('7583F043-26E5-FF12-968F-2FD1E4080E36', 'F7A459D2-0B5D-1018-0527-BBCDE352EE31', '91002316-00c9-9553-e567-f0f07f75ac58', 'rad2e79ae09-eb70-d724-0370-fe83ae5a429c', '2', '经常'),
('7594761C-1274-5191-6B8C-EFBEFD585C88', 'AB6B921B-753D-9027-4341-64CABC248921', '9c705ae0-d36e-3de9-138c-4e782190eb18', 'rad7fc0127f-d93f-914e-bb91-ea62b458f9f9', '1', '偶尔'),
('75C11FDA-363F-D83D-76AD-DE69CC049AF1', 'B922226B-47DD-8B63-449B-383E9A8B2F7A', '67c32e3e-ae1f-8274-370b-d88c6b33a53e', 'radf2e9260e-eee6-3699-4b3e-16dcd727ed1a', '3', '1.5-2小时'),
('75DBC116-CC47-2E61-D5A9-365B459BC1D0', 'C30F948F-4C43-9A47-A02E-29B3DFF2047F', '4721c7c9-957d-eb74-04d1-bf0a47e60f76', 'rad2131f5b5-f094-248b-586b-0ac26f2e9a3c', '0', '少于10厘米'),
('75F65960-943B-A4A3-4C3D-264A2BB5C69A', '9FA3D59F-9DC2-E62C-84E6-7B5DD301D6C0', 'c7d9d4c4-9137-900c-9cd8-3d941ba8e82e', 'rad93900683-bca1-aefe-be1c-f0bf3b26e8a4', '0', '少于1米'),
('76168065-2460-3A44-9D91-D538378E2466', '7008FFE4-D0A3-18B5-519E-98BF23E4D28F', '039370e3-e2f6-b813-7ec7-7e0b844ddb4b', 'rad474bca01-e477-99b5-27f3-66d5ac270a60', '1', '否'),
('761A6334-5465-ABF5-F11A-C75C81EB813C', 'C3BBC740-0938-2D72-821D-D05A30E3EBF4', 'e83cb158-83b4-a004-e4d5-ecfeda902fe5', 'rad37519809-e9d6-a9f3-961b-1a8c75b301bd', '2', '经常'),
('7654CFFA-87D9-3B24-AFCB-DECE90AAED0D', '61539D46-2310-AAFE-1339-01B660CD4C66', '145beece-5eac-533e-91b6-f23ac8bf46fe', 'rad3d3fb95a-2adb-3048-b15e-6077dd17973e', '0', '0.5小时以内'),
('76C10CAC-BF02-DA30-7471-CFF3C8754034', '6759C623-872D-0BF0-119B-34E079815692', '9c705ae0-d36e-3de9-138c-4e782190eb18', 'rad7fc0127f-d93f-914e-bb91-ea62b458f9f9', '0', '从不'),
('771E1243-EF85-C25B-6FB6-B4CB6285C218', '030BDFF9-5BDF-A203-ECE8-DD68B137B6D7', '9ae5d237-cbc8-9749-5437-84426c6da284', 'rad439643f6-89be-599c-d173-d8808902d3c5', '1', '0.5-1小时'),
('772C824F-2462-1A2F-027D-45058E3AF09B', '030BDFF9-5BDF-A203-ECE8-DD68B137B6D7', 'e83cb158-83b4-a004-e4d5-ecfeda902fe5', 'rad37519809-e9d6-a9f3-961b-1a8c75b301bd', '1', '偶尔'),
('774C9B1D-5E39-F9B7-EEB2-D5130F00B4E8', 'E295B98F-DA83-5E72-4401-8D6DAC3F0DBB', '67c32e3e-ae1f-8274-370b-d88c6b33a53e', 'radf2e9260e-eee6-3699-4b3e-16dcd727ed1a', '2', '1-1.5小时'),
('778BFB38-2FF9-0F9D-364F-995A963E838E', 'CD83271F-5EC4-253F-7F2E-07CB2F7525D9', '91002316-00c9-9553-e567-f0f07f75ac58', 'rad2e79ae09-eb70-d724-0370-fe83ae5a429c', '2', '经常'),
('77B16A2C-9CE0-6C25-02A7-FBD80A441EF7', '071CFB9A-B4A3-7541-3FD9-A31A6CED19A0', '91002316-00c9-9553-e567-f0f07f75ac58', 'rad2e79ae09-eb70-d724-0370-fe83ae5a429c', '1', '偶尔'),
('77C23A26-BAB6-1786-C9BD-B93571D58D48', 'F4322BA4-183B-25DF-7285-774667C0F36A', '5bc2c341-5b4b-b3a8-b208-1aba371a6f4f', 'radc91e1090-11f6-3208-c57f-cf560103d6ce', '2', '经常'),
('77C3B9C5-17C9-2516-2B7C-B4F9CF1C11BC', '66F182F0-FD27-9737-F85C-F7FD301F3621', '9ae5d237-cbc8-9749-5437-84426c6da284', 'rad439643f6-89be-599c-d173-d8808902d3c5', '5', '从不休息'),
('78451C0D-9C7E-2033-AB1D-C1F97EBA1C5C', '3539514C-1172-B3FF-F6BF-DBC512B1EAD2', '67c32e3e-ae1f-8274-370b-d88c6b33a53e', 'radf2e9260e-eee6-3699-4b3e-16dcd727ed1a', '2', '1-1.5小时'),
('7854AD05-261B-DE68-91F3-A4660C7D6CDF', '030BDFF9-5BDF-A203-ECE8-DD68B137B6D7', '5bc2c341-5b4b-b3a8-b208-1aba371a6f4f', 'radc91e1090-11f6-3208-c57f-cf560103d6ce', '2', '经常'),
('78682CC2-7BE2-54AC-B854-D175F24471BC', '61539D46-2310-AAFE-1339-01B660CD4C66', '6a1fe386-2add-0f8b-661c-de506d475b21', 'radc797a541-2c01-03bd-0500-e390bbe83822', '1', '15-30厘米'),
('78B15411-D153-8D7B-E88E-D74095FBD4CB', '4829D924-3E87-A91F-E1A8-F6060DF8962F', 'e83cb158-83b4-a004-e4d5-ecfeda902fe5', 'rad37519809-e9d6-a9f3-961b-1a8c75b301bd', '1', '偶尔'),
('78B3173A-C879-1813-AA62-F0ABBD10792B', 'B922226B-47DD-8B63-449B-383E9A8B2F7A', 'e83cb158-83b4-a004-e4d5-ecfeda902fe5', 'rad37519809-e9d6-a9f3-961b-1a8c75b301bd', '0', '从不'),
('78CAE49B-A728-8979-D44F-CBED2B0A9103', '026765AB-A2F6-C670-23E0-9FA882D1306A', '9c705ae0-d36e-3de9-138c-4e782190eb18', 'rad7fc0127f-d93f-914e-bb91-ea62b458f9f9', '1', '偶尔'),
('78CF48EC-74F5-2100-5F52-19AC6C50D6DD', 'B922226B-47DD-8B63-449B-383E9A8B2F7A', 'e566e989-65fd-f8b2-1679-ebe41475503d', 'rad7b4df87c-dbb7-7ccd-eb36-ed00a20c718b', '5', '户外活动休息眼睛'),
('78F78E66-3A26-C9B4-26F1-0437CA21810D', '68812A2B-64C1-1E9F-3DB3-DF1E468C3608', 'e83cb158-83b4-a004-e4d5-ecfeda902fe5', 'rad37519809-e9d6-a9f3-961b-1a8c75b301bd', '0', '从不'),
('78F8C9B1-61E5-1193-CA77-B00AD1A53A2A', 'B670929B-C8F0-DD41-C3E2-DE3501F72643', '145beece-5eac-533e-91b6-f23ac8bf46fe', 'rad3d3fb95a-2adb-3048-b15e-6077dd17973e', '3', '1.5-2小时'),
('7900F092-FB02-3123-7E0E-6809CAF982EE', '31974BD1-6D95-F803-AD70-4559ADBA5890', '9c705ae0-d36e-3de9-138c-4e782190eb18', 'rad7fc0127f-d93f-914e-bb91-ea62b458f9f9', '0', '从不'),
('7974A2D9-0243-E165-A9E0-D78050DFA53C', 'F9A6B033-FED8-5917-4D8E-08326A5E5669', '9ae5d237-cbc8-9749-5437-84426c6da284', 'rad439643f6-89be-599c-d173-d8808902d3c5', '0', '0.5小时以内'),
('79767DE2-339F-1919-C8DD-67DF64154D14', '071CFB9A-B4A3-7541-3FD9-A31A6CED19A0', '6a1fe386-2add-0f8b-661c-de506d475b21', 'radc797a541-2c01-03bd-0500-e390bbe83822', '2', '31-50厘米'),
('797EB6E7-B7AA-6576-9956-5283A10615C9', '4A0B15D3-8A26-CB4F-F75E-8950D45F494F', 'e83cb158-83b4-a004-e4d5-ecfeda902fe5', 'rad37519809-e9d6-a9f3-961b-1a8c75b301bd', '2', '经常'),
('798B53A7-9786-2C20-F9A7-95BED9868371', '2DB3AC6D-A112-06A2-359B-9DF7E956280D', 'e566e989-65fd-f8b2-1679-ebe41475503d', 'rad7b4df87c-dbb7-7ccd-eb36-ed00a20c718b', '2,3,5,8', '交替望远望近休息眼睛,做眼保健操休息眼睛,户外活动休息眼睛,看绿色植物休息眼睛'),
('7992C5B5-E8C4-6FF2-D614-3D2F3F9CAECD', 'F657097C-B5DA-BF72-CAE3-0EE04A85B891', '145beece-5eac-533e-91b6-f23ac8bf46fe', 'rad3d3fb95a-2adb-3048-b15e-6077dd17973e', '0', '0.5小时以内'),
('79F3A225-F80C-A677-E50F-F50182C00BCF', '479CD03A-3725-D961-AF8A-FB1FA8FC138B', '9ae5d237-cbc8-9749-5437-84426c6da284', 'rad439643f6-89be-599c-d173-d8808902d3c5', '1', '0.5-1小时'),
('79FA98DD-E502-2BFB-D05D-D35674F9DC42', 'FA76F62E-40C5-8251-1DE5-815C9EB00048', '4721c7c9-957d-eb74-04d1-bf0a47e60f76', 'rad2131f5b5-f094-248b-586b-0ac26f2e9a3c', '3', '超过30厘米'),
('7A11FC93-B301-ACF4-7FB0-D7DF2FA31E15', '0D5833DE-6F06-A80C-6162-CB03A6224EAC', 'e83cb158-83b4-a004-e4d5-ecfeda902fe5', 'rad37519809-e9d6-a9f3-961b-1a8c75b301bd', '3', '总是'),
('7A1DACFE-C2C9-1DD6-BDF1-C890BA5007E6', 'A9EB8C13-5723-0267-7E50-458CFB1FBDE8', '6a1fe386-2add-0f8b-661c-de506d475b21', 'radc797a541-2c01-03bd-0500-e390bbe83822', '3', '超过50厘米'),
('7A9553F8-CE7C-F7C9-E40A-0A589EAAC96A', '98AF264E-03BA-4966-CCB1-3EE02FA46455', '9ae5d237-cbc8-9749-5437-84426c6da284', 'rad439643f6-89be-599c-d173-d8808902d3c5', '1', '0.5-1小时'),
('7AE9A62C-0457-FD16-23E5-7A522D42E9BD', 'F7A459D2-0B5D-1018-0527-BBCDE352EE31', '67c32e3e-ae1f-8274-370b-d88c6b33a53e', 'radf2e9260e-eee6-3699-4b3e-16dcd727ed1a', '1', '0.5-1小时'),
('7B3724F2-450F-43A2-AC44-95B08D6138B5', 'D8580F15-04B8-E0B5-526A-EB7DD20B7C15', '67c32e3e-ae1f-8274-370b-d88c6b33a53e', 'radf2e9260e-eee6-3699-4b3e-16dcd727ed1a', '3', '1.5-2小时'),
('7B52194F-2987-1F3B-B740-80FED63C0BA9', 'ADAEF9AA-4DCA-CAD7-24E5-4B53F5824FC7', '145beece-5eac-533e-91b6-f23ac8bf46fe', 'rad3d3fb95a-2adb-3048-b15e-6077dd17973e', '2', '1-1.5小时'),
('7BCB1C19-36E0-5429-7812-ADCF7111810F', '0D5833DE-6F06-A80C-6162-CB03A6224EAC', '67c32e3e-ae1f-8274-370b-d88c6b33a53e', 'radf2e9260e-eee6-3699-4b3e-16dcd727ed1a', '2', '1-1.5小时'),
('7BDAC880-2B11-A2CC-4820-B03F004FB780', 'EDB0960E-01AE-EDE6-1E1D-34EC8E420548', '91002316-00c9-9553-e567-f0f07f75ac58', 'rad2e79ae09-eb70-d724-0370-fe83ae5a429c', '2', '经常'),
('7C06C378-4539-2D63-F1EB-4ABB29B421E6', 'CB525597-8FC9-1101-2719-2CEF8C7CF0E7', '9ae5d237-cbc8-9749-5437-84426c6da284', 'rad439643f6-89be-599c-d173-d8808902d3c5', '3', '1.5-2小时'),
('7C2E9F87-380C-56B7-D8C5-56432C76741B', 'D36013E4-8995-4DB2-6F59-51E50DE6D0BF', '4721c7c9-957d-eb74-04d1-bf0a47e60f76', 'rad2131f5b5-f094-248b-586b-0ac26f2e9a3c', '0', '少于10厘米'),
('7C644FCA-EBD3-48F8-F923-15A930D98738', 'B563CC59-188A-4236-6463-4A581651AD55', 'e83cb158-83b4-a004-e4d5-ecfeda902fe5', 'rad37519809-e9d6-a9f3-961b-1a8c75b301bd', '2', '经常'),
('7D02F1ED-87E7-ED93-9036-AEF5536BA717', '89843604-8761-1E31-70F8-F96E4D7D6CA4', 'e83cb158-83b4-a004-e4d5-ecfeda902fe5', 'rad37519809-e9d6-a9f3-961b-1a8c75b301bd', '3', '总是'),
('7D0D08EA-2545-AE9B-5DDE-D684E4E300DD', '99A6D9E1-7736-A3EF-B801-B7A15B64D9A1', '91002316-00c9-9553-e567-f0f07f75ac58', 'rad2e79ae09-eb70-d724-0370-fe83ae5a429c', '0', '从不'),
('7D0D3CF5-8FD5-68C6-596C-0E8A0F3C5057', '5F4A3B52-3FEF-7614-EF5D-2C4700B55778', '145beece-5eac-533e-91b6-f23ac8bf46fe', 'rad3d3fb95a-2adb-3048-b15e-6077dd17973e', '3', '1.5-2小时'),
('7D1EE60B-5740-9337-BBE5-219D7689ABA3', '98F141FB-2511-826C-471D-7668C10E2CFD', '6a1fe386-2add-0f8b-661c-de506d475b21', 'radc797a541-2c01-03bd-0500-e390bbe83822', '3', '超过50厘米'),
('7D69E7C7-34B6-6718-4438-B0F0E3C00280', '98ACAC8B-0A70-711A-DFDD-CDFCA20ECD27', '9ae5d237-cbc8-9749-5437-84426c6da284', 'rad439643f6-89be-599c-d173-d8808902d3c5', '5', '从不休息'),
('7D886FFE-803C-ABA3-0B4E-9ECBF7A7C663', '8FDAFC98-136D-30F6-CF6B-B8845F3685BD', 'c7d9d4c4-9137-900c-9cd8-3d941ba8e82e', 'rad93900683-bca1-aefe-be1c-f0bf3b26e8a4', '1', '1-2米'),
('7D9B444B-5B17-7A3B-3973-7B623767EE86', '4EECC38A-BF84-F30F-1BE7-213D1EFBB617', '9ae5d237-cbc8-9749-5437-84426c6da284', 'rad439643f6-89be-599c-d173-d8808902d3c5', '5', '从不休息'),
('7DB2337B-5D12-8619-902F-0056D59E9CA7', 'E2020DE8-9EB7-16D0-D801-C6CF6ECAFD7C', '9c705ae0-d36e-3de9-138c-4e782190eb18', 'rad7fc0127f-d93f-914e-bb91-ea62b458f9f9', '2', '经常'),
('7E012CB1-F1E9-9508-8C69-9AE7BFD88A73', 'D9305346-0B38-C07D-2017-BA5E2F88303C', '67c32e3e-ae1f-8274-370b-d88c6b33a53e', 'radf2e9260e-eee6-3699-4b3e-16dcd727ed1a', '4', '超过2小时'),
('7E2405E1-4F59-1C61-86C0-87358F3812D3', 'B2D6D6A2-38BC-F8A7-58D8-6CBEB1AB926D', '9c705ae0-d36e-3de9-138c-4e782190eb18', 'rad7fc0127f-d93f-914e-bb91-ea62b458f9f9', '2', '经常'),
('7E919917-EF1A-3784-42F6-0BC4D2AD9229', 'B7D72601-8A15-1A95-C509-E439DDE324AE', 'e83cb158-83b4-a004-e4d5-ecfeda902fe5', 'rad37519809-e9d6-a9f3-961b-1a8c75b301bd', '2', '经常'),
('7EAAD8EF-E974-203F-4F6F-4CCF81297386', 'A20928C1-E897-E4CC-8582-2588F9FA29CF', '91002316-00c9-9553-e567-f0f07f75ac58', 'rad2e79ae09-eb70-d724-0370-fe83ae5a429c', '0', '从不'),
('7EB6770A-B445-4EF9-CAD8-1204521D9AD3', 'D3CC81A1-4699-56D6-391C-62F35B4DA2B8', 'c7d9d4c4-9137-900c-9cd8-3d941ba8e82e', 'rad93900683-bca1-aefe-be1c-f0bf3b26e8a4', '3', '超过3米'),
('7EEE803C-AF2F-929C-3060-34E579AF880F', 'A9EB8C13-5723-0267-7E50-458CFB1FBDE8', '5bc2c341-5b4b-b3a8-b208-1aba371a6f4f', 'radc91e1090-11f6-3208-c57f-cf560103d6ce', '0', '从不'),
('7F4670DF-08BF-2A7D-E6A3-2B38BEEEB5C7', 'AB6B921B-753D-9027-4341-64CABC248921', '145beece-5eac-533e-91b6-f23ac8bf46fe', 'rad3d3fb95a-2adb-3048-b15e-6077dd17973e', '1', '0.5-1小时'),
('7F497066-DEBD-4AD3-CF14-75268DBE395B', '7BF08113-36CB-6A5E-AD30-650C8EBD189E', '4721c7c9-957d-eb74-04d1-bf0a47e60f76', 'rad2131f5b5-f094-248b-586b-0ac26f2e9a3c', '2', '21-30厘米'),
('7FD8067B-A8DE-463F-3735-5E109A099BAD', 'F657097C-B5DA-BF72-CAE3-0EE04A85B891', 'e566e989-65fd-f8b2-1679-ebe41475503d', 'rad7b4df87c-dbb7-7ccd-eb36-ed00a20c718b', '1,2,3,4,8', '轻微活动休息眼睛,交替望远望近休息眼睛,做眼保健操休息眼睛,闭目休息眼睛,看绿色植物休息眼睛'),
('7FFB8FCD-7B33-797A-801B-1B58827E27CD', '1866C035-EFBE-F08D-FD20-6FEC88F5D73E', '91002316-00c9-9553-e567-f0f07f75ac58', 'rad2e79ae09-eb70-d724-0370-fe83ae5a429c', '0', '从不'),
('801017F1-BDDB-5D2E-87F7-FE4030959333', '80FFED84-104B-6235-B9E0-8AB8D9812941', 'e83cb158-83b4-a004-e4d5-ecfeda902fe5', 'rad37519809-e9d6-a9f3-961b-1a8c75b301bd', '2', '经常'),
('801AF050-81ED-96A9-F5F1-84026A1C3012', '4EECC38A-BF84-F30F-1BE7-213D1EFBB617', '91002316-00c9-9553-e567-f0f07f75ac58', 'rad2e79ae09-eb70-d724-0370-fe83ae5a429c', '1', '偶尔'),
('804F3813-463C-23AE-EAD4-F837BC4CCFE5', 'F7689B92-C69C-A217-8C12-BEA7C248E8F6', 'c7d9d4c4-9137-900c-9cd8-3d941ba8e82e', 'rad93900683-bca1-aefe-be1c-f0bf3b26e8a4', '0', '少于1米'),
('8066572B-30B0-821C-FE64-DC7F09DC66AE', '030BDFF9-5BDF-A203-ECE8-DD68B137B6D7', '67c32e3e-ae1f-8274-370b-d88c6b33a53e', 'radf2e9260e-eee6-3699-4b3e-16dcd727ed1a', '3', '1.5-2小时'),
('80784DBB-3F08-A1D3-756F-492D514E7069', 'C35BA2FC-EC9A-60DE-C617-27A3A166F44E', '5bc2c341-5b4b-b3a8-b208-1aba371a6f4f', 'radc91e1090-11f6-3208-c57f-cf560103d6ce', '3', '总是'),
('809B520E-F12D-ECB0-966E-CB543519D158', '484F2F03-9639-05F6-084B-FA7E4903C7C3', '91002316-00c9-9553-e567-f0f07f75ac58', 'rad2e79ae09-eb70-d724-0370-fe83ae5a429c', '3', '总是'),
('809DCA98-A87C-1C3A-EF74-4F002D0176DB', 'B2D6D6A2-38BC-F8A7-58D8-6CBEB1AB926D', '9ae5d237-cbc8-9749-5437-84426c6da284', 'rad439643f6-89be-599c-d173-d8808902d3c5', '5', '从不休息'),
('80A87232-17F8-D7DE-0FE5-EED52B98967E', '68812A2B-64C1-1E9F-3DB3-DF1E468C3608', 'c7d9d4c4-9137-900c-9cd8-3d941ba8e82e', 'rad93900683-bca1-aefe-be1c-f0bf3b26e8a4', '2', '2-3米'),
('80BA8896-1569-5A42-6DA5-69798545D5DB', '63ECECE2-9057-5BF3-90D0-3212F3052C80', 'c7d9d4c4-9137-900c-9cd8-3d941ba8e82e', 'rad93900683-bca1-aefe-be1c-f0bf3b26e8a4', '0', '少于1米'),
('80E475F1-7C66-7E9F-7441-C4E03339AFA4', '3FEE4C58-6EFE-0D2F-B672-F26C2BBFFF1F', '91002316-00c9-9553-e567-f0f07f75ac58', 'rad2e79ae09-eb70-d724-0370-fe83ae5a429c', '0', '从不'),
('80F3E675-BBAF-934D-A84C-1E576546A4E0', '495765A4-1659-0572-D78F-98E920B210B5', '4721c7c9-957d-eb74-04d1-bf0a47e60f76', 'rad2131f5b5-f094-248b-586b-0ac26f2e9a3c', '0', '少于10厘米'),
('80F744B9-3F70-3577-3BA7-58354B3CF5C4', '5467762E-9C18-AE51-A3F1-915D5BFB21EE', '145beece-5eac-533e-91b6-f23ac8bf46fe', 'rad3d3fb95a-2adb-3048-b15e-6077dd17973e', '5', '从不休息'),
('8147EEED-8729-63B2-6EDB-11FD78FC79C4', '93484759-D692-672D-9228-4C5AFCAA9ADF', '4721c7c9-957d-eb74-04d1-bf0a47e60f76', 'rad2131f5b5-f094-248b-586b-0ac26f2e9a3c', '2', '21-30厘米'),
('823F92EA-9D7F-684C-EBDA-B1731E0B7085', 'D36013E4-8995-4DB2-6F59-51E50DE6D0BF', '91002316-00c9-9553-e567-f0f07f75ac58', 'rad2e79ae09-eb70-d724-0370-fe83ae5a429c', '2', '经常'),
('82703360-976b-ab50-f9ec-b329ae88d7ef', '2cd4fb5d-b929-39c2-955f-4faa1f0b4307', '04cb6533-f92c-d08c-aeb1-70218a08a1c8', 'rad50269a41-1fbb-7994-4d99-9bd71af4ed76', '2', '21-30厘米'),
('82E765BD-F6C8-2422-4BC4-1DE7C06F3A0D', 'A9479D2A-1659-3C66-8E53-FAF567636504', '4721c7c9-957d-eb74-04d1-bf0a47e60f76', 'rad2131f5b5-f094-248b-586b-0ac26f2e9a3c', '3', '超过30厘米'),
('82F77BE7-BDA3-DBCE-E626-590DDC2E96E1', '4E207B40-B9DD-972B-6B38-9E60A3EE80D6', 'c7d9d4c4-9137-900c-9cd8-3d941ba8e82e', 'rad93900683-bca1-aefe-be1c-f0bf3b26e8a4', '1', '1-2米'),
('82F790ED-D90D-B620-C841-ADEE37B9828D', 'A20928C1-E897-E4CC-8582-2588F9FA29CF', '6a1fe386-2add-0f8b-661c-de506d475b21', 'radc797a541-2c01-03bd-0500-e390bbe83822', '2', '31-50厘米'),
('831A6D02-8227-1C85-FB84-4B57301568C9', '7397EC4A-1473-987A-DA84-7FD15EE09BEB', '5bc2c341-5b4b-b3a8-b208-1aba371a6f4f', 'radc91e1090-11f6-3208-c57f-cf560103d6ce', '1', '偶尔'),
('831F96BD-BD2D-8FF8-39DB-E8FD62A3B862', '71CB2A51-CEE6-F214-809A-09F6205C5083', '9c705ae0-d36e-3de9-138c-4e782190eb18', 'rad7fc0127f-d93f-914e-bb91-ea62b458f9f9', '0', '从不'),
('83EF1D82-5543-8D3E-0876-00FB189FFAE3', '476763BF-3A7E-59C3-B6FC-FD9ED7EE91DD', '145beece-5eac-533e-91b6-f23ac8bf46fe', 'rad3d3fb95a-2adb-3048-b15e-6077dd17973e', '4', '超过2小时'),
('842C177B-A106-F038-6A6E-41E556D65A26', '20B9DF5E-4829-36B1-B9AF-936A3ABE4E82', '039370e3-e2f6-b813-7ec7-7e0b844ddb4b', 'rad474bca01-e477-99b5-27f3-66d5ac270a60', '0', '是'),
('843B8F5B-D3B3-8E91-172D-A3A6719FD5FD', '4DFE1916-B0F0-1AFE-031D-41440DCCA55B', '6a1fe386-2add-0f8b-661c-de506d475b21', 'radc797a541-2c01-03bd-0500-e390bbe83822', '0', '少于15厘米'),
('844E9A28-C77E-1ED1-BFE1-FBDCDA68041A', '20B9DF5E-4829-36B1-B9AF-936A3ABE4E82', '91002316-00c9-9553-e567-f0f07f75ac58', 'rad2e79ae09-eb70-d724-0370-fe83ae5a429c', '0', '从不'),
('845B9AC9-B6CE-FAE5-582C-9EEE0014A83E', 'EDB0960E-01AE-EDE6-1E1D-34EC8E420548', 'c7d9d4c4-9137-900c-9cd8-3d941ba8e82e', 'rad93900683-bca1-aefe-be1c-f0bf3b26e8a4', '2', '2-3米'),
('849633D5-707B-2DC5-F616-99C059890207', '0861E976-846A-3786-FD6C-A7AFB67773FF', '91002316-00c9-9553-e567-f0f07f75ac58', 'rad2e79ae09-eb70-d724-0370-fe83ae5a429c', '2', '经常'),
('8497E630-F058-F313-FA68-C5015905622B', 'EDB0960E-01AE-EDE6-1E1D-34EC8E420548', '67c32e3e-ae1f-8274-370b-d88c6b33a53e', 'radf2e9260e-eee6-3699-4b3e-16dcd727ed1a', '3', '1.5-2小时'),
('84C4124C-71D9-A896-0993-DB4957CD2B56', '5F4A3B52-3FEF-7614-EF5D-2C4700B55778', '5bc2c341-5b4b-b3a8-b208-1aba371a6f4f', 'radc91e1090-11f6-3208-c57f-cf560103d6ce', '2', '经常'),
('84E25365-4A89-DAB8-2CED-4029244CD6DE', 'D3CC81A1-4699-56D6-391C-62F35B4DA2B8', '6a1fe386-2add-0f8b-661c-de506d475b21', 'radc797a541-2c01-03bd-0500-e390bbe83822', '0', '少于15厘米'),
('84E3ACBA-7211-67FC-618D-D8DA8D49D11F', 'ADAEF9AA-4DCA-CAD7-24E5-4B53F5824FC7', '91002316-00c9-9553-e567-f0f07f75ac58', 'rad2e79ae09-eb70-d724-0370-fe83ae5a429c', '1', '偶尔'),
('84FDE3A9-78A2-CB65-BDFB-18E9411522A7', '93484759-D692-672D-9228-4C5AFCAA9ADF', '145beece-5eac-533e-91b6-f23ac8bf46fe', 'rad3d3fb95a-2adb-3048-b15e-6077dd17973e', '3', '1.5-2小时'),
('8502D466-BEDD-781B-85BD-FDB41B09DF1F', '20B9DF5E-4829-36B1-B9AF-936A3ABE4E82', '4721c7c9-957d-eb74-04d1-bf0a47e60f76', 'rad2131f5b5-f094-248b-586b-0ac26f2e9a3c', '2', '21-30厘米'),
('852D6C05-F311-BE48-5A60-42F4C82E3C18', '44BF359D-3BD7-5547-3867-1D187F64433A', '4721c7c9-957d-eb74-04d1-bf0a47e60f76', 'rad2131f5b5-f094-248b-586b-0ac26f2e9a3c', '0', '少于10厘米'),
('8554B8A7-42A9-537D-0DE0-8D3727988DD9', '20BAB38A-F4C2-919B-1F36-DD3800A5FB6D', 'e83cb158-83b4-a004-e4d5-ecfeda902fe5', 'rad37519809-e9d6-a9f3-961b-1a8c75b301bd', '3', '总是'),
('85862FD9-BA40-FA6B-3F1A-E9D84031269A', '0A30BF3B-B061-CEBF-52AE-D8C5611144C8', '67c32e3e-ae1f-8274-370b-d88c6b33a53e', 'radf2e9260e-eee6-3699-4b3e-16dcd727ed1a', '2', '1-1.5小时'),
('85A2B933-3302-3CB2-0B2F-AE12531FD729', '8FDAFC98-136D-30F6-CF6B-B8845F3685BD', '9ae5d237-cbc8-9749-5437-84426c6da284', 'rad439643f6-89be-599c-d173-d8808902d3c5', '2', '1-1.5小时'),
('8678E9CF-397B-5FDE-AD25-B4A387591265', 'B7D72601-8A15-1A95-C509-E439DDE324AE', 'e566e989-65fd-f8b2-1679-ebe41475503d', 'rad7b4df87c-dbb7-7ccd-eb36-ed00a20c718b', '0,3', '远眺休息眼睛,做眼保健操休息眼睛'),
('86A5530A-AEE3-4DDB-7051-C587C92DAB59', '98ACAC8B-0A70-711A-DFDD-CDFCA20ECD27', '9c705ae0-d36e-3de9-138c-4e782190eb18', 'rad7fc0127f-d93f-914e-bb91-ea62b458f9f9', '2', '经常'),
('86D27FEA-BFAD-F1AF-A342-9510CCA99286', 'AB6B921B-753D-9027-4341-64CABC248921', '67c32e3e-ae1f-8274-370b-d88c6b33a53e', 'radf2e9260e-eee6-3699-4b3e-16dcd727ed1a', '1', '0.5-1小时'),
('8706A1FA-7821-8183-571C-0D8DD9633A99', '253B0D0F-1832-4553-AF8D-DB12076F2805', 'e83cb158-83b4-a004-e4d5-ecfeda902fe5', 'rad37519809-e9d6-a9f3-961b-1a8c75b301bd', '3', '总是'),
('874A93FF-891E-1C7D-EE25-71EAA56C8E53', '20BAB38A-F4C2-919B-1F36-DD3800A5FB6D', '67c32e3e-ae1f-8274-370b-d88c6b33a53e', 'radf2e9260e-eee6-3699-4b3e-16dcd727ed1a', '0', '0.5小时以内'),
('8785F18A-057E-BC7C-B248-64D4A2C53267', '3539514C-1172-B3FF-F6BF-DBC512B1EAD2', 'c7d9d4c4-9137-900c-9cd8-3d941ba8e82e', 'rad93900683-bca1-aefe-be1c-f0bf3b26e8a4', '0', '少于1米'),
('87912FA5-7A8A-4301-826A-5F9E48329046', '594DED5C-E68E-3F48-4CE5-39FF7B6E748B', 'e83cb158-83b4-a004-e4d5-ecfeda902fe5', 'rad37519809-e9d6-a9f3-961b-1a8c75b301bd', '1', '偶尔'),
('87B95CA8-E366-ABB3-8D58-8074C180913A', 'C30F948F-4C43-9A47-A02E-29B3DFF2047F', '9ae5d237-cbc8-9749-5437-84426c6da284', 'rad439643f6-89be-599c-d173-d8808902d3c5', '4', '超过2小时'),
('882DA18A-AC41-6440-F7E4-3D474093CC0E', '01C3F245-74B1-CE18-8628-5E42233CD937', '67c32e3e-ae1f-8274-370b-d88c6b33a53e', 'radf2e9260e-eee6-3699-4b3e-16dcd727ed1a', '5', '从不休息'),
('883F8E16-79EB-CA07-5293-8726BD2736F3', '253B0D0F-1832-4553-AF8D-DB12076F2805', 'e566e989-65fd-f8b2-1679-ebe41475503d', 'rad7b4df87c-dbb7-7ccd-eb36-ed00a20c718b', '0,1,5,8', '远眺休息眼睛,轻微活动休息眼睛,户外活动休息眼睛,看绿色植物休息眼睛'),
('885602B7-69A2-D54C-7AA1-A2FF359F6EFB', '63ECECE2-9057-5BF3-90D0-3212F3052C80', '5bc2c341-5b4b-b3a8-b208-1aba371a6f4f', 'radc91e1090-11f6-3208-c57f-cf560103d6ce', '2', '经常'),
('88cf5815-8f6c-5ada-602e-571c93211c62', 'E0BA3932-5BA8-8C16-7867-6B8689B21BA5', '9ae5d237-cbc8-9749-5437-84426c6da284', 'rad439643f6-89be-599c-d173-d8808902d3c5', '0', '0.5小时以内'),
('88DC5A0B-EC18-5671-6E47-6615B80EE7A5', '920AB2EB-8296-D706-0DA4-EC8F6CB970AB', '039370e3-e2f6-b813-7ec7-7e0b844ddb4b', 'rad474bca01-e477-99b5-27f3-66d5ac270a60', '0', '是'),
('8904F502-2EA6-047B-18B5-2CCB6AE6F6EC', 'C652A5EE-4E23-617E-21D5-F359E1992010', '67c32e3e-ae1f-8274-370b-d88c6b33a53e', 'radf2e9260e-eee6-3699-4b3e-16dcd727ed1a', '2', '1-1.5小时'),
('891410E7-DF9C-BF05-A64C-C21251388AFA', 'D9305346-0B38-C07D-2017-BA5E2F88303C', '9ae5d237-cbc8-9749-5437-84426c6da284', 'rad439643f6-89be-599c-d173-d8808902d3c5', '5', '从不休息'),
('89B0BF56-AA07-0D2D-E245-695EBAB6A248', '5A96EEC7-F5ED-4158-60A0-70CA1A8B00B5', '6a1fe386-2add-0f8b-661c-de506d475b21', 'radc797a541-2c01-03bd-0500-e390bbe83822', '3', '超过50厘米'),
('8A1C9296-11F0-7F1C-5E91-BA28D8BDFFBC', '1866C035-EFBE-F08D-FD20-6FEC88F5D73E', '039370e3-e2f6-b813-7ec7-7e0b844ddb4b', 'rad474bca01-e477-99b5-27f3-66d5ac270a60', '1', '否'),
('8A246827-4ED4-F1AE-11CC-A3E1EB8880F5', '441D80A7-FFDF-11BD-1925-DC889D5F7111', '91002316-00c9-9553-e567-f0f07f75ac58', 'rad2e79ae09-eb70-d724-0370-fe83ae5a429c', '0', '从不'),
('8A566A28-D01F-DA06-36AE-074A3161ECFD', 'ADAEF9AA-4DCA-CAD7-24E5-4B53F5824FC7', '039370e3-e2f6-b813-7ec7-7e0b844ddb4b', 'rad474bca01-e477-99b5-27f3-66d5ac270a60', '0', '是'),
('8A86190A-6BB1-5627-EB3C-4EA1CDC4AAFC', '93484759-D692-672D-9228-4C5AFCAA9ADF', '5bc2c341-5b4b-b3a8-b208-1aba371a6f4f', 'radc91e1090-11f6-3208-c57f-cf560103d6ce', '3', '总是'),
('8AB21711-E6A4-D9D7-7192-4869090DDC63', '594DED5C-E68E-3F48-4CE5-39FF7B6E748B', '4721c7c9-957d-eb74-04d1-bf0a47e60f76', 'rad2131f5b5-f094-248b-586b-0ac26f2e9a3c', '3', '超过30厘米'),
('8ACC86BB-D84B-1A47-F97F-3160BE8931C7', '72870223-8FDD-5A6E-4F73-EE48BF56C58A', '039370e3-e2f6-b813-7ec7-7e0b844ddb4b', 'rad474bca01-e477-99b5-27f3-66d5ac270a60', '2', '不清楚'),
('8B55A9B5-A680-2E0C-D940-91531FB1B3F2', '0D5833DE-6F06-A80C-6162-CB03A6224EAC', 'e566e989-65fd-f8b2-1679-ebe41475503d', 'rad7b4df87c-dbb7-7ccd-eb36-ed00a20c718b', '0,1,2,3,8', '远眺休息眼睛,轻微活动休息眼睛,交替望远望近休息眼睛,做眼保健操休息眼睛,看绿色植物休息眼睛'),
('8B7F3480-6C93-E4D8-FAE1-5A96E0BD5424', '7397EC4A-1473-987A-DA84-7FD15EE09BEB', 'c7d9d4c4-9137-900c-9cd8-3d941ba8e82e', 'rad93900683-bca1-aefe-be1c-f0bf3b26e8a4', '0', '少于1米'),
('8B9130D9-9015-DA29-4601-794EE5FF4792', '7D935D58-CA4D-4104-A9BF-9847252749CD', 'c7d9d4c4-9137-900c-9cd8-3d941ba8e82e', 'rad93900683-bca1-aefe-be1c-f0bf3b26e8a4', '3', '超过3米'),
('8B9A36A7-ABB8-5CAD-06E7-E810F9CE7B15', 'B922226B-47DD-8B63-449B-383E9A8B2F7A', 'c7d9d4c4-9137-900c-9cd8-3d941ba8e82e', 'rad93900683-bca1-aefe-be1c-f0bf3b26e8a4', '2', '2-3米'),
('8C3FFB55-5B30-46E3-4B14-301383E89D67', 'F37D1C10-F546-47AB-E844-63BF6C62881A', '4721c7c9-957d-eb74-04d1-bf0a47e60f76', 'rad2131f5b5-f094-248b-586b-0ac26f2e9a3c', '1', '11-20厘米'),
('8C42506B-2217-407E-94B3-FB1F080CF2B3', '4EECC38A-BF84-F30F-1BE7-213D1EFBB617', 'c7d9d4c4-9137-900c-9cd8-3d941ba8e82e', 'rad93900683-bca1-aefe-be1c-f0bf3b26e8a4', '0', '少于1米'),
('8CB4B81B-A720-EDCF-8934-02AAD8A7986B', '476E1E91-C9FC-7AC3-5776-6916ECC17162', '9ae5d237-cbc8-9749-5437-84426c6da284', 'rad439643f6-89be-599c-d173-d8808902d3c5', '3', '1.5-2小时'),
('8CE51754-D50A-864F-CF78-BB0FEDCA0471', 'C30F948F-4C43-9A47-A02E-29B3DFF2047F', '9c705ae0-d36e-3de9-138c-4e782190eb18', 'rad7fc0127f-d93f-914e-bb91-ea62b458f9f9', '2', '经常'),
('8D3ADD27-7E1C-45DA-FF1F-1A9A5A7F0329', '3B8CB567-353D-A73D-51F8-EEE5200DF84C', 'e566e989-65fd-f8b2-1679-ebe41475503d', 'rad7b4df87c-dbb7-7ccd-eb36-ed00a20c718b', '0,4', '远眺休息眼睛,闭目休息眼睛'),
('8D4895D3-5840-7DE8-7BBE-6FA2A83A77FF', 'B1F7DED9-D53E-E265-6749-7A3C93743573', '9ae5d237-cbc8-9749-5437-84426c6da284', 'rad439643f6-89be-599c-d173-d8808902d3c5', '0', '0.5小时以内'),
('8E10C6C3-C6B5-E0D0-27FD-78EC988E826E', '3FEE4C58-6EFE-0D2F-B672-F26C2BBFFF1F', '67c32e3e-ae1f-8274-370b-d88c6b33a53e', 'radf2e9260e-eee6-3699-4b3e-16dcd727ed1a', '0', '0.5小时以内'),
('8E8843FC-7402-B7E9-9B25-A9C04560E8C0', 'B2D6D6A2-38BC-F8A7-58D8-6CBEB1AB926D', '145beece-5eac-533e-91b6-f23ac8bf46fe', 'rad3d3fb95a-2adb-3048-b15e-6077dd17973e', '0', '0.5小时以内'),
('8E8BA54C-D55E-86A2-BE54-D9FC697AF30A', '0701F3FD-5C1A-481F-713D-4AA9B4CA314E', 'e566e989-65fd-f8b2-1679-ebe41475503d', 'rad7b4df87c-dbb7-7ccd-eb36-ed00a20c718b', '2,3,4', '交替望远望近休息眼睛,做眼保健操休息眼睛,闭目休息眼睛'),
('8EDA44F3-45A4-C5C9-4D86-67280CFC5D1F', 'E295B98F-DA83-5E72-4401-8D6DAC3F0DBB', '5bc2c341-5b4b-b3a8-b208-1aba371a6f4f', 'radc91e1090-11f6-3208-c57f-cf560103d6ce', '0', '从不'),
('8EF0B5A6-4759-5C33-6F67-C0296ACE995E', 'ED9FC926-8476-8046-F2F7-BC1A0BA1E4D5', 'e566e989-65fd-f8b2-1679-ebe41475503d', 'rad7b4df87c-dbb7-7ccd-eb36-ed00a20c718b', '0,1,2,3,5', '远眺休息眼睛,轻微活动休息眼睛,交替望远望近休息眼睛,做眼保健操休息眼睛,户外活动休息眼睛'),
('8EFF6FEA-FB0C-FE4E-CB23-4A11E5057734', '0861E976-846A-3786-FD6C-A7AFB67773FF', '145beece-5eac-533e-91b6-f23ac8bf46fe', 'rad3d3fb95a-2adb-3048-b15e-6077dd17973e', '4', '超过2小时'),
('8F22747B-1777-94A5-0384-4D5ECD90A722', '479CD03A-3725-D961-AF8A-FB1FA8FC138B', '9c705ae0-d36e-3de9-138c-4e782190eb18', 'rad7fc0127f-d93f-914e-bb91-ea62b458f9f9', '2', '经常'),
('8F3D3424-C29F-9640-5F4D-B0F14FCD9A0B', '99A6D9E1-7736-A3EF-B801-B7A15B64D9A1', '145beece-5eac-533e-91b6-f23ac8bf46fe', 'rad3d3fb95a-2adb-3048-b15e-6077dd17973e', '5', '从不休息'),
('8F3E2AAF-D677-2782-0744-919ABE3022CE', 'C35BA2FC-EC9A-60DE-C617-27A3A166F44E', 'e566e989-65fd-f8b2-1679-ebe41475503d', 'rad7b4df87c-dbb7-7ccd-eb36-ed00a20c718b', '0,2,4,8', '远眺休息眼睛,交替望远望近休息眼睛,闭目休息眼睛,看绿色植物休息眼睛'),
('8FC1B659-09EA-A833-48E0-FD0EBA425834', 'F67ADE68-69FE-CE59-7008-E63B1F91E5AB', '91002316-00c9-9553-e567-f0f07f75ac58', 'rad2e79ae09-eb70-d724-0370-fe83ae5a429c', '3', '总是'),
('8FD0AD29-1918-0121-5655-93FF1DBE2F6E', '8061CF45-8F9F-13E3-B29C-58B1DFC93FA0', '4721c7c9-957d-eb74-04d1-bf0a47e60f76', 'rad2131f5b5-f094-248b-586b-0ac26f2e9a3c', '2', '21-30厘米'),
('8FD9292B-BE05-8F01-9E0D-B5D3A58F7EB1', 'A6DB9643-ED27-94B5-F552-E26808164F4C', '91002316-00c9-9553-e567-f0f07f75ac58', 'rad2e79ae09-eb70-d724-0370-fe83ae5a429c', '0', '从不'),
('8FFC2076-8656-F518-3D6A-76F4117E2487', '484F2F03-9639-05F6-084B-FA7E4903C7C3', 'e83cb158-83b4-a004-e4d5-ecfeda902fe5', 'rad37519809-e9d6-a9f3-961b-1a8c75b301bd', '1', '偶尔'),
('90481595-3556-362C-93FD-C399772484CF', 'C35BA2FC-EC9A-60DE-C617-27A3A166F44E', 'e83cb158-83b4-a004-e4d5-ecfeda902fe5', 'rad37519809-e9d6-a9f3-961b-1a8c75b301bd', '2', '经常'),
('9048242C-6EA8-42BE-D4CB-05FE93299E65', '61539D46-2310-AAFE-1339-01B660CD4C66', 'c7d9d4c4-9137-900c-9cd8-3d941ba8e82e', 'rad93900683-bca1-aefe-be1c-f0bf3b26e8a4', '3', '超过3米'),
('905B4CEF-1633-9DD7-9FBB-37D18CF99F85', 'C652A5EE-4E23-617E-21D5-F359E1992010', 'e566e989-65fd-f8b2-1679-ebe41475503d', 'rad7b4df87c-dbb7-7ccd-eb36-ed00a20c718b', '0,1,2,5,8', '远眺休息眼睛,轻微活动休息眼睛,交替望远望近休息眼睛,户外活动休息眼睛,看绿色植物休息眼睛'),
('90718E53-ABCA-55BC-AEAE-8A672F539F3D', '244E077B-1ECF-506A-D89A-1189662266D9', 'e83cb158-83b4-a004-e4d5-ecfeda902fe5', 'rad37519809-e9d6-a9f3-961b-1a8c75b301bd', '2', '经常'),
('907C1651-6E78-164F-5E41-61074E816634', 'B7D72601-8A15-1A95-C509-E439DDE324AE', '91002316-00c9-9553-e567-f0f07f75ac58', 'rad2e79ae09-eb70-d724-0370-fe83ae5a429c', '3', '总是'),
('90BC3123-F5C3-2C21-DD42-78B24FA673A4', '8FDAFC98-136D-30F6-CF6B-B8845F3685BD', '6a1fe386-2add-0f8b-661c-de506d475b21', 'radc797a541-2c01-03bd-0500-e390bbe83822', '1', '15-30厘米'),
('90D60E58-8A0D-B8C1-2FC4-2F287E1DA3F3', 'D3CC81A1-4699-56D6-391C-62F35B4DA2B8', '039370e3-e2f6-b813-7ec7-7e0b844ddb4b', 'rad474bca01-e477-99b5-27f3-66d5ac270a60', '1', '否'),
('90DB0FF3-6325-94F9-D0C3-AE9230E36864', '5432EE5D-D471-FDB2-A461-715E9D202896', '4721c7c9-957d-eb74-04d1-bf0a47e60f76', 'rad2131f5b5-f094-248b-586b-0ac26f2e9a3c', '0', '少于10厘米'),
('913D6D23-AFE5-18E9-CC74-A6F02A3C288A', '026765AB-A2F6-C670-23E0-9FA882D1306A', 'c7d9d4c4-9137-900c-9cd8-3d941ba8e82e', 'rad93900683-bca1-aefe-be1c-f0bf3b26e8a4', '3', '超过3米'),
('915AEAAA-C42A-A264-85E2-0DF33190EE05', '61539D46-2310-AAFE-1339-01B660CD4C66', '67c32e3e-ae1f-8274-370b-d88c6b33a53e', 'radf2e9260e-eee6-3699-4b3e-16dcd727ed1a', '3', '1.5-2小时'),
('9170FDAD-1E82-B1A3-292E-DCD017EE016A', '8061CF45-8F9F-13E3-B29C-58B1DFC93FA0', '6a1fe386-2add-0f8b-661c-de506d475b21', 'radc797a541-2c01-03bd-0500-e390bbe83822', '3', '超过50厘米'),
('9179545D-91C2-A477-E2BB-772E1D054C45', 'C3BBC740-0938-2D72-821D-D05A30E3EBF4', '67c32e3e-ae1f-8274-370b-d88c6b33a53e', 'radf2e9260e-eee6-3699-4b3e-16dcd727ed1a', '3', '1.5-2小时'),
('91BAEDC3-2E58-492C-5840-94FDB83E907E', 'ED9FC926-8476-8046-F2F7-BC1A0BA1E4D5', 'e83cb158-83b4-a004-e4d5-ecfeda902fe5', 'rad37519809-e9d6-a9f3-961b-1a8c75b301bd', '1', '偶尔'),
('91F1663A-CB5E-D522-8C4A-AE165A648036', 'B4CF14E0-7886-C20E-39AE-5923BCCE169F', '039370e3-e2f6-b813-7ec7-7e0b844ddb4b', 'rad474bca01-e477-99b5-27f3-66d5ac270a60', '1', '否'),
('9211C588-F482-526F-AE31-37E14D7222C7', '0D5833DE-6F06-A80C-6162-CB03A6224EAC', 'c7d9d4c4-9137-900c-9cd8-3d941ba8e82e', 'rad93900683-bca1-aefe-be1c-f0bf3b26e8a4', '3', '超过3米'),
('92693BE3-8FF8-F081-4548-7ADB69DF4C8F', '7008FFE4-D0A3-18B5-519E-98BF23E4D28F', '67c32e3e-ae1f-8274-370b-d88c6b33a53e', 'radf2e9260e-eee6-3699-4b3e-16dcd727ed1a', '1', '0.5-1小时'),
('9270CB31-A5F3-DC3A-AB42-B085859FA359', 'F67ADE68-69FE-CE59-7008-E63B1F91E5AB', 'e83cb158-83b4-a004-e4d5-ecfeda902fe5', 'rad37519809-e9d6-a9f3-961b-1a8c75b301bd', '2', '经常'),
('93A7BE3E-C2E4-06B2-D1A4-43A4C04516F8', '6C8AE7BE-4018-D77A-7504-6BCC32E66B29', '5bc2c341-5b4b-b3a8-b208-1aba371a6f4f', 'radc91e1090-11f6-3208-c57f-cf560103d6ce', '1', '偶尔'),
('93EDED29-2EA8-98A7-C7EB-5F13AD50EB86', '2DB3AC6D-A112-06A2-359B-9DF7E956280D', '039370e3-e2f6-b813-7ec7-7e0b844ddb4b', 'rad474bca01-e477-99b5-27f3-66d5ac270a60', '0', '是'),
('93F4BBD6-CE41-170B-8E76-A5C2D4BB5866', 'F67ADE68-69FE-CE59-7008-E63B1F91E5AB', '5bc2c341-5b4b-b3a8-b208-1aba371a6f4f', 'radc91e1090-11f6-3208-c57f-cf560103d6ce', '3', '总是'),
('9448ECA0-8761-3DB5-B277-8862E33C4FDF', '8880E589-3970-162E-FFDD-8DE5744D79B9', '145beece-5eac-533e-91b6-f23ac8bf46fe', 'rad3d3fb95a-2adb-3048-b15e-6077dd17973e', '3', '1.5-2小时'),
('94A94CAB-DF41-FA97-46FA-6E4CF3871E11', '071CFB9A-B4A3-7541-3FD9-A31A6CED19A0', '145beece-5eac-533e-91b6-f23ac8bf46fe', 'rad3d3fb95a-2adb-3048-b15e-6077dd17973e', '5', '从不休息'),
('94E5E04B-633E-8548-93B3-8321B9C9AB84', 'EDB0960E-01AE-EDE6-1E1D-34EC8E420548', '6a1fe386-2add-0f8b-661c-de506d475b21', 'radc797a541-2c01-03bd-0500-e390bbe83822', '3', '超过50厘米'),
('94FA3EFE-9F25-FAF0-13F3-15533D19C246', '44BF359D-3BD7-5547-3867-1D187F64433A', '145beece-5eac-533e-91b6-f23ac8bf46fe', 'rad3d3fb95a-2adb-3048-b15e-6077dd17973e', '5', '从不休息'),
('9513B616-1B74-E745-580D-7E06E05C9B81', 'C652A5EE-4E23-617E-21D5-F359E1992010', '9ae5d237-cbc8-9749-5437-84426c6da284', 'rad439643f6-89be-599c-d173-d8808902d3c5', '5', '从不休息'),
('9518CD13-50BF-DC1D-AB4F-862D579514D6', 'ED9FC926-8476-8046-F2F7-BC1A0BA1E4D5', '9c705ae0-d36e-3de9-138c-4e782190eb18', 'rad7fc0127f-d93f-914e-bb91-ea62b458f9f9', '1', '偶尔'),
('951CDDAA-CDF2-7783-396C-F91B3F500B2A', '6759C623-872D-0BF0-119B-34E079815692', '6a1fe386-2add-0f8b-661c-de506d475b21', 'radc797a541-2c01-03bd-0500-e390bbe83822', '1', '15-30厘米'),
('95351941-9EE2-419B-25D2-07FF31CD2905', '68812A2B-64C1-1E9F-3DB3-DF1E468C3608', '9ae5d237-cbc8-9749-5437-84426c6da284', 'rad439643f6-89be-599c-d173-d8808902d3c5', '4', '超过2小时'),
('95CF16C1-548D-9A36-0E57-29657AF9B26C', '89843604-8761-1E31-70F8-F96E4D7D6CA4', 'c7d9d4c4-9137-900c-9cd8-3d941ba8e82e', 'rad93900683-bca1-aefe-be1c-f0bf3b26e8a4', '1', '1-2米'),
('95E3F0B8-BB18-2D65-2D81-BDF4E7129028', 'C652A5EE-4E23-617E-21D5-F359E1992010', '4721c7c9-957d-eb74-04d1-bf0a47e60f76', 'rad2131f5b5-f094-248b-586b-0ac26f2e9a3c', '3', '超过30厘米'),
('9634FB9D-8090-5B7E-6EAA-1EFC6A85E9BC', 'F657097C-B5DA-BF72-CAE3-0EE04A85B891', '67c32e3e-ae1f-8274-370b-d88c6b33a53e', 'radf2e9260e-eee6-3699-4b3e-16dcd727ed1a', '3', '1.5-2小时'),
('9640F919-7B76-734B-1A63-5052B2E99F4C', 'ED9FC926-8476-8046-F2F7-BC1A0BA1E4D5', '4721c7c9-957d-eb74-04d1-bf0a47e60f76', 'rad2131f5b5-f094-248b-586b-0ac26f2e9a3c', '0', '少于10厘米'),
('965E0E90-62EF-B138-A904-DE1695AD0F74', 'C35BA2FC-EC9A-60DE-C617-27A3A166F44E', '6a1fe386-2add-0f8b-661c-de506d475b21', 'radc797a541-2c01-03bd-0500-e390bbe83822', '1', '15-30厘米'),
('9676A653-10B5-2CAC-F658-EA011826F801', '71CB2A51-CEE6-F214-809A-09F6205C5083', '039370e3-e2f6-b813-7ec7-7e0b844ddb4b', 'rad474bca01-e477-99b5-27f3-66d5ac270a60', '0', '是'),
('969D5171-4344-C44C-ED1A-8ADA76B18E83', '8880E589-3970-162E-FFDD-8DE5744D79B9', '91002316-00c9-9553-e567-f0f07f75ac58', 'rad2e79ae09-eb70-d724-0370-fe83ae5a429c', '2', '经常'),
('97136B79-34DE-F465-8C8E-C54A1A3C3A24', 'F37D1C10-F546-47AB-E844-63BF6C62881A', '9ae5d237-cbc8-9749-5437-84426c6da284', 'rad439643f6-89be-599c-d173-d8808902d3c5', '5', '从不休息'),
('971A0694-9CDC-D016-8228-75D2F023600A', '441D80A7-FFDF-11BD-1925-DC889D5F7111', 'e83cb158-83b4-a004-e4d5-ecfeda902fe5', 'rad37519809-e9d6-a9f3-961b-1a8c75b301bd', '3', '总是'),
('971FE4C1-2D73-BA4A-7335-5E30116AB45F', '6C8AE7BE-4018-D77A-7504-6BCC32E66B29', 'e566e989-65fd-f8b2-1679-ebe41475503d', 'rad7b4df87c-dbb7-7ccd-eb36-ed00a20c718b', '0,2', '远眺休息眼睛,交替望远望近休息眼睛'),
('972D5FA3-B50E-3132-3E3F-5AABCD7E30A9', 'E295B98F-DA83-5E72-4401-8D6DAC3F0DBB', '4721c7c9-957d-eb74-04d1-bf0a47e60f76', 'rad2131f5b5-f094-248b-586b-0ac26f2e9a3c', '0', '少于10厘米'),
('974BE89C-2308-BC76-253D-1CEA5A6D5704', 'E2020DE8-9EB7-16D0-D801-C6CF6ECAFD7C', '6a1fe386-2add-0f8b-661c-de506d475b21', 'radc797a541-2c01-03bd-0500-e390bbe83822', '2', '31-50厘米'),
('97844884-9749-E575-C1C1-63ECEC9FF832', '253B0D0F-1832-4553-AF8D-DB12076F2805', 'c7d9d4c4-9137-900c-9cd8-3d941ba8e82e', 'rad93900683-bca1-aefe-be1c-f0bf3b26e8a4', '3', '超过3米'),
('97B9DB9D-0D83-809D-3386-A269C6AEF517', '2DB3AC6D-A112-06A2-359B-9DF7E956280D', '4721c7c9-957d-eb74-04d1-bf0a47e60f76', 'rad2131f5b5-f094-248b-586b-0ac26f2e9a3c', '3', '超过30厘米'),
('9800AC09-51B0-FB57-B9B2-CA83462C4672', '0861E976-846A-3786-FD6C-A7AFB67773FF', '6a1fe386-2add-0f8b-661c-de506d475b21', 'radc797a541-2c01-03bd-0500-e390bbe83822', '2', '31-50厘米'),
('985A9DF2-992C-8175-E490-24319DBD3ED5', '0D5833DE-6F06-A80C-6162-CB03A6224EAC', '6a1fe386-2add-0f8b-661c-de506d475b21', 'radc797a541-2c01-03bd-0500-e390bbe83822', '3', '超过50厘米'),
('987462D5-ACA6-E6B1-A5D3-02D6BB274B46', '20BAB38A-F4C2-919B-1F36-DD3800A5FB6D', '9ae5d237-cbc8-9749-5437-84426c6da284', 'rad439643f6-89be-599c-d173-d8808902d3c5', '3', '1.5-2小时'),
('98B65295-7794-59E9-0CE0-D1B7F3662EE6', '3539514C-1172-B3FF-F6BF-DBC512B1EAD2', 'e566e989-65fd-f8b2-1679-ebe41475503d', 'rad7b4df87c-dbb7-7ccd-eb36-ed00a20c718b', '0,1,3,4', '远眺休息眼睛,轻微活动休息眼睛,做眼保健操休息眼睛,闭目休息眼睛'),
('98BB3238-775A-70ED-C45D-12BD824546F1', '24E1F4D7-3A24-42AB-322C-1C28CF7D944B', '6a1fe386-2add-0f8b-661c-de506d475b21', 'radc797a541-2c01-03bd-0500-e390bbe83822', '3', '超过50厘米'),
('98DF28E4-58C1-1E77-3455-CB10139F8952', 'F7689B92-C69C-A217-8C12-BEA7C248E8F6', '9c705ae0-d36e-3de9-138c-4e782190eb18', 'rad7fc0127f-d93f-914e-bb91-ea62b458f9f9', '2', '经常'),
('98f4073c-21c6-86da-299b-8a6b5111157b', '2cd4fb5d-b929-39c2-955f-4faa1f0b4307', '189977b2-eb8a-a729-da42-d252c7c0c931', 'rad8fb2a3e6-ea08-55da-01cb-0892284efe7a', '3', '1.5-2小时'),
('99BB4D43-A163-DB73-1D78-40DCDA72BB38', 'D81DC3B3-E47D-3A8C-C338-EF4733374C13', '5bc2c341-5b4b-b3a8-b208-1aba371a6f4f', 'radc91e1090-11f6-3208-c57f-cf560103d6ce', '1', '偶尔'),
('99E7DDCC-D499-A6C5-3867-92DF41496453', '3FEE4C58-6EFE-0D2F-B672-F26C2BBFFF1F', '039370e3-e2f6-b813-7ec7-7e0b844ddb4b', 'rad474bca01-e477-99b5-27f3-66d5ac270a60', '0', '是'),
('9A2B6D20-B2C9-71A3-D42C-4DE6E79F1C56', '0D5833DE-6F06-A80C-6162-CB03A6224EAC', '145beece-5eac-533e-91b6-f23ac8bf46fe', 'rad3d3fb95a-2adb-3048-b15e-6077dd17973e', '4', '超过2小时'),
('9A2FEAEC-F0A8-7A91-3562-22492A59A737', '253B0D0F-1832-4553-AF8D-DB12076F2805', '9c705ae0-d36e-3de9-138c-4e782190eb18', 'rad7fc0127f-d93f-914e-bb91-ea62b458f9f9', '0', '从不'),
('9A860B48-F0AD-D2DE-FEF0-38C47BA787EA', 'C652A5EE-4E23-617E-21D5-F359E1992010', '9c705ae0-d36e-3de9-138c-4e782190eb18', 'rad7fc0127f-d93f-914e-bb91-ea62b458f9f9', '1', '偶尔'),
('9AEACA90-95B7-9E97-68B6-A25A639D3E8C', 'E2020DE8-9EB7-16D0-D801-C6CF6ECAFD7C', '145beece-5eac-533e-91b6-f23ac8bf46fe', 'rad3d3fb95a-2adb-3048-b15e-6077dd17973e', '1', '0.5-1小时'),
('9B710EA2-515E-50E6-C414-5AE558F81A51', 'D8580F15-04B8-E0B5-526A-EB7DD20B7C15', 'c7d9d4c4-9137-900c-9cd8-3d941ba8e82e', 'rad93900683-bca1-aefe-be1c-f0bf3b26e8a4', '3', '超过3米'),
('9BEA678F-379F-F28C-19CD-CC7C7F6F1C2A', '253B0D0F-1832-4553-AF8D-DB12076F2805', '6a1fe386-2add-0f8b-661c-de506d475b21', 'radc797a541-2c01-03bd-0500-e390bbe83822', '1', '15-30厘米'),
('9C1777AB-2231-F8E4-EBEC-C5E689A0D8BC', '72870223-8FDD-5A6E-4F73-EE48BF56C58A', '9ae5d237-cbc8-9749-5437-84426c6da284', 'rad439643f6-89be-599c-d173-d8808902d3c5', '3', '1.5-2小时'),
('9C35DC9F-4252-ABE9-66C7-83DBF289991F', '92ED7B93-4A09-C1BD-17C3-01F30709A859', '91002316-00c9-9553-e567-f0f07f75ac58', 'rad2e79ae09-eb70-d724-0370-fe83ae5a429c', '1', '偶尔'),
('9C73C8C9-220E-AA7E-4195-D1C946A15494', '3BB1A79F-34CA-166F-DF0D-3F3203DB26EF', '9ae5d237-cbc8-9749-5437-84426c6da284', 'rad439643f6-89be-599c-d173-d8808902d3c5', '2', '1-1.5小时'),
('9CA8374A-D76A-9F2B-334A-7B0E6E82E12A', 'C3BBC740-0938-2D72-821D-D05A30E3EBF4', 'e566e989-65fd-f8b2-1679-ebe41475503d', 'rad7b4df87c-dbb7-7ccd-eb36-ed00a20c718b', '0,1,4,5,8', '远眺休息眼睛,轻微活动休息眼睛,闭目休息眼睛,户外活动休息眼睛,看绿色植物休息眼睛'),
('9D3A039A-0A17-F214-3D25-FF38864E332E', 'F4322BA4-183B-25DF-7285-774667C0F36A', '4721c7c9-957d-eb74-04d1-bf0a47e60f76', 'rad2131f5b5-f094-248b-586b-0ac26f2e9a3c', '1', '11-20厘米'),
('9D62C587-E565-C140-6D2E-E0A26B80F9E2', '92ED7B93-4A09-C1BD-17C3-01F30709A859', '039370e3-e2f6-b813-7ec7-7e0b844ddb4b', 'rad474bca01-e477-99b5-27f3-66d5ac270a60', '1', '否'),
('9D7AA671-602F-B765-D4A3-EB33DFB21D99', '441D80A7-FFDF-11BD-1925-DC889D5F7111', '5bc2c341-5b4b-b3a8-b208-1aba371a6f4f', 'radc91e1090-11f6-3208-c57f-cf560103d6ce', '1', '偶尔'),
('9D8D7786-A4BD-6AC9-2F01-37AF904817C6', 'E2020DE8-9EB7-16D0-D801-C6CF6ECAFD7C', '91002316-00c9-9553-e567-f0f07f75ac58', 'rad2e79ae09-eb70-d724-0370-fe83ae5a429c', '3', '总是'),
('9DC9D591-72ED-A9B6-910B-795C3793F857', '0A30BF3B-B061-CEBF-52AE-D8C5611144C8', '91002316-00c9-9553-e567-f0f07f75ac58', 'rad2e79ae09-eb70-d724-0370-fe83ae5a429c', '2', '经常'),
('9DCBEB52-A3B7-920E-DAE8-4A0A4A16F074', '3BB1A79F-34CA-166F-DF0D-3F3203DB26EF', '039370e3-e2f6-b813-7ec7-7e0b844ddb4b', 'rad474bca01-e477-99b5-27f3-66d5ac270a60', '1', '否'),
('9E026B9D-7750-EC82-A9E7-ED54F33FF3D1', 'F4322BA4-183B-25DF-7285-774667C0F36A', '039370e3-e2f6-b813-7ec7-7e0b844ddb4b', 'rad474bca01-e477-99b5-27f3-66d5ac270a60', '0', '是'),
('9E30C706-916E-B08F-D38B-1914F217D219', 'B7D72601-8A15-1A95-C509-E439DDE324AE', '67c32e3e-ae1f-8274-370b-d88c6b33a53e', 'radf2e9260e-eee6-3699-4b3e-16dcd727ed1a', '5', '从不休息'),
('9EAD1F74-3EFC-23DD-9D4E-E2A4A5D8D01D', '71CB2A51-CEE6-F214-809A-09F6205C5083', '67c32e3e-ae1f-8274-370b-d88c6b33a53e', 'radf2e9260e-eee6-3699-4b3e-16dcd727ed1a', '1', '0.5-1小时'),
('9EB7AA8F-D211-AB5A-E211-966E19F81E85', '7397EC4A-1473-987A-DA84-7FD15EE09BEB', '9ae5d237-cbc8-9749-5437-84426c6da284', 'rad439643f6-89be-599c-d173-d8808902d3c5', '1', '0.5-1小时'),
('9EE2384C-F4B3-C2B5-CFCF-8C7E179F9612', '5432EE5D-D471-FDB2-A461-715E9D202896', 'e83cb158-83b4-a004-e4d5-ecfeda902fe5', 'rad37519809-e9d6-a9f3-961b-1a8c75b301bd', '0', '从不'),
('9F93573D-1BFB-65C7-6357-47A49108A129', '495765A4-1659-0572-D78F-98E920B210B5', '67c32e3e-ae1f-8274-370b-d88c6b33a53e', 'radf2e9260e-eee6-3699-4b3e-16dcd727ed1a', '1', '0.5-1小时'),
('9F979DE6-C92F-1C46-CFD8-3C2260A9ACCD', '66F182F0-FD27-9737-F85C-F7FD301F3621', '5bc2c341-5b4b-b3a8-b208-1aba371a6f4f', 'radc91e1090-11f6-3208-c57f-cf560103d6ce', '2', '经常'),
('9F9928BA-694F-9506-2D7A-FB6E0A119C0D', 'DD7DA2CB-F771-3E46-D72B-FBD338702BBE', '6a1fe386-2add-0f8b-661c-de506d475b21', 'radc797a541-2c01-03bd-0500-e390bbe83822', '0', '少于15厘米'),
('9FBEC8A2-58DE-6AFA-88B0-12C8175FB057', 'EDB0960E-01AE-EDE6-1E1D-34EC8E420548', '4721c7c9-957d-eb74-04d1-bf0a47e60f76', 'rad2131f5b5-f094-248b-586b-0ac26f2e9a3c', '1', '11-20厘米'),
('A03694B2-7E2A-8F22-A7F3-F7E5A250CE1B', 'C2CF7220-17A0-EE89-F8B2-9F62976F72F3', 'e83cb158-83b4-a004-e4d5-ecfeda902fe5', 'rad37519809-e9d6-a9f3-961b-1a8c75b301bd', '0', '从不'),
('A0547557-4161-BC03-CED5-A3EAE30DB356', 'D81DC3B3-E47D-3A8C-C338-EF4733374C13', '145beece-5eac-533e-91b6-f23ac8bf46fe', 'rad3d3fb95a-2adb-3048-b15e-6077dd17973e', '4', '超过2小时'),
('A057C370-0958-5465-B907-1AF18D64D104', '89843604-8761-1E31-70F8-F96E4D7D6CA4', '4721c7c9-957d-eb74-04d1-bf0a47e60f76', 'rad2131f5b5-f094-248b-586b-0ac26f2e9a3c', '2', '21-30厘米'),
('A05CA443-BB95-F002-E47E-ED0814EA7EAF', '2DB3AC6D-A112-06A2-359B-9DF7E956280D', '145beece-5eac-533e-91b6-f23ac8bf46fe', 'rad3d3fb95a-2adb-3048-b15e-6077dd17973e', '5', '从不休息'),
('A0E34E9B-9A34-A812-0B76-28EA69C0F2FC', '99A6D9E1-7736-A3EF-B801-B7A15B64D9A1', '039370e3-e2f6-b813-7ec7-7e0b844ddb4b', 'rad474bca01-e477-99b5-27f3-66d5ac270a60', '2', '不清楚'),
('A0E604BD-3501-8277-B786-F6418E44B9F2', '8FDAFC98-136D-30F6-CF6B-B8845F3685BD', '039370e3-e2f6-b813-7ec7-7e0b844ddb4b', 'rad474bca01-e477-99b5-27f3-66d5ac270a60', '0', '是'),
('A16CC995-9EF8-EB34-9B2B-3217C767662F', 'B1F7DED9-D53E-E265-6749-7A3C93743573', 'e566e989-65fd-f8b2-1679-ebe41475503d', 'rad7b4df87c-dbb7-7ccd-eb36-ed00a20c718b', '0,1,3,5,8', '远眺休息眼睛,轻微活动休息眼睛,做眼保健操休息眼睛,户外活动休息眼睛,看绿色植物休息眼睛'),
('A19C4B8B-5109-C962-D5C3-09264B605AB2', 'F7689B92-C69C-A217-8C12-BEA7C248E8F6', '5bc2c341-5b4b-b3a8-b208-1aba371a6f4f', 'radc91e1090-11f6-3208-c57f-cf560103d6ce', '1', '偶尔'),
('A1E1B425-54AA-5958-FF4D-37505CCE68F6', '98AF264E-03BA-4966-CCB1-3EE02FA46455', '4721c7c9-957d-eb74-04d1-bf0a47e60f76', 'rad2131f5b5-f094-248b-586b-0ac26f2e9a3c', '0', '少于10厘米'),
('A1E76981-88A8-ED07-2CD1-59D774493D09', 'B2D6D6A2-38BC-F8A7-58D8-6CBEB1AB926D', '67c32e3e-ae1f-8274-370b-d88c6b33a53e', 'radf2e9260e-eee6-3699-4b3e-16dcd727ed1a', '2', '1-1.5小时'),
('A1FA99C0-F459-ACAB-AFB6-17B7C48D19DD', 'CD83271F-5EC4-253F-7F2E-07CB2F7525D9', '039370e3-e2f6-b813-7ec7-7e0b844ddb4b', 'rad474bca01-e477-99b5-27f3-66d5ac270a60', '2', '不清楚'),
('A25156BF-3A3F-2775-325A-55793964D290', '2DB3AC6D-A112-06A2-359B-9DF7E956280D', 'c7d9d4c4-9137-900c-9cd8-3d941ba8e82e', 'rad93900683-bca1-aefe-be1c-f0bf3b26e8a4', '3', '超过3米'),
('A2A409BA-74CC-C3F9-B0AB-2AB83E79176C', '72870223-8FDD-5A6E-4F73-EE48BF56C58A', '9c705ae0-d36e-3de9-138c-4e782190eb18', 'rad7fc0127f-d93f-914e-bb91-ea62b458f9f9', '1', '偶尔');
INSERT INTO `quiz_data` (`recordID`, `childQuizID`, `askID`, `eleID`, `answerContent`, `statisticalValue`) VALUES
('A2AF31D4-EC01-AFCC-CE96-FE6224719080', 'BF0D0869-87B5-62DA-0F21-4459A8BE911C', 'e566e989-65fd-f8b2-1679-ebe41475503d', 'rad7b4df87c-dbb7-7ccd-eb36-ed00a20c718b', '0,4,5', '远眺休息眼睛,闭目休息眼睛,户外活动休息眼睛'),
('A2C5FC3C-9090-1B85-C168-96A5C5410089', '479CD03A-3725-D961-AF8A-FB1FA8FC138B', 'e566e989-65fd-f8b2-1679-ebe41475503d', 'rad7b4df87c-dbb7-7ccd-eb36-ed00a20c718b', '4', '闭目休息眼睛'),
('A2DB79A5-108F-A49B-B029-DDDB6B8C646A', 'A6DB9643-ED27-94B5-F552-E26808164F4C', '67c32e3e-ae1f-8274-370b-d88c6b33a53e', 'radf2e9260e-eee6-3699-4b3e-16dcd727ed1a', '0', '0.5小时以内'),
('A311CEFA-3A7C-8ABA-C7F0-7DB745E12F96', 'E2020DE8-9EB7-16D0-D801-C6CF6ECAFD7C', '5bc2c341-5b4b-b3a8-b208-1aba371a6f4f', 'radc91e1090-11f6-3208-c57f-cf560103d6ce', '3', '总是'),
('A339C837-49CC-FBBB-46B5-3A0E91C19D07', '20BAB38A-F4C2-919B-1F36-DD3800A5FB6D', '5bc2c341-5b4b-b3a8-b208-1aba371a6f4f', 'radc91e1090-11f6-3208-c57f-cf560103d6ce', '2', '经常'),
('A3EA83E3-F33F-8E77-0B11-E0DCB2466497', 'EDB0960E-01AE-EDE6-1E1D-34EC8E420548', '9c705ae0-d36e-3de9-138c-4e782190eb18', 'rad7fc0127f-d93f-914e-bb91-ea62b458f9f9', '2', '经常'),
('A3ECB54F-E41E-77F7-7A1D-AF4EA3F3216C', 'A9479D2A-1659-3C66-8E53-FAF567636504', '67c32e3e-ae1f-8274-370b-d88c6b33a53e', 'radf2e9260e-eee6-3699-4b3e-16dcd727ed1a', '3', '1.5-2小时'),
('A4A69AE4-A452-B67E-2A67-EE800CF0F99B', '71CB2A51-CEE6-F214-809A-09F6205C5083', 'e83cb158-83b4-a004-e4d5-ecfeda902fe5', 'rad37519809-e9d6-a9f3-961b-1a8c75b301bd', '2', '经常'),
('A4B41A7D-F23C-0242-6AFE-CE108181257B', 'ADAEF9AA-4DCA-CAD7-24E5-4B53F5824FC7', 'e83cb158-83b4-a004-e4d5-ecfeda902fe5', 'rad37519809-e9d6-a9f3-961b-1a8c75b301bd', '2', '经常'),
('A4B9C259-8FDB-10C4-2609-24F2370FFC9B', 'CD83271F-5EC4-253F-7F2E-07CB2F7525D9', 'e566e989-65fd-f8b2-1679-ebe41475503d', 'rad7b4df87c-dbb7-7ccd-eb36-ed00a20c718b', '0,2,3,4,8', '远眺休息眼睛,交替望远望近休息眼睛,做眼保健操休息眼睛,闭目休息眼睛,看绿色植物休息眼睛'),
('A4C0B921-560F-06AC-5E05-60123A87375E', '63ECECE2-9057-5BF3-90D0-3212F3052C80', '039370e3-e2f6-b813-7ec7-7e0b844ddb4b', 'rad474bca01-e477-99b5-27f3-66d5ac270a60', '1', '否'),
('A5169C43-7163-EB15-D0B7-E866FF59B722', 'F37D1C10-F546-47AB-E844-63BF6C62881A', '91002316-00c9-9553-e567-f0f07f75ac58', 'rad2e79ae09-eb70-d724-0370-fe83ae5a429c', '2', '经常'),
('A536DC44-1E96-2F8E-B5FF-B1B43823AA9D', '4C24D38B-8E28-B833-067A-0D24DC5A06AA', 'e83cb158-83b4-a004-e4d5-ecfeda902fe5', 'rad37519809-e9d6-a9f3-961b-1a8c75b301bd', '3', '总是'),
('A5379EEA-999B-B0A1-5515-1F3FA7B75ECD', '9FA3D59F-9DC2-E62C-84E6-7B5DD301D6C0', '4721c7c9-957d-eb74-04d1-bf0a47e60f76', 'rad2131f5b5-f094-248b-586b-0ac26f2e9a3c', '3', '超过30厘米'),
('A539B69A-D35A-E293-B6BF-C700A92C3B5F', 'A20928C1-E897-E4CC-8582-2588F9FA29CF', 'c7d9d4c4-9137-900c-9cd8-3d941ba8e82e', 'rad93900683-bca1-aefe-be1c-f0bf3b26e8a4', '3', '超过3米'),
('A53EFFDB-8CDF-D6DF-2CAA-93C13ECBA93A', '8FDAFC98-136D-30F6-CF6B-B8845F3685BD', '91002316-00c9-9553-e567-f0f07f75ac58', 'rad2e79ae09-eb70-d724-0370-fe83ae5a429c', '3', '总是'),
('A558EC1D-B9F1-79F0-7129-261476D93CB0', '72870223-8FDD-5A6E-4F73-EE48BF56C58A', 'e83cb158-83b4-a004-e4d5-ecfeda902fe5', 'rad37519809-e9d6-a9f3-961b-1a8c75b301bd', '0', '从不'),
('A5981B93-DC41-1730-6052-CC9FF0905A33', '98AF264E-03BA-4966-CCB1-3EE02FA46455', '039370e3-e2f6-b813-7ec7-7e0b844ddb4b', 'rad474bca01-e477-99b5-27f3-66d5ac270a60', '0', '是'),
('A5AF51B3-32CC-D0FC-CE6C-5A8C5F3AD470', 'B2D6D6A2-38BC-F8A7-58D8-6CBEB1AB926D', 'e566e989-65fd-f8b2-1679-ebe41475503d', 'rad7b4df87c-dbb7-7ccd-eb36-ed00a20c718b', '0', '远眺休息眼睛'),
('A5C6BA8A-DC68-117C-5FD2-ECA58B55189B', 'DA3636C9-417E-D8FC-7800-52F460768C00', 'e83cb158-83b4-a004-e4d5-ecfeda902fe5', 'rad37519809-e9d6-a9f3-961b-1a8c75b301bd', '3', '总是'),
('A65507B5-6E3B-CD00-45FB-0FDBF003751B', 'D36013E4-8995-4DB2-6F59-51E50DE6D0BF', '5bc2c341-5b4b-b3a8-b208-1aba371a6f4f', 'radc91e1090-11f6-3208-c57f-cf560103d6ce', '1', '偶尔'),
('A670E33D-9EA1-F3B3-751A-E30F16C8B321', 'D9305346-0B38-C07D-2017-BA5E2F88303C', '6a1fe386-2add-0f8b-661c-de506d475b21', 'radc797a541-2c01-03bd-0500-e390bbe83822', '2', '31-50厘米'),
('A67DB1F9-BE7D-2EF9-15D0-9EEBCB98A353', '3B8CB567-353D-A73D-51F8-EEE5200DF84C', '91002316-00c9-9553-e567-f0f07f75ac58', 'rad2e79ae09-eb70-d724-0370-fe83ae5a429c', '0', '从不'),
('A68CB72A-31EB-F7CF-87DA-5485D646FD1C', '476763BF-3A7E-59C3-B6FC-FD9ED7EE91DD', '67c32e3e-ae1f-8274-370b-d88c6b33a53e', 'radf2e9260e-eee6-3699-4b3e-16dcd727ed1a', '4', '超过2小时'),
('A69B03DE-3078-0A2C-70C3-141670EBF0D7', '7BF08113-36CB-6A5E-AD30-650C8EBD189E', '6a1fe386-2add-0f8b-661c-de506d475b21', 'radc797a541-2c01-03bd-0500-e390bbe83822', '2', '31-50厘米'),
('A6D16D4E-8550-C80E-5C07-B31FB2ADB0E6', '20BAB38A-F4C2-919B-1F36-DD3800A5FB6D', '4721c7c9-957d-eb74-04d1-bf0a47e60f76', 'rad2131f5b5-f094-248b-586b-0ac26f2e9a3c', '0', '少于10厘米'),
('A6F0E779-4FB0-E100-7467-931ED3B381DF', 'A6DB9643-ED27-94B5-F552-E26808164F4C', '5bc2c341-5b4b-b3a8-b208-1aba371a6f4f', 'radc91e1090-11f6-3208-c57f-cf560103d6ce', '2', '经常'),
('A726F7DD-888A-7480-83C8-13A63D3A63FE', '495765A4-1659-0572-D78F-98E920B210B5', '9ae5d237-cbc8-9749-5437-84426c6da284', 'rad439643f6-89be-599c-d173-d8808902d3c5', '3', '1.5-2小时'),
('A73B48EB-F777-8D8D-6536-C723924D8913', 'FA76F62E-40C5-8251-1DE5-815C9EB00048', 'e83cb158-83b4-a004-e4d5-ecfeda902fe5', 'rad37519809-e9d6-a9f3-961b-1a8c75b301bd', '0', '从不'),
('A77BC421-0CC2-B519-412F-0F23098D6B46', 'A20928C1-E897-E4CC-8582-2588F9FA29CF', 'e566e989-65fd-f8b2-1679-ebe41475503d', 'rad7b4df87c-dbb7-7ccd-eb36-ed00a20c718b', '1,4', '轻微活动休息眼睛,闭目休息眼睛'),
('A798E108-8335-77FC-0B26-0593E9CDC3BE', '72870223-8FDD-5A6E-4F73-EE48BF56C58A', 'c7d9d4c4-9137-900c-9cd8-3d941ba8e82e', 'rad93900683-bca1-aefe-be1c-f0bf3b26e8a4', '2', '2-3米'),
('A7D3B2F5-294F-5FAF-E8C6-93A353D5731E', 'BF0D0869-87B5-62DA-0F21-4459A8BE911C', '9c705ae0-d36e-3de9-138c-4e782190eb18', 'rad7fc0127f-d93f-914e-bb91-ea62b458f9f9', '1', '偶尔'),
('A81B5FF8-61E7-7F54-1820-F5EB0FBB0475', 'F4322BA4-183B-25DF-7285-774667C0F36A', 'e566e989-65fd-f8b2-1679-ebe41475503d', 'rad7b4df87c-dbb7-7ccd-eb36-ed00a20c718b', '3,4,5', '做眼保健操休息眼睛,闭目休息眼睛,户外活动休息眼睛'),
('A830C7D8-18A3-7E44-AA3E-C2E84B38BD4E', '4DFE1916-B0F0-1AFE-031D-41440DCCA55B', '91002316-00c9-9553-e567-f0f07f75ac58', 'rad2e79ae09-eb70-d724-0370-fe83ae5a429c', '0', '从不'),
('A843026C-ED73-07E6-0ABB-382241E2A854', 'D8580F15-04B8-E0B5-526A-EB7DD20B7C15', '91002316-00c9-9553-e567-f0f07f75ac58', 'rad2e79ae09-eb70-d724-0370-fe83ae5a429c', '2', '经常'),
('A8969CE4-AFC5-2EDA-5BA3-47CEFFC03E40', '3539514C-1172-B3FF-F6BF-DBC512B1EAD2', 'e83cb158-83b4-a004-e4d5-ecfeda902fe5', 'rad37519809-e9d6-a9f3-961b-1a8c75b301bd', '1', '偶尔'),
('A8FB10BD-6056-02DA-A8DF-28A9015C60B5', 'ADAEF9AA-4DCA-CAD7-24E5-4B53F5824FC7', '9c705ae0-d36e-3de9-138c-4e782190eb18', 'rad7fc0127f-d93f-914e-bb91-ea62b458f9f9', '1', '偶尔'),
('A913397D-669C-2122-2757-0A18EE9E8FB3', 'F9A6B033-FED8-5917-4D8E-08326A5E5669', 'e83cb158-83b4-a004-e4d5-ecfeda902fe5', 'rad37519809-e9d6-a9f3-961b-1a8c75b301bd', '1', '偶尔'),
('A91E6F51-B17B-0D19-D1DA-A6DC9D6E44E3', 'DA3636C9-417E-D8FC-7800-52F460768C00', '5bc2c341-5b4b-b3a8-b208-1aba371a6f4f', 'radc91e1090-11f6-3208-c57f-cf560103d6ce', '3', '总是'),
('A91EDCFE-1DAE-ED9C-3A77-DA9D14D4AAE8', 'ED9FC926-8476-8046-F2F7-BC1A0BA1E4D5', 'c7d9d4c4-9137-900c-9cd8-3d941ba8e82e', 'rad93900683-bca1-aefe-be1c-f0bf3b26e8a4', '2', '2-3米'),
('A9540712-2238-E29C-EBD2-FC95976467CD', '6759C623-872D-0BF0-119B-34E079815692', '9ae5d237-cbc8-9749-5437-84426c6da284', 'rad439643f6-89be-599c-d173-d8808902d3c5', '2', '1-1.5小时'),
('A9B534C5-C8E4-C468-71AD-E453E1B9049C', '72870223-8FDD-5A6E-4F73-EE48BF56C58A', 'e566e989-65fd-f8b2-1679-ebe41475503d', 'rad7b4df87c-dbb7-7ccd-eb36-ed00a20c718b', '0,1,3,5,8', '远眺休息眼睛,轻微活动休息眼睛,做眼保健操休息眼睛,户外活动休息眼睛,看绿色植物休息眼睛'),
('A9E3466B-A8CB-B86C-0239-1DBCF4710026', '6C8AE7BE-4018-D77A-7504-6BCC32E66B29', '67c32e3e-ae1f-8274-370b-d88c6b33a53e', 'radf2e9260e-eee6-3699-4b3e-16dcd727ed1a', '0', '0.5小时以内'),
('A9EA9542-D670-CBDD-BFF7-DFDC1C5F1DF6', '5467762E-9C18-AE51-A3F1-915D5BFB21EE', '039370e3-e2f6-b813-7ec7-7e0b844ddb4b', 'rad474bca01-e477-99b5-27f3-66d5ac270a60', '1', '否'),
('AA5578F0-1D7D-02C8-19C8-5604812F9B5E', '8880E589-3970-162E-FFDD-8DE5744D79B9', '9c705ae0-d36e-3de9-138c-4e782190eb18', 'rad7fc0127f-d93f-914e-bb91-ea62b458f9f9', '3', '总是'),
('AA6317A8-E5D6-B066-3F55-294FE507DA23', 'D81DC3B3-E47D-3A8C-C338-EF4733374C13', '039370e3-e2f6-b813-7ec7-7e0b844ddb4b', 'rad474bca01-e477-99b5-27f3-66d5ac270a60', '1', '否'),
('AA7AC569-5778-D60A-8A38-57D77CAEA4FE', 'B2D6D6A2-38BC-F8A7-58D8-6CBEB1AB926D', '5bc2c341-5b4b-b3a8-b208-1aba371a6f4f', 'radc91e1090-11f6-3208-c57f-cf560103d6ce', '1', '偶尔'),
('AAC607AE-2350-D567-7CC3-48A4522DC111', '5432EE5D-D471-FDB2-A461-715E9D202896', '145beece-5eac-533e-91b6-f23ac8bf46fe', 'rad3d3fb95a-2adb-3048-b15e-6077dd17973e', '3', '1.5-2小时'),
('AAE0D94F-D8E1-72D3-E627-47432FD47001', 'A6DB9643-ED27-94B5-F552-E26808164F4C', 'e566e989-65fd-f8b2-1679-ebe41475503d', 'rad7b4df87c-dbb7-7ccd-eb36-ed00a20c718b', '0,4', '远眺休息眼睛,闭目休息眼睛'),
('AB900784-CF88-E777-72FC-237A7E531C9D', 'A20928C1-E897-E4CC-8582-2588F9FA29CF', '9c705ae0-d36e-3de9-138c-4e782190eb18', 'rad7fc0127f-d93f-914e-bb91-ea62b458f9f9', '2', '经常'),
('AB9499E7-097A-7795-8BEA-6A6FCBAA1B17', '8061CF45-8F9F-13E3-B29C-58B1DFC93FA0', 'e83cb158-83b4-a004-e4d5-ecfeda902fe5', 'rad37519809-e9d6-a9f3-961b-1a8c75b301bd', '2', '经常'),
('AC43079D-DCFD-8641-A0F4-CD8FA6DA669A', 'A6DB9643-ED27-94B5-F552-E26808164F4C', '9ae5d237-cbc8-9749-5437-84426c6da284', 'rad439643f6-89be-599c-d173-d8808902d3c5', '4', '超过2小时'),
('AC54579F-6FF6-4FBD-430B-C5094CDAB869', '5F4A3B52-3FEF-7614-EF5D-2C4700B55778', 'c7d9d4c4-9137-900c-9cd8-3d941ba8e82e', 'rad93900683-bca1-aefe-be1c-f0bf3b26e8a4', '1', '1-2米'),
('AC75D978-89DA-EBB0-581C-69CAFE4E127E', '71CB2A51-CEE6-F214-809A-09F6205C5083', 'e566e989-65fd-f8b2-1679-ebe41475503d', 'rad7b4df87c-dbb7-7ccd-eb36-ed00a20c718b', '1,2,3,5,8', '轻微活动休息眼睛,交替望远望近休息眼睛,做眼保健操休息眼睛,户外活动休息眼睛,看绿色植物休息眼睛'),
('AC7B0D92-3B8A-0437-541E-DA27F5A5495B', '4A0B15D3-8A26-CB4F-F75E-8950D45F494F', '5bc2c341-5b4b-b3a8-b208-1aba371a6f4f', 'radc91e1090-11f6-3208-c57f-cf560103d6ce', '0', '从不'),
('AC92AC1E-0AD2-CA35-B3FE-BFEA2BA542D1', 'D3CC81A1-4699-56D6-391C-62F35B4DA2B8', '9ae5d237-cbc8-9749-5437-84426c6da284', 'rad439643f6-89be-599c-d173-d8808902d3c5', '0', '0.5小时以内'),
('AD022260-2BB4-0007-E160-F8E7FCF379F0', 'ED9FC926-8476-8046-F2F7-BC1A0BA1E4D5', '5bc2c341-5b4b-b3a8-b208-1aba371a6f4f', 'radc91e1090-11f6-3208-c57f-cf560103d6ce', '3', '总是'),
('ADBDD4EF-23E5-7258-37C9-AFAF9D5F11AA', '476E1E91-C9FC-7AC3-5776-6916ECC17162', '9c705ae0-d36e-3de9-138c-4e782190eb18', 'rad7fc0127f-d93f-914e-bb91-ea62b458f9f9', '3', '总是'),
('ADC62189-077F-8252-5C3F-820DB101A328', '98AF264E-03BA-4966-CCB1-3EE02FA46455', 'e83cb158-83b4-a004-e4d5-ecfeda902fe5', 'rad37519809-e9d6-a9f3-961b-1a8c75b301bd', '2', '经常'),
('ADEF436C-CB93-94A3-0C25-6CDF5AB32CA1', 'B670929B-C8F0-DD41-C3E2-DE3501F72643', '4721c7c9-957d-eb74-04d1-bf0a47e60f76', 'rad2131f5b5-f094-248b-586b-0ac26f2e9a3c', '0', '少于10厘米'),
('AE6B69A6-949F-7269-804B-BAB66AB1147D', '484F2F03-9639-05F6-084B-FA7E4903C7C3', '5bc2c341-5b4b-b3a8-b208-1aba371a6f4f', 'radc91e1090-11f6-3208-c57f-cf560103d6ce', '1', '偶尔'),
('AE70EB75-9F66-A276-BD2A-12AE7F89F472', '244E077B-1ECF-506A-D89A-1189662266D9', '6a1fe386-2add-0f8b-661c-de506d475b21', 'radc797a541-2c01-03bd-0500-e390bbe83822', '3', '超过50厘米'),
('AEDBE329-1AA9-2B6D-46BB-EEA74ABF364B', '026765AB-A2F6-C670-23E0-9FA882D1306A', '145beece-5eac-533e-91b6-f23ac8bf46fe', 'rad3d3fb95a-2adb-3048-b15e-6077dd17973e', '0', '0.5小时以内'),
('AF257090-15DF-D423-5EE7-FE35A70F6585', '98ACAC8B-0A70-711A-DFDD-CDFCA20ECD27', '91002316-00c9-9553-e567-f0f07f75ac58', 'rad2e79ae09-eb70-d724-0370-fe83ae5a429c', '0', '从不'),
('B0457777-D806-1E89-FCB4-4EC0578B35A5', '5F4A3B52-3FEF-7614-EF5D-2C4700B55778', '9c705ae0-d36e-3de9-138c-4e782190eb18', 'rad7fc0127f-d93f-914e-bb91-ea62b458f9f9', '2', '经常'),
('B099A856-9D64-0F70-6037-1E2594DCACB9', '98F141FB-2511-826C-471D-7668C10E2CFD', '9c705ae0-d36e-3de9-138c-4e782190eb18', 'rad7fc0127f-d93f-914e-bb91-ea62b458f9f9', '3', '总是'),
('B0B9C9D1-9E45-478B-F2E0-6A0BC0F225B4', '3539514C-1172-B3FF-F6BF-DBC512B1EAD2', '9c705ae0-d36e-3de9-138c-4e782190eb18', 'rad7fc0127f-d93f-914e-bb91-ea62b458f9f9', '2', '经常'),
('B0F5C018-6EE7-EEE8-07E7-E5F14A69FFB2', '071CFB9A-B4A3-7541-3FD9-A31A6CED19A0', 'e566e989-65fd-f8b2-1679-ebe41475503d', 'rad7b4df87c-dbb7-7ccd-eb36-ed00a20c718b', '1,3,4,5', '轻微活动休息眼睛,做眼保健操休息眼睛,闭目休息眼睛,户外活动休息眼睛'),
('B119E1E6-B78D-38E4-E790-5079AE28BECD', '8061CF45-8F9F-13E3-B29C-58B1DFC93FA0', '67c32e3e-ae1f-8274-370b-d88c6b33a53e', 'radf2e9260e-eee6-3699-4b3e-16dcd727ed1a', '5', '从不休息'),
('B137C3D6-910D-4C8C-1B93-9C0540BE9F57', '98ACAC8B-0A70-711A-DFDD-CDFCA20ECD27', '145beece-5eac-533e-91b6-f23ac8bf46fe', 'rad3d3fb95a-2adb-3048-b15e-6077dd17973e', '1', '0.5-1小时'),
('B15926F8-5D1E-62BB-6F33-0949943D67E8', '92ED7B93-4A09-C1BD-17C3-01F30709A859', '67c32e3e-ae1f-8274-370b-d88c6b33a53e', 'radf2e9260e-eee6-3699-4b3e-16dcd727ed1a', '1', '0.5-1小时'),
('B1EB79D8-9F3C-6FFB-7BED-7E648AF0BA6C', 'B670929B-C8F0-DD41-C3E2-DE3501F72643', 'e83cb158-83b4-a004-e4d5-ecfeda902fe5', 'rad37519809-e9d6-a9f3-961b-1a8c75b301bd', '2', '经常'),
('B224014B-ACD6-A943-767E-1D305C48EEFD', '20B9DF5E-4829-36B1-B9AF-936A3ABE4E82', 'e83cb158-83b4-a004-e4d5-ecfeda902fe5', 'rad37519809-e9d6-a9f3-961b-1a8c75b301bd', '3', '总是'),
('B29BE46C-5AE2-3A43-A5B7-7F1798BC4CCB', 'B563CC59-188A-4236-6463-4A581651AD55', '039370e3-e2f6-b813-7ec7-7e0b844ddb4b', 'rad474bca01-e477-99b5-27f3-66d5ac270a60', '1', '否'),
('B2CFF00C-606B-B7B5-BB0D-5D7426DAC3D4', 'D9305346-0B38-C07D-2017-BA5E2F88303C', 'c7d9d4c4-9137-900c-9cd8-3d941ba8e82e', 'rad93900683-bca1-aefe-be1c-f0bf3b26e8a4', '3', '超过3米'),
('B2F0B764-63A2-3947-A83B-DC320C8693F5', '31974BD1-6D95-F803-AD70-4559ADBA5890', '91002316-00c9-9553-e567-f0f07f75ac58', 'rad2e79ae09-eb70-d724-0370-fe83ae5a429c', '0', '从不'),
('B359490C-DA1E-3E0E-A98D-75E768518193', '93484759-D692-672D-9228-4C5AFCAA9ADF', 'c7d9d4c4-9137-900c-9cd8-3d941ba8e82e', 'rad93900683-bca1-aefe-be1c-f0bf3b26e8a4', '2', '2-3米'),
('B371304F-7EA3-3977-B37B-E410A960114C', 'B563CC59-188A-4236-6463-4A581651AD55', 'e566e989-65fd-f8b2-1679-ebe41475503d', 'rad7b4df87c-dbb7-7ccd-eb36-ed00a20c718b', '0,2,4,5', '远眺休息眼睛,交替望远望近休息眼睛,闭目休息眼睛,户外活动休息眼睛'),
('B3C7013F-7C4D-8A3E-A7CC-2F879BF5DE78', 'A6DB9643-ED27-94B5-F552-E26808164F4C', '6a1fe386-2add-0f8b-661c-de506d475b21', 'radc797a541-2c01-03bd-0500-e390bbe83822', '2', '31-50厘米'),
('B43D959C-6872-C6E5-121B-1B954F735CF4', '20B9DF5E-4829-36B1-B9AF-936A3ABE4E82', '6a1fe386-2add-0f8b-661c-de506d475b21', 'radc797a541-2c01-03bd-0500-e390bbe83822', '2', '31-50厘米'),
('B47FC046-AB1D-3A27-24E3-CD416E8B93D3', '4C24D38B-8E28-B833-067A-0D24DC5A06AA', '4721c7c9-957d-eb74-04d1-bf0a47e60f76', 'rad2131f5b5-f094-248b-586b-0ac26f2e9a3c', '0', '少于10厘米'),
('B52AC782-2B2B-56F4-8C14-A2F9F1F52F0E', '66F182F0-FD27-9737-F85C-F7FD301F3621', 'e566e989-65fd-f8b2-1679-ebe41475503d', 'rad7b4df87c-dbb7-7ccd-eb36-ed00a20c718b', '0,2,3,4', '远眺休息眼睛,交替望远望近休息眼睛,做眼保健操休息眼睛,闭目休息眼睛'),
('B5318FF5-3F52-6FA5-32A9-B52FA259A669', '0A30BF3B-B061-CEBF-52AE-D8C5611144C8', 'e83cb158-83b4-a004-e4d5-ecfeda902fe5', 'rad37519809-e9d6-a9f3-961b-1a8c75b301bd', '2', '经常'),
('B554D757-B4FA-2ABC-3170-B3AA8C356E7C', 'B2D6D6A2-38BC-F8A7-58D8-6CBEB1AB926D', '6a1fe386-2add-0f8b-661c-de506d475b21', 'radc797a541-2c01-03bd-0500-e390bbe83822', '2', '31-50厘米'),
('B5949797-4D80-247F-A378-96722D63C46B', 'F67ADE68-69FE-CE59-7008-E63B1F91E5AB', '6a1fe386-2add-0f8b-661c-de506d475b21', 'radc797a541-2c01-03bd-0500-e390bbe83822', '2', '31-50厘米'),
('B5B5E128-8DFA-A388-9E1C-6AA69EA48AB8', '4EECC38A-BF84-F30F-1BE7-213D1EFBB617', '4721c7c9-957d-eb74-04d1-bf0a47e60f76', 'rad2131f5b5-f094-248b-586b-0ac26f2e9a3c', '3', '超过30厘米'),
('B5BD991D-8035-5608-2969-42EB97AB521B', 'ADAEF9AA-4DCA-CAD7-24E5-4B53F5824FC7', 'e566e989-65fd-f8b2-1679-ebe41475503d', 'rad7b4df87c-dbb7-7ccd-eb36-ed00a20c718b', '1', '轻微活动休息眼睛'),
('B5C1E55B-B0F3-CDB3-F78F-A8F8F9CB7030', 'F7689B92-C69C-A217-8C12-BEA7C248E8F6', '91002316-00c9-9553-e567-f0f07f75ac58', 'rad2e79ae09-eb70-d724-0370-fe83ae5a429c', '3', '总是'),
('B628E88B-8BA9-5198-05DC-DDE4DE2317D9', '0A30BF3B-B061-CEBF-52AE-D8C5611144C8', '039370e3-e2f6-b813-7ec7-7e0b844ddb4b', 'rad474bca01-e477-99b5-27f3-66d5ac270a60', '0', '是'),
('B66FE544-2CAF-64D0-0555-1795E6ECCB72', 'CD83271F-5EC4-253F-7F2E-07CB2F7525D9', '9c705ae0-d36e-3de9-138c-4e782190eb18', 'rad7fc0127f-d93f-914e-bb91-ea62b458f9f9', '1', '偶尔'),
('B690235C-61D2-A467-841B-80DAA431FA12', '920AB2EB-8296-D706-0DA4-EC8F6CB970AB', '91002316-00c9-9553-e567-f0f07f75ac58', 'rad2e79ae09-eb70-d724-0370-fe83ae5a429c', '0', '从不'),
('B6ADB99D-0A55-A89D-E083-9FD09D3CEEA1', '61539D46-2310-AAFE-1339-01B660CD4C66', '9ae5d237-cbc8-9749-5437-84426c6da284', 'rad439643f6-89be-599c-d173-d8808902d3c5', '2', '1-1.5小时'),
('B6BD143D-A9E9-297B-52FE-4EB0F3C1871C', '4E207B40-B9DD-972B-6B38-9E60A3EE80D6', '67c32e3e-ae1f-8274-370b-d88c6b33a53e', 'radf2e9260e-eee6-3699-4b3e-16dcd727ed1a', '3', '1.5-2小时'),
('B6CAD48F-62D4-544C-CE30-C59D69A28C5F', '7008FFE4-D0A3-18B5-519E-98BF23E4D28F', 'e83cb158-83b4-a004-e4d5-ecfeda902fe5', 'rad37519809-e9d6-a9f3-961b-1a8c75b301bd', '3', '总是'),
('B6D1F453-3823-EB80-5C18-29280873A00E', 'C30F948F-4C43-9A47-A02E-29B3DFF2047F', '67c32e3e-ae1f-8274-370b-d88c6b33a53e', 'radf2e9260e-eee6-3699-4b3e-16dcd727ed1a', '4', '超过2小时'),
('B6F1BF6F-3C40-33ED-71C3-12B4CF9CAEF4', 'EDB0960E-01AE-EDE6-1E1D-34EC8E420548', '145beece-5eac-533e-91b6-f23ac8bf46fe', 'rad3d3fb95a-2adb-3048-b15e-6077dd17973e', '3', '1.5-2小时'),
('B6F29B62-DF4D-62EF-7416-34DC9ED7E568', 'B7D72601-8A15-1A95-C509-E439DDE324AE', '5bc2c341-5b4b-b3a8-b208-1aba371a6f4f', 'radc91e1090-11f6-3208-c57f-cf560103d6ce', '1', '偶尔'),
('B7C6953C-2417-068F-87C9-B9E6DC16E359', 'B2D6D6A2-38BC-F8A7-58D8-6CBEB1AB926D', 'e83cb158-83b4-a004-e4d5-ecfeda902fe5', 'rad37519809-e9d6-a9f3-961b-1a8c75b301bd', '1', '偶尔'),
('B7E21C5A-9C0F-CA43-B035-7B7E8498D288', 'CD83271F-5EC4-253F-7F2E-07CB2F7525D9', '5bc2c341-5b4b-b3a8-b208-1aba371a6f4f', 'radc91e1090-11f6-3208-c57f-cf560103d6ce', '2', '经常'),
('B81C3663-E6AC-3911-330C-D477E2846CE3', '0A30BF3B-B061-CEBF-52AE-D8C5611144C8', '6a1fe386-2add-0f8b-661c-de506d475b21', 'radc797a541-2c01-03bd-0500-e390bbe83822', '3', '超过50厘米'),
('B8282B30-DD83-4B5E-8FDE-2406925C17A9', 'C2CF7220-17A0-EE89-F8B2-9F62976F72F3', '9ae5d237-cbc8-9749-5437-84426c6da284', 'rad439643f6-89be-599c-d173-d8808902d3c5', '1', '0.5-1小时'),
('B8544347-BE33-9CD5-01C9-0BCAF32A604D', '030BDFF9-5BDF-A203-ECE8-DD68B137B6D7', '145beece-5eac-533e-91b6-f23ac8bf46fe', 'rad3d3fb95a-2adb-3048-b15e-6077dd17973e', '0', '0.5小时以内'),
('B86E3C03-AF61-3BA5-2062-BBB1A675D605', '5467762E-9C18-AE51-A3F1-915D5BFB21EE', '9c705ae0-d36e-3de9-138c-4e782190eb18', 'rad7fc0127f-d93f-914e-bb91-ea62b458f9f9', '1', '偶尔'),
('B8780995-C3AD-B08F-54D0-4889DA256F6E', '7BF08113-36CB-6A5E-AD30-650C8EBD189E', 'e566e989-65fd-f8b2-1679-ebe41475503d', 'rad7b4df87c-dbb7-7ccd-eb36-ed00a20c718b', '0,1,3,5,8', '远眺休息眼睛,轻微活动休息眼睛,做眼保健操休息眼睛,户外活动休息眼睛,看绿色植物休息眼睛'),
('B87F7A6E-1E3E-9020-F1ED-1A2972D4B20E', '3539514C-1172-B3FF-F6BF-DBC512B1EAD2', '4721c7c9-957d-eb74-04d1-bf0a47e60f76', 'rad2131f5b5-f094-248b-586b-0ac26f2e9a3c', '3', '超过30厘米'),
('B8909580-6039-F22D-7F8E-CE0010C12260', 'A6DB9643-ED27-94B5-F552-E26808164F4C', '145beece-5eac-533e-91b6-f23ac8bf46fe', 'rad3d3fb95a-2adb-3048-b15e-6077dd17973e', '0', '0.5小时以内'),
('B8AC9D01-EC22-388A-5967-4D72C6CCE41A', 'E8859928-868C-F675-560A-81C6C514FCC4', '9c705ae0-d36e-3de9-138c-4e782190eb18', 'rad7fc0127f-d93f-914e-bb91-ea62b458f9f9', '2', '经常'),
('B8C20EF3-7968-6362-FE1F-38453D87958A', '71CB2A51-CEE6-F214-809A-09F6205C5083', '6a1fe386-2add-0f8b-661c-de506d475b21', 'radc797a541-2c01-03bd-0500-e390bbe83822', '1', '15-30厘米'),
('B92CDC6C-57FA-97A9-8FC6-040A7CFC6024', 'D8580F15-04B8-E0B5-526A-EB7DD20B7C15', 'e566e989-65fd-f8b2-1679-ebe41475503d', 'rad7b4df87c-dbb7-7ccd-eb36-ed00a20c718b', '0,2,3,5,8', '远眺休息眼睛,交替望远望近休息眼睛,做眼保健操休息眼睛,户外活动休息眼睛,看绿色植物休息眼睛'),
('B9908B54-9735-20AE-8468-9E4B0BFF5711', '6759C623-872D-0BF0-119B-34E079815692', 'c7d9d4c4-9137-900c-9cd8-3d941ba8e82e', 'rad93900683-bca1-aefe-be1c-f0bf3b26e8a4', '3', '超过3米'),
('B9B2AB60-D59B-A674-8F51-5B1715CC8424', '0701F3FD-5C1A-481F-713D-4AA9B4CA314E', 'c7d9d4c4-9137-900c-9cd8-3d941ba8e82e', 'rad93900683-bca1-aefe-be1c-f0bf3b26e8a4', '1', '1-2米'),
('B9B46363-E7F0-6B47-3689-484F626FE920', '4829D924-3E87-A91F-E1A8-F6060DF8962F', '9ae5d237-cbc8-9749-5437-84426c6da284', 'rad439643f6-89be-599c-d173-d8808902d3c5', '0', '0.5小时以内'),
('B9D22A91-8F2C-1DA0-B097-E805B036335C', '93484759-D692-672D-9228-4C5AFCAA9ADF', '67c32e3e-ae1f-8274-370b-d88c6b33a53e', 'radf2e9260e-eee6-3699-4b3e-16dcd727ed1a', '0', '0.5小时以内'),
('B9E5B34C-FD89-484C-B6FF-848AB0C60A85', 'EDB0960E-01AE-EDE6-1E1D-34EC8E420548', 'e83cb158-83b4-a004-e4d5-ecfeda902fe5', 'rad37519809-e9d6-a9f3-961b-1a8c75b301bd', '3', '总是'),
('BA2B0E75-D533-DB2A-4554-0A820F0DF689', '5432EE5D-D471-FDB2-A461-715E9D202896', 'c7d9d4c4-9137-900c-9cd8-3d941ba8e82e', 'rad93900683-bca1-aefe-be1c-f0bf3b26e8a4', '1', '1-2米'),
('BA48607C-F24F-FD62-68E4-BF5098BE6DA3', '24E1F4D7-3A24-42AB-322C-1C28CF7D944B', 'c7d9d4c4-9137-900c-9cd8-3d941ba8e82e', 'rad93900683-bca1-aefe-be1c-f0bf3b26e8a4', '1', '1-2米'),
('BB46E5D0-82D8-4952-FFDF-A53587B3D2E0', 'D3CC81A1-4699-56D6-391C-62F35B4DA2B8', '91002316-00c9-9553-e567-f0f07f75ac58', 'rad2e79ae09-eb70-d724-0370-fe83ae5a429c', '3', '总是'),
('BB5B1CA2-AE87-D847-CFD0-EDFD0411C576', '920AB2EB-8296-D706-0DA4-EC8F6CB970AB', '5bc2c341-5b4b-b3a8-b208-1aba371a6f4f', 'radc91e1090-11f6-3208-c57f-cf560103d6ce', '1', '偶尔'),
('BB9274FD-E936-2FA6-BBA7-B0389CB6AAAD', '66F182F0-FD27-9737-F85C-F7FD301F3621', '145beece-5eac-533e-91b6-f23ac8bf46fe', 'rad3d3fb95a-2adb-3048-b15e-6077dd17973e', '1', '0.5-1小时'),
('BC01558D-6449-53B0-35CF-9D01F59139C3', '80FFED84-104B-6235-B9E0-8AB8D9812941', '4721c7c9-957d-eb74-04d1-bf0a47e60f76', 'rad2131f5b5-f094-248b-586b-0ac26f2e9a3c', '3', '超过30厘米'),
('BC60DE61-B449-178D-8B8E-CB548D7CA054', 'D81DC3B3-E47D-3A8C-C338-EF4733374C13', 'e566e989-65fd-f8b2-1679-ebe41475503d', 'rad7b4df87c-dbb7-7ccd-eb36-ed00a20c718b', '4', '闭目休息眼睛'),
('BCBD08BA-DA9C-33C6-41A7-57B7C1B78AD8', '5432EE5D-D471-FDB2-A461-715E9D202896', '67c32e3e-ae1f-8274-370b-d88c6b33a53e', 'radf2e9260e-eee6-3699-4b3e-16dcd727ed1a', '2', '1-1.5小时'),
('BCBD29B8-8FFE-62E4-279A-8AED3DBDB1F4', '0861E976-846A-3786-FD6C-A7AFB67773FF', '039370e3-e2f6-b813-7ec7-7e0b844ddb4b', 'rad474bca01-e477-99b5-27f3-66d5ac270a60', '0', '是'),
('BCE689F1-E99F-E84B-7D2F-CFD0248D4937', 'B2D6D6A2-38BC-F8A7-58D8-6CBEB1AB926D', '039370e3-e2f6-b813-7ec7-7e0b844ddb4b', 'rad474bca01-e477-99b5-27f3-66d5ac270a60', '2', '不清楚'),
('BD6D3E14-7660-504F-0F75-ACAF7EF7A2C9', '2DB3AC6D-A112-06A2-359B-9DF7E956280D', 'e83cb158-83b4-a004-e4d5-ecfeda902fe5', 'rad37519809-e9d6-a9f3-961b-1a8c75b301bd', '1', '偶尔'),
('BD8AA719-2A65-16D6-4ECD-702830370533', '8061CF45-8F9F-13E3-B29C-58B1DFC93FA0', '145beece-5eac-533e-91b6-f23ac8bf46fe', 'rad3d3fb95a-2adb-3048-b15e-6077dd17973e', '4', '超过2小时'),
('BDE9FFAA-C400-3397-5FE4-807FC5550E6B', '61539D46-2310-AAFE-1339-01B660CD4C66', '039370e3-e2f6-b813-7ec7-7e0b844ddb4b', 'rad474bca01-e477-99b5-27f3-66d5ac270a60', '0', '是'),
('BDFB3A59-2F2A-A0AA-35B7-0BA453E78C5A', '920AB2EB-8296-D706-0DA4-EC8F6CB970AB', '6a1fe386-2add-0f8b-661c-de506d475b21', 'radc797a541-2c01-03bd-0500-e390bbe83822', '1', '15-30厘米'),
('BE1BEC0A-6897-1EDB-A4B6-FB3AC2D06E48', 'CD83271F-5EC4-253F-7F2E-07CB2F7525D9', '67c32e3e-ae1f-8274-370b-d88c6b33a53e', 'radf2e9260e-eee6-3699-4b3e-16dcd727ed1a', '2', '1-1.5小时'),
('BE7D2DD8-4F5C-BE01-AEC3-952DFDCB62AF', 'A9479D2A-1659-3C66-8E53-FAF567636504', 'e566e989-65fd-f8b2-1679-ebe41475503d', 'rad7b4df87c-dbb7-7ccd-eb36-ed00a20c718b', '0,2', '远眺休息眼睛,交替望远望近休息眼睛'),
('BF2669D8-D22F-5BFD-B3E2-3788586A8A34', '7D935D58-CA4D-4104-A9BF-9847252749CD', 'e566e989-65fd-f8b2-1679-ebe41475503d', 'rad7b4df87c-dbb7-7ccd-eb36-ed00a20c718b', '1,2,3,4,5', '轻微活动休息眼睛,交替望远望近休息眼睛,做眼保健操休息眼睛,闭目休息眼睛,户外活动休息眼睛'),
('BF2BE1EA-8B15-F5DE-1D38-4CBB345B57BA', '66F182F0-FD27-9737-F85C-F7FD301F3621', 'c7d9d4c4-9137-900c-9cd8-3d941ba8e82e', 'rad93900683-bca1-aefe-be1c-f0bf3b26e8a4', '2', '2-3米'),
('BF4E0AB8-BFC0-C985-5947-25F98B580A5A', '89843604-8761-1E31-70F8-F96E4D7D6CA4', '67c32e3e-ae1f-8274-370b-d88c6b33a53e', 'radf2e9260e-eee6-3699-4b3e-16dcd727ed1a', '1', '0.5-1小时'),
('BF7D9392-EE57-B66F-7582-92B3F4DFB8A2', 'D9305346-0B38-C07D-2017-BA5E2F88303C', '4721c7c9-957d-eb74-04d1-bf0a47e60f76', 'rad2131f5b5-f094-248b-586b-0ac26f2e9a3c', '3', '超过30厘米'),
('BF885DA4-6135-E690-ECBF-A26D96D949B5', 'FA76F62E-40C5-8251-1DE5-815C9EB00048', '6a1fe386-2add-0f8b-661c-de506d475b21', 'radc797a541-2c01-03bd-0500-e390bbe83822', '0', '少于15厘米'),
('BFFF39C9-B18C-0F7C-21BD-03C626998686', '4C24D38B-8E28-B833-067A-0D24DC5A06AA', '91002316-00c9-9553-e567-f0f07f75ac58', 'rad2e79ae09-eb70-d724-0370-fe83ae5a429c', '0', '从不'),
('C01EE224-C97F-490F-23D5-7464E86D6DA6', 'DD7DA2CB-F771-3E46-D72B-FBD338702BBE', '67c32e3e-ae1f-8274-370b-d88c6b33a53e', 'radf2e9260e-eee6-3699-4b3e-16dcd727ed1a', '4', '超过2小时'),
('C036257A-F10C-7EC6-142E-F4761F32FBC5', '4DFE1916-B0F0-1AFE-031D-41440DCCA55B', '9ae5d237-cbc8-9749-5437-84426c6da284', 'rad439643f6-89be-599c-d173-d8808902d3c5', '2', '1-1.5小时'),
('C04A23C4-A5D4-88A0-9584-C00BCC773E30', 'A9EB8C13-5723-0267-7E50-458CFB1FBDE8', '91002316-00c9-9553-e567-f0f07f75ac58', 'rad2e79ae09-eb70-d724-0370-fe83ae5a429c', '3', '总是'),
('C0A44C5A-1F9E-8B3A-CEA2-AF9365430358', 'F7A459D2-0B5D-1018-0527-BBCDE352EE31', '5bc2c341-5b4b-b3a8-b208-1aba371a6f4f', 'radc91e1090-11f6-3208-c57f-cf560103d6ce', '3', '总是'),
('C0ADBBF0-F7A8-6760-5971-4499B559CF94', '6759C623-872D-0BF0-119B-34E079815692', '039370e3-e2f6-b813-7ec7-7e0b844ddb4b', 'rad474bca01-e477-99b5-27f3-66d5ac270a60', '0', '是'),
('C0E76D15-750F-C3B0-E13D-52F387BDF658', '4C24D38B-8E28-B833-067A-0D24DC5A06AA', '145beece-5eac-533e-91b6-f23ac8bf46fe', 'rad3d3fb95a-2adb-3048-b15e-6077dd17973e', '0', '0.5小时以内'),
('C0E9A4AC-18C7-9D2F-6371-9D6FBD81FFB4', '5467762E-9C18-AE51-A3F1-915D5BFB21EE', '91002316-00c9-9553-e567-f0f07f75ac58', 'rad2e79ae09-eb70-d724-0370-fe83ae5a429c', '1', '偶尔'),
('C12EAD93-A1F7-6283-83F5-4BBB8DD0E4D3', '98ACAC8B-0A70-711A-DFDD-CDFCA20ECD27', '5bc2c341-5b4b-b3a8-b208-1aba371a6f4f', 'radc91e1090-11f6-3208-c57f-cf560103d6ce', '1', '偶尔'),
('C155F236-44F2-0B3A-A86B-50192DCA24EF', 'F4322BA4-183B-25DF-7285-774667C0F36A', '9c705ae0-d36e-3de9-138c-4e782190eb18', 'rad7fc0127f-d93f-914e-bb91-ea62b458f9f9', '2', '经常'),
('C16BEAE0-E4F2-94CA-2E07-08A39EC89CC0', 'CD83271F-5EC4-253F-7F2E-07CB2F7525D9', '4721c7c9-957d-eb74-04d1-bf0a47e60f76', 'rad2131f5b5-f094-248b-586b-0ac26f2e9a3c', '0', '少于10厘米'),
('C16F1B0C-9223-4F54-23C3-118BC6682763', '20BAB38A-F4C2-919B-1F36-DD3800A5FB6D', 'e566e989-65fd-f8b2-1679-ebe41475503d', 'rad7b4df87c-dbb7-7ccd-eb36-ed00a20c718b', '0,3,4,8', '远眺休息眼睛,做眼保健操休息眼睛,闭目休息眼睛,看绿色植物休息眼睛'),
('C19EE709-B882-18B6-173B-C7ADC0BC333F', 'D81DC3B3-E47D-3A8C-C338-EF4733374C13', '91002316-00c9-9553-e567-f0f07f75ac58', 'rad2e79ae09-eb70-d724-0370-fe83ae5a429c', '0', '从不'),
('C1E8E388-8B57-71EC-6116-EDA399778FDE', '01C3F245-74B1-CE18-8628-5E42233CD937', 'e83cb158-83b4-a004-e4d5-ecfeda902fe5', 'rad37519809-e9d6-a9f3-961b-1a8c75b301bd', '3', '总是'),
('C1F1AAF3-7D79-7774-9462-5774BD1EE648', '8FDAFC98-136D-30F6-CF6B-B8845F3685BD', '4721c7c9-957d-eb74-04d1-bf0a47e60f76', 'rad2131f5b5-f094-248b-586b-0ac26f2e9a3c', '1', '11-20厘米'),
('C1FC9E0A-4CF7-4642-79A8-9C29060CE34A', '3FEE4C58-6EFE-0D2F-B672-F26C2BBFFF1F', 'e566e989-65fd-f8b2-1679-ebe41475503d', 'rad7b4df87c-dbb7-7ccd-eb36-ed00a20c718b', '0,1,3,8', '远眺休息眼睛,轻微活动休息眼睛,做眼保健操休息眼睛,看绿色植物休息眼睛'),
('C1FD257D-E8F8-98E4-E6C6-E62AD31F6B25', '3539514C-1172-B3FF-F6BF-DBC512B1EAD2', '9ae5d237-cbc8-9749-5437-84426c6da284', 'rad439643f6-89be-599c-d173-d8808902d3c5', '2', '1-1.5小时'),
('C22A9DD2-9C91-F6C6-2E0E-66825E90969E', 'D3CC81A1-4699-56D6-391C-62F35B4DA2B8', '145beece-5eac-533e-91b6-f23ac8bf46fe', 'rad3d3fb95a-2adb-3048-b15e-6077dd17973e', '2', '1-1.5小时'),
('C27DDECD-7DCE-092B-83E8-8C4101CD7C9D', 'F4322BA4-183B-25DF-7285-774667C0F36A', '91002316-00c9-9553-e567-f0f07f75ac58', 'rad2e79ae09-eb70-d724-0370-fe83ae5a429c', '0', '从不'),
('C3150674-1D01-4E79-C3D2-36C0377BE6A4', '026765AB-A2F6-C670-23E0-9FA882D1306A', '91002316-00c9-9553-e567-f0f07f75ac58', 'rad2e79ae09-eb70-d724-0370-fe83ae5a429c', '3', '总是'),
('C33A6B4D-98B0-D94B-F855-FFE9EDB20332', 'CD83271F-5EC4-253F-7F2E-07CB2F7525D9', 'c7d9d4c4-9137-900c-9cd8-3d941ba8e82e', 'rad93900683-bca1-aefe-be1c-f0bf3b26e8a4', '0', '少于1米'),
('C37DB928-37CF-CD23-298D-86C173776599', 'DD7DA2CB-F771-3E46-D72B-FBD338702BBE', 'c7d9d4c4-9137-900c-9cd8-3d941ba8e82e', 'rad93900683-bca1-aefe-be1c-f0bf3b26e8a4', '1', '1-2米'),
('C3C65658-7581-BD28-7C97-3CAF06C19C01', '66F182F0-FD27-9737-F85C-F7FD301F3621', '9c705ae0-d36e-3de9-138c-4e782190eb18', 'rad7fc0127f-d93f-914e-bb91-ea62b458f9f9', '0', '从不'),
('C3DE3C98-F207-4F0D-C27B-452CC5FA74BD', '4A0B15D3-8A26-CB4F-F75E-8950D45F494F', '6a1fe386-2add-0f8b-661c-de506d475b21', 'radc797a541-2c01-03bd-0500-e390bbe83822', '2', '31-50厘米'),
('C3E498BF-6FA7-19FA-C817-519F86DB3E97', 'C2CF7220-17A0-EE89-F8B2-9F62976F72F3', 'e566e989-65fd-f8b2-1679-ebe41475503d', 'rad7b4df87c-dbb7-7ccd-eb36-ed00a20c718b', '2,4,5,8', '交替望远望近休息眼睛,闭目休息眼睛,户外活动休息眼睛,看绿色植物休息眼睛'),
('C3F95471-4F73-7672-3242-65342223055A', '026765AB-A2F6-C670-23E0-9FA882D1306A', '9ae5d237-cbc8-9749-5437-84426c6da284', 'rad439643f6-89be-599c-d173-d8808902d3c5', '5', '从不休息'),
('C3FD53FF-0465-D79E-0A00-1C3B9EF44357', '72870223-8FDD-5A6E-4F73-EE48BF56C58A', '67c32e3e-ae1f-8274-370b-d88c6b33a53e', 'radf2e9260e-eee6-3699-4b3e-16dcd727ed1a', '4', '超过2小时'),
('C406BE43-BB77-C583-0A48-CECBE9E2CE92', '31974BD1-6D95-F803-AD70-4559ADBA5890', 'e83cb158-83b4-a004-e4d5-ecfeda902fe5', 'rad37519809-e9d6-a9f3-961b-1a8c75b301bd', '2', '经常'),
('C40E62F7-CED4-B794-C34A-8C5D076B5F3C', '9FA3D59F-9DC2-E62C-84E6-7B5DD301D6C0', '9c705ae0-d36e-3de9-138c-4e782190eb18', 'rad7fc0127f-d93f-914e-bb91-ea62b458f9f9', '3', '总是'),
('C44B9B2A-A497-B0AF-105C-93F1FA267982', 'F37D1C10-F546-47AB-E844-63BF6C62881A', 'e566e989-65fd-f8b2-1679-ebe41475503d', 'rad7b4df87c-dbb7-7ccd-eb36-ed00a20c718b', '1,4', '轻微活动休息眼睛,闭目休息眼睛'),
('C453D190-BB8F-92FA-FADA-82BACE5DBEA9', '99A6D9E1-7736-A3EF-B801-B7A15B64D9A1', 'e566e989-65fd-f8b2-1679-ebe41475503d', 'rad7b4df87c-dbb7-7ccd-eb36-ed00a20c718b', '0,1,3,4,8', '远眺休息眼睛,轻微活动休息眼睛,做眼保健操休息眼睛,闭目休息眼睛,看绿色植物休息眼睛'),
('C463C61C-7108-5406-3D26-22D65935CAF8', '4E207B40-B9DD-972B-6B38-9E60A3EE80D6', 'e83cb158-83b4-a004-e4d5-ecfeda902fe5', 'rad37519809-e9d6-a9f3-961b-1a8c75b301bd', '0', '从不'),
('C4A576AA-8B23-4DBC-8C59-93D543946DBA', '63ECECE2-9057-5BF3-90D0-3212F3052C80', '91002316-00c9-9553-e567-f0f07f75ac58', 'rad2e79ae09-eb70-d724-0370-fe83ae5a429c', '1', '偶尔'),
('C4CF0907-94E2-62FF-F305-1ECE14A8F78F', 'F7689B92-C69C-A217-8C12-BEA7C248E8F6', '9ae5d237-cbc8-9749-5437-84426c6da284', 'rad439643f6-89be-599c-d173-d8808902d3c5', '2', '1-1.5小时'),
('C507CA9F-32D7-CF83-1AE0-937B1A439325', 'C652A5EE-4E23-617E-21D5-F359E1992010', 'e83cb158-83b4-a004-e4d5-ecfeda902fe5', 'rad37519809-e9d6-a9f3-961b-1a8c75b301bd', '2', '经常'),
('C5303047-CD5C-647E-6314-D17E63792B52', 'DA3636C9-417E-D8FC-7800-52F460768C00', 'c7d9d4c4-9137-900c-9cd8-3d941ba8e82e', 'rad93900683-bca1-aefe-be1c-f0bf3b26e8a4', '3', '超过3米'),
('C543F3E9-5D65-9CD8-1ABB-7A74BA7CF9FD', 'A6DB9643-ED27-94B5-F552-E26808164F4C', '4721c7c9-957d-eb74-04d1-bf0a47e60f76', 'rad2131f5b5-f094-248b-586b-0ac26f2e9a3c', '0', '少于10厘米'),
('c5f28436-fdd4-eff3-c3c2-486fe0b8f549', 'E0BA3932-5BA8-8C16-7867-6B8689B21BA5', 'e566e989-65fd-f8b2-1679-ebe41475503d', 'rad7b4df87c-dbb7-7ccd-eb36-ed00a20c718b', '0,1,2,8', '远眺休息眼睛,轻微活动休息眼睛,交替望远望近休息眼睛,看绿色植物休息眼睛'),
('C6A5B280-7DB5-E311-6E43-342BD0F94989', '5A96EEC7-F5ED-4158-60A0-70CA1A8B00B5', '5bc2c341-5b4b-b3a8-b208-1aba371a6f4f', 'radc91e1090-11f6-3208-c57f-cf560103d6ce', '0', '从不'),
('C6D96AA0-AD7E-A9A9-4B12-E51B80D25439', '495765A4-1659-0572-D78F-98E920B210B5', '91002316-00c9-9553-e567-f0f07f75ac58', 'rad2e79ae09-eb70-d724-0370-fe83ae5a429c', '0', '从不'),
('C6E0804E-371E-A75D-BCC4-19A489C44D3F', 'AFF85C0F-0FBE-798D-752A-751527612DAA', '9ae5d237-cbc8-9749-5437-84426c6da284', 'rad439643f6-89be-599c-d173-d8808902d3c5', '3', '1.5-2小时'),
('C6FB8C93-5282-4DA5-6C43-62BEEBA52385', 'A9479D2A-1659-3C66-8E53-FAF567636504', '91002316-00c9-9553-e567-f0f07f75ac58', 'rad2e79ae09-eb70-d724-0370-fe83ae5a429c', '3', '总是'),
('C732F727-0B3B-C87B-F083-8CC732EAA20A', 'D81DC3B3-E47D-3A8C-C338-EF4733374C13', '6a1fe386-2add-0f8b-661c-de506d475b21', 'radc797a541-2c01-03bd-0500-e390bbe83822', '1', '15-30厘米'),
('C737DB4A-2C2D-4D74-AFF4-430DFA1551DE', '5467762E-9C18-AE51-A3F1-915D5BFB21EE', 'e83cb158-83b4-a004-e4d5-ecfeda902fe5', 'rad37519809-e9d6-a9f3-961b-1a8c75b301bd', '0', '从不'),
('C754E359-AB7E-C7BD-0DC8-2110063C442A', '071CFB9A-B4A3-7541-3FD9-A31A6CED19A0', 'e83cb158-83b4-a004-e4d5-ecfeda902fe5', 'rad37519809-e9d6-a9f3-961b-1a8c75b301bd', '3', '总是'),
('C7B212F2-DA3C-CE79-4438-4F3EEA27B370', '93484759-D692-672D-9228-4C5AFCAA9ADF', '9ae5d237-cbc8-9749-5437-84426c6da284', 'rad439643f6-89be-599c-d173-d8808902d3c5', '0', '0.5小时以内'),
('C7B8E76E-B817-7EA3-E02C-DAF52934E0DE', '7008FFE4-D0A3-18B5-519E-98BF23E4D28F', '91002316-00c9-9553-e567-f0f07f75ac58', 'rad2e79ae09-eb70-d724-0370-fe83ae5a429c', '2', '经常'),
('C7D03D4C-0BF6-935A-6D6D-D3BA572F5A45', '4C24D38B-8E28-B833-067A-0D24DC5A06AA', '5bc2c341-5b4b-b3a8-b208-1aba371a6f4f', 'radc91e1090-11f6-3208-c57f-cf560103d6ce', '2', '经常'),
('C82D2A8F-92BA-2022-893E-D9CA525234A3', '63ECECE2-9057-5BF3-90D0-3212F3052C80', 'e566e989-65fd-f8b2-1679-ebe41475503d', 'rad7b4df87c-dbb7-7ccd-eb36-ed00a20c718b', '2', '交替望远望近休息眼睛'),
('C840DC25-22F9-CD8C-9B96-AD42FA6F5023', '63ECECE2-9057-5BF3-90D0-3212F3052C80', '4721c7c9-957d-eb74-04d1-bf0a47e60f76', 'rad2131f5b5-f094-248b-586b-0ac26f2e9a3c', '3', '超过30厘米'),
('C8F425E8-2F35-0BD0-1F02-89B2B6CEC99A', '92ED7B93-4A09-C1BD-17C3-01F30709A859', '9ae5d237-cbc8-9749-5437-84426c6da284', 'rad439643f6-89be-599c-d173-d8808902d3c5', '3', '1.5-2小时'),
('C8F5A635-D26B-A281-A040-95EC4622577B', 'CB525597-8FC9-1101-2719-2CEF8C7CF0E7', 'c7d9d4c4-9137-900c-9cd8-3d941ba8e82e', 'rad93900683-bca1-aefe-be1c-f0bf3b26e8a4', '0', '少于1米'),
('C91B1FEE-FC27-C61A-E0E4-C85BA69A9A84', '99A6D9E1-7736-A3EF-B801-B7A15B64D9A1', 'c7d9d4c4-9137-900c-9cd8-3d941ba8e82e', 'rad93900683-bca1-aefe-be1c-f0bf3b26e8a4', '1', '1-2米'),
('C960CA54-27EF-08F3-B420-09864D1576C8', '92ED7B93-4A09-C1BD-17C3-01F30709A859', '5bc2c341-5b4b-b3a8-b208-1aba371a6f4f', 'radc91e1090-11f6-3208-c57f-cf560103d6ce', '2', '经常'),
('C9690F3B-BC60-AF43-0908-7EC74FD9957C', 'D3CC81A1-4699-56D6-391C-62F35B4DA2B8', '9c705ae0-d36e-3de9-138c-4e782190eb18', 'rad7fc0127f-d93f-914e-bb91-ea62b458f9f9', '0', '从不'),
('C97F0BEA-BC46-CED9-72F7-00DBA4CC5D7D', 'B7D72601-8A15-1A95-C509-E439DDE324AE', '4721c7c9-957d-eb74-04d1-bf0a47e60f76', 'rad2131f5b5-f094-248b-586b-0ac26f2e9a3c', '3', '超过30厘米'),
('C9EB6740-9532-74BE-4DBC-BC73BA6E4CCB', 'F4322BA4-183B-25DF-7285-774667C0F36A', 'e83cb158-83b4-a004-e4d5-ecfeda902fe5', 'rad37519809-e9d6-a9f3-961b-1a8c75b301bd', '2', '经常'),
('C9FB7DEC-43E7-828D-8541-82733F65230C', '244E077B-1ECF-506A-D89A-1189662266D9', '145beece-5eac-533e-91b6-f23ac8bf46fe', 'rad3d3fb95a-2adb-3048-b15e-6077dd17973e', '4', '超过2小时'),
('CA4EB005-DA12-D860-16E9-8130F3594B5C', '8880E589-3970-162E-FFDD-8DE5744D79B9', '67c32e3e-ae1f-8274-370b-d88c6b33a53e', 'radf2e9260e-eee6-3699-4b3e-16dcd727ed1a', '5', '从不休息'),
('CA509292-DD85-5409-2A96-ABD600682D67', '0A30BF3B-B061-CEBF-52AE-D8C5611144C8', 'c7d9d4c4-9137-900c-9cd8-3d941ba8e82e', 'rad93900683-bca1-aefe-be1c-f0bf3b26e8a4', '0', '少于1米'),
('CA6403F7-7AF3-861B-803C-E1489BAC5E09', '0A30BF3B-B061-CEBF-52AE-D8C5611144C8', '4721c7c9-957d-eb74-04d1-bf0a47e60f76', 'rad2131f5b5-f094-248b-586b-0ac26f2e9a3c', '0', '少于10厘米'),
('CA77D47A-ED7E-FC3D-6661-8D92F3EE4032', 'C2CF7220-17A0-EE89-F8B2-9F62976F72F3', '6a1fe386-2add-0f8b-661c-de506d475b21', 'radc797a541-2c01-03bd-0500-e390bbe83822', '3', '超过50厘米'),
('CAB855DC-D266-866F-C4AA-AB8B2BC29A20', 'F7689B92-C69C-A217-8C12-BEA7C248E8F6', '6a1fe386-2add-0f8b-661c-de506d475b21', 'radc797a541-2c01-03bd-0500-e390bbe83822', '3', '超过50厘米'),
('CAE70D3E-D47C-AB96-3A22-5BD0E6ACD4D9', '98F141FB-2511-826C-471D-7668C10E2CFD', '4721c7c9-957d-eb74-04d1-bf0a47e60f76', 'rad2131f5b5-f094-248b-586b-0ac26f2e9a3c', '3', '超过30厘米'),
('CAF6CE07-C629-F5BD-05A2-87F17EAC342E', 'AB6B921B-753D-9027-4341-64CABC248921', '9ae5d237-cbc8-9749-5437-84426c6da284', 'rad439643f6-89be-599c-d173-d8808902d3c5', '5', '从不休息'),
('CBF2EE20-41BC-D50B-1360-BA8A1B113EB1', '7397EC4A-1473-987A-DA84-7FD15EE09BEB', '67c32e3e-ae1f-8274-370b-d88c6b33a53e', 'radf2e9260e-eee6-3699-4b3e-16dcd727ed1a', '4', '超过2小时'),
('CC1644A1-23C3-D5F3-92F7-D2C245E7EC35', '61539D46-2310-AAFE-1339-01B660CD4C66', '9c705ae0-d36e-3de9-138c-4e782190eb18', 'rad7fc0127f-d93f-914e-bb91-ea62b458f9f9', '2', '经常'),
('CC1B0889-63C7-08C8-48F0-812E62CB55F7', '594DED5C-E68E-3F48-4CE5-39FF7B6E748B', '145beece-5eac-533e-91b6-f23ac8bf46fe', 'rad3d3fb95a-2adb-3048-b15e-6077dd17973e', '3', '1.5-2小时'),
('CC299FE9-21DE-B9E5-B59F-943A7B68FDD0', 'CD83271F-5EC4-253F-7F2E-07CB2F7525D9', '6a1fe386-2add-0f8b-661c-de506d475b21', 'radc797a541-2c01-03bd-0500-e390bbe83822', '1', '15-30厘米'),
('CC9AAF6C-77CB-DECB-9E29-BE691CCF9469', '476E1E91-C9FC-7AC3-5776-6916ECC17162', 'c7d9d4c4-9137-900c-9cd8-3d941ba8e82e', 'rad93900683-bca1-aefe-be1c-f0bf3b26e8a4', '2', '2-3米'),
('CCFF3127-D726-BFDB-B9F6-BD69C421877E', '495765A4-1659-0572-D78F-98E920B210B5', 'e83cb158-83b4-a004-e4d5-ecfeda902fe5', 'rad37519809-e9d6-a9f3-961b-1a8c75b301bd', '2', '经常'),
('CD1EFF30-FB84-378E-814E-A2A2A5A4618F', 'A9EB8C13-5723-0267-7E50-458CFB1FBDE8', 'e83cb158-83b4-a004-e4d5-ecfeda902fe5', 'rad37519809-e9d6-a9f3-961b-1a8c75b301bd', '3', '总是'),
('CD2FC07A-65E8-CCD2-543A-C799FC7E6452', '6759C623-872D-0BF0-119B-34E079815692', 'e83cb158-83b4-a004-e4d5-ecfeda902fe5', 'rad37519809-e9d6-a9f3-961b-1a8c75b301bd', '3', '总是'),
('CD8B964B-DAF1-7E45-DAB8-4B561DC8AB72', 'FA76F62E-40C5-8251-1DE5-815C9EB00048', '039370e3-e2f6-b813-7ec7-7e0b844ddb4b', 'rad474bca01-e477-99b5-27f3-66d5ac270a60', '2', '不清楚'),
('CD9D62C5-EC22-3739-94D7-06C95D58ADBF', '1866C035-EFBE-F08D-FD20-6FEC88F5D73E', '67c32e3e-ae1f-8274-370b-d88c6b33a53e', 'radf2e9260e-eee6-3699-4b3e-16dcd727ed1a', '5', '从不休息'),
('CDB00C3E-D39C-7200-D482-9165E900D224', '01C3F245-74B1-CE18-8628-5E42233CD937', '9ae5d237-cbc8-9749-5437-84426c6da284', 'rad439643f6-89be-599c-d173-d8808902d3c5', '5', '从不休息'),
('CE011FC2-07CB-A1E2-1EA8-BD84E8E67912', 'CB525597-8FC9-1101-2719-2CEF8C7CF0E7', '4721c7c9-957d-eb74-04d1-bf0a47e60f76', 'rad2131f5b5-f094-248b-586b-0ac26f2e9a3c', '2', '21-30厘米'),
('CE1BCF6B-D99D-BADC-DB9A-8ABD7269204B', '01C3F245-74B1-CE18-8628-5E42233CD937', '039370e3-e2f6-b813-7ec7-7e0b844ddb4b', 'rad474bca01-e477-99b5-27f3-66d5ac270a60', '2', '不清楚'),
('CE70D9A6-DBDC-D746-647A-5DC80317397E', '20BAB38A-F4C2-919B-1F36-DD3800A5FB6D', '039370e3-e2f6-b813-7ec7-7e0b844ddb4b', 'rad474bca01-e477-99b5-27f3-66d5ac270a60', '2', '不清楚'),
('CED28130-1FB3-BBD7-B816-EAE8F5B6A611', '2DB3AC6D-A112-06A2-359B-9DF7E956280D', '9c705ae0-d36e-3de9-138c-4e782190eb18', 'rad7fc0127f-d93f-914e-bb91-ea62b458f9f9', '0', '从不'),
('CF06BABD-832F-0205-4FC9-40367294B6F0', 'B4CF14E0-7886-C20E-39AE-5923BCCE169F', '91002316-00c9-9553-e567-f0f07f75ac58', 'rad2e79ae09-eb70-d724-0370-fe83ae5a429c', '2', '经常'),
('CF1EB8DF-CB66-B3BF-F099-828B27AB1239', 'DD7DA2CB-F771-3E46-D72B-FBD338702BBE', '4721c7c9-957d-eb74-04d1-bf0a47e60f76', 'rad2131f5b5-f094-248b-586b-0ac26f2e9a3c', '0', '少于10厘米'),
('CF2859E1-4A4D-DBE6-9F00-C5AAAD85219B', '0A30BF3B-B061-CEBF-52AE-D8C5611144C8', '9c705ae0-d36e-3de9-138c-4e782190eb18', 'rad7fc0127f-d93f-914e-bb91-ea62b458f9f9', '3', '总是'),
('CF53C5BB-DD43-047A-68DA-065936939800', 'C30F948F-4C43-9A47-A02E-29B3DFF2047F', '6a1fe386-2add-0f8b-661c-de506d475b21', 'radc797a541-2c01-03bd-0500-e390bbe83822', '3', '超过50厘米'),
('CF699082-8A7D-0F0E-F7E9-81D933B4C760', '01C3F245-74B1-CE18-8628-5E42233CD937', '145beece-5eac-533e-91b6-f23ac8bf46fe', 'rad3d3fb95a-2adb-3048-b15e-6077dd17973e', '5', '从不休息'),
('D01C9446-234B-E0E1-5EBB-AA550E87366D', '7D935D58-CA4D-4104-A9BF-9847252749CD', 'e83cb158-83b4-a004-e4d5-ecfeda902fe5', 'rad37519809-e9d6-a9f3-961b-1a8c75b301bd', '0', '从不'),
('D0341970-B1D4-BD7B-2D12-B5470F0DAD65', '026765AB-A2F6-C670-23E0-9FA882D1306A', '67c32e3e-ae1f-8274-370b-d88c6b33a53e', 'radf2e9260e-eee6-3699-4b3e-16dcd727ed1a', '2', '1-1.5小时'),
('D03AAF62-DD8F-29C0-9CE0-3838BD058877', '20B9DF5E-4829-36B1-B9AF-936A3ABE4E82', '67c32e3e-ae1f-8274-370b-d88c6b33a53e', 'radf2e9260e-eee6-3699-4b3e-16dcd727ed1a', '1', '0.5-1小时'),
('D075539D-69A3-B137-CB4B-ACF344B9BD98', '2DB3AC6D-A112-06A2-359B-9DF7E956280D', '5bc2c341-5b4b-b3a8-b208-1aba371a6f4f', 'radc91e1090-11f6-3208-c57f-cf560103d6ce', '0', '从不'),
('D07B967F-6EF0-D21B-8419-8F5775CA27CA', 'CD83271F-5EC4-253F-7F2E-07CB2F7525D9', '9ae5d237-cbc8-9749-5437-84426c6da284', 'rad439643f6-89be-599c-d173-d8808902d3c5', '0', '0.5小时以内'),
('D0AB0ABC-7E82-D534-38A5-F71CE2C135E8', '8FDAFC98-136D-30F6-CF6B-B8845F3685BD', '67c32e3e-ae1f-8274-370b-d88c6b33a53e', 'radf2e9260e-eee6-3699-4b3e-16dcd727ed1a', '0', '0.5小时以内'),
('D1125AE9-4FA5-62A6-9B38-6DD3106C161A', '80FFED84-104B-6235-B9E0-8AB8D9812941', '91002316-00c9-9553-e567-f0f07f75ac58', 'rad2e79ae09-eb70-d724-0370-fe83ae5a429c', '1', '偶尔'),
('D1210100-50CF-9D10-3695-5A497871D982', '7397EC4A-1473-987A-DA84-7FD15EE09BEB', '4721c7c9-957d-eb74-04d1-bf0a47e60f76', 'rad2131f5b5-f094-248b-586b-0ac26f2e9a3c', '3', '超过30厘米'),
('D1BA7BBA-243D-606D-0EF6-6FB2CD1E0B69', '0D5833DE-6F06-A80C-6162-CB03A6224EAC', '4721c7c9-957d-eb74-04d1-bf0a47e60f76', 'rad2131f5b5-f094-248b-586b-0ac26f2e9a3c', '1', '11-20厘米'),
('D1FC9BF6-CB36-4D3D-FF55-28247C3FBB02', 'E2020DE8-9EB7-16D0-D801-C6CF6ECAFD7C', '67c32e3e-ae1f-8274-370b-d88c6b33a53e', 'radf2e9260e-eee6-3699-4b3e-16dcd727ed1a', '5', '从不休息'),
('D20FBD6C-39F5-6272-6EDB-765CBA0B2AB9', 'B4CF14E0-7886-C20E-39AE-5923BCCE169F', '6a1fe386-2add-0f8b-661c-de506d475b21', 'radc797a541-2c01-03bd-0500-e390bbe83822', '2', '31-50厘米'),
('D2336DF1-6262-72C3-2FEE-02143FFEB6A2', '920AB2EB-8296-D706-0DA4-EC8F6CB970AB', '9ae5d237-cbc8-9749-5437-84426c6da284', 'rad439643f6-89be-599c-d173-d8808902d3c5', '4', '超过2小时'),
('D2363DBD-5C0D-4350-1B55-3B55D2215E7F', 'B1F7DED9-D53E-E265-6749-7A3C93743573', '67c32e3e-ae1f-8274-370b-d88c6b33a53e', 'radf2e9260e-eee6-3699-4b3e-16dcd727ed1a', '5', '从不休息'),
('D25C0FF3-3B2F-7994-990B-8B432CBDE1F7', '99A6D9E1-7736-A3EF-B801-B7A15B64D9A1', '6a1fe386-2add-0f8b-661c-de506d475b21', 'radc797a541-2c01-03bd-0500-e390bbe83822', '2', '31-50厘米'),
('D2BAEF92-EF6C-9089-0656-827337FAAEF4', 'BF0D0869-87B5-62DA-0F21-4459A8BE911C', '145beece-5eac-533e-91b6-f23ac8bf46fe', 'rad3d3fb95a-2adb-3048-b15e-6077dd17973e', '1', '0.5-1小时'),
('D2BD2296-FDD9-8BF8-CB72-39C413EE719C', 'FA76F62E-40C5-8251-1DE5-815C9EB00048', 'c7d9d4c4-9137-900c-9cd8-3d941ba8e82e', 'rad93900683-bca1-aefe-be1c-f0bf3b26e8a4', '1', '1-2米'),
('D375DDAE-3D51-8CAD-1FC2-C952D9E1500A', '479CD03A-3725-D961-AF8A-FB1FA8FC138B', '67c32e3e-ae1f-8274-370b-d88c6b33a53e', 'radf2e9260e-eee6-3699-4b3e-16dcd727ed1a', '4', '超过2小时'),
('D397122E-2E66-56E1-FCA0-3B8E27033F5D', '0861E976-846A-3786-FD6C-A7AFB67773FF', 'e83cb158-83b4-a004-e4d5-ecfeda902fe5', 'rad37519809-e9d6-a9f3-961b-1a8c75b301bd', '2', '经常'),
('D3C8E6A0-97D9-014B-B4E7-AFA70309100C', '476763BF-3A7E-59C3-B6FC-FD9ED7EE91DD', '4721c7c9-957d-eb74-04d1-bf0a47e60f76', 'rad2131f5b5-f094-248b-586b-0ac26f2e9a3c', '0', '少于10厘米'),
('D3DEA125-9667-858F-AC1D-79CF4AB45B08', '484F2F03-9639-05F6-084B-FA7E4903C7C3', '4721c7c9-957d-eb74-04d1-bf0a47e60f76', 'rad2131f5b5-f094-248b-586b-0ac26f2e9a3c', '2', '21-30厘米'),
('D3FAEA67-57BC-F707-C09B-A5A9A7877CF0', '3B8CB567-353D-A73D-51F8-EEE5200DF84C', 'e83cb158-83b4-a004-e4d5-ecfeda902fe5', 'rad37519809-e9d6-a9f3-961b-1a8c75b301bd', '3', '总是'),
('D404E37B-B8B6-AC07-29BD-D102D56A666C', '01C3F245-74B1-CE18-8628-5E42233CD937', 'e566e989-65fd-f8b2-1679-ebe41475503d', 'rad7b4df87c-dbb7-7ccd-eb36-ed00a20c718b', '0,2,3,4', '远眺休息眼睛,交替望远望近休息眼睛,做眼保健操休息眼睛,闭目休息眼睛'),
('D4279DF3-9ED9-BE21-CBF8-D2749B0C883C', '594DED5C-E68E-3F48-4CE5-39FF7B6E748B', '9ae5d237-cbc8-9749-5437-84426c6da284', 'rad439643f6-89be-599c-d173-d8808902d3c5', '1', '0.5-1小时'),
('D4D6D626-FA41-2E17-D34A-DA33858B445F', 'C652A5EE-4E23-617E-21D5-F359E1992010', '6a1fe386-2add-0f8b-661c-de506d475b21', 'radc797a541-2c01-03bd-0500-e390bbe83822', '2', '31-50厘米'),
('D55B57E7-ABB3-FFAF-2701-D39F689930D0', '66F182F0-FD27-9737-F85C-F7FD301F3621', '91002316-00c9-9553-e567-f0f07f75ac58', 'rad2e79ae09-eb70-d724-0370-fe83ae5a429c', '0', '从不'),
('D563896F-70CE-4916-AB44-7C3F4CCC8953', 'AFF85C0F-0FBE-798D-752A-751527612DAA', '9c705ae0-d36e-3de9-138c-4e782190eb18', 'rad7fc0127f-d93f-914e-bb91-ea62b458f9f9', '0', '从不'),
('D5950EDE-FCA1-F451-D4DE-EF968DB0630D', '4DFE1916-B0F0-1AFE-031D-41440DCCA55B', 'c7d9d4c4-9137-900c-9cd8-3d941ba8e82e', 'rad93900683-bca1-aefe-be1c-f0bf3b26e8a4', '3', '超过3米'),
('D5A37C85-69CD-B90B-C16F-1895A61AAF00', '7397EC4A-1473-987A-DA84-7FD15EE09BEB', '145beece-5eac-533e-91b6-f23ac8bf46fe', 'rad3d3fb95a-2adb-3048-b15e-6077dd17973e', '3', '1.5-2小时'),
('D65A3E3C-E958-8975-1ABB-78CF48B20D19', '98AF264E-03BA-4966-CCB1-3EE02FA46455', '6a1fe386-2add-0f8b-661c-de506d475b21', 'radc797a541-2c01-03bd-0500-e390bbe83822', '1', '15-30厘米'),
('D69A0558-375B-0B88-1E6E-509FB906C06B', 'ED9FC926-8476-8046-F2F7-BC1A0BA1E4D5', '145beece-5eac-533e-91b6-f23ac8bf46fe', 'rad3d3fb95a-2adb-3048-b15e-6077dd17973e', '3', '1.5-2小时'),
('D70FC8A8-5E5B-9949-B6C1-A3699C39ADAC', '98F141FB-2511-826C-471D-7668C10E2CFD', '91002316-00c9-9553-e567-f0f07f75ac58', 'rad2e79ae09-eb70-d724-0370-fe83ae5a429c', '2', '经常'),
('D7952202-7CE8-502D-5DD5-3D6883E5E6B8', 'B4CF14E0-7886-C20E-39AE-5923BCCE169F', 'c7d9d4c4-9137-900c-9cd8-3d941ba8e82e', 'rad93900683-bca1-aefe-be1c-f0bf3b26e8a4', '3', '超过3米'),
('D7A3A6B6-50B9-B99A-5F6C-C630506D29E9', '8FDAFC98-136D-30F6-CF6B-B8845F3685BD', 'e566e989-65fd-f8b2-1679-ebe41475503d', 'rad7b4df87c-dbb7-7ccd-eb36-ed00a20c718b', '1,2,4,5,8', '轻微活动休息眼睛,交替望远望近休息眼睛,闭目休息眼睛,户外活动休息眼睛,看绿色植物休息眼睛'),
('D7DD14EE-1A3B-C525-9DF8-FB94F322C195', 'B670929B-C8F0-DD41-C3E2-DE3501F72643', 'e566e989-65fd-f8b2-1679-ebe41475503d', 'rad7b4df87c-dbb7-7ccd-eb36-ed00a20c718b', '4', '闭目休息眼睛'),
('D82538CF-69C1-C159-3DA7-6E502CC3864A', 'DA3636C9-417E-D8FC-7800-52F460768C00', '9ae5d237-cbc8-9749-5437-84426c6da284', 'rad439643f6-89be-599c-d173-d8808902d3c5', '1', '0.5-1小时'),
('D84FF36E-D9A8-C4E9-9CBF-A90F98FF2501', '4DFE1916-B0F0-1AFE-031D-41440DCCA55B', '5bc2c341-5b4b-b3a8-b208-1aba371a6f4f', 'radc91e1090-11f6-3208-c57f-cf560103d6ce', '3', '总是'),
('D875AA1A-5CC4-1F08-CCBF-57E346B55153', '071CFB9A-B4A3-7541-3FD9-A31A6CED19A0', '9c705ae0-d36e-3de9-138c-4e782190eb18', 'rad7fc0127f-d93f-914e-bb91-ea62b458f9f9', '3', '总是'),
('D89C6864-972E-AC2F-1499-5E4CD005F8B7', '5467762E-9C18-AE51-A3F1-915D5BFB21EE', 'e566e989-65fd-f8b2-1679-ebe41475503d', 'rad7b4df87c-dbb7-7ccd-eb36-ed00a20c718b', '0,3,4', '远眺休息眼睛,做眼保健操休息眼睛,闭目休息眼睛'),
('D8D35D82-96B6-D9DB-E22F-F92351EFED5C', 'E295B98F-DA83-5E72-4401-8D6DAC3F0DBB', '91002316-00c9-9553-e567-f0f07f75ac58', 'rad2e79ae09-eb70-d724-0370-fe83ae5a429c', '1', '偶尔'),
('D9646FEF-F63C-238B-9BA6-CDFC4D4373E0', '80FFED84-104B-6235-B9E0-8AB8D9812941', '039370e3-e2f6-b813-7ec7-7e0b844ddb4b', 'rad474bca01-e477-99b5-27f3-66d5ac270a60', '2', '不清楚'),
('D96E3EDC-EB9D-D2E9-1B67-0B9284F365F4', '4A0B15D3-8A26-CB4F-F75E-8950D45F494F', '67c32e3e-ae1f-8274-370b-d88c6b33a53e', 'radf2e9260e-eee6-3699-4b3e-16dcd727ed1a', '3', '1.5-2小时'),
('D9BEF7F1-4821-978C-3EAB-E6FEF8C24D68', '7D935D58-CA4D-4104-A9BF-9847252749CD', '039370e3-e2f6-b813-7ec7-7e0b844ddb4b', 'rad474bca01-e477-99b5-27f3-66d5ac270a60', '1', '否'),
('D9D232E9-9A51-7901-0BA9-343526D9550A', '0861E976-846A-3786-FD6C-A7AFB67773FF', '67c32e3e-ae1f-8274-370b-d88c6b33a53e', 'radf2e9260e-eee6-3699-4b3e-16dcd727ed1a', '5', '从不休息'),
('DA52B35C-4675-67A6-725C-3ADB8A10211C', '44BF359D-3BD7-5547-3867-1D187F64433A', '5bc2c341-5b4b-b3a8-b208-1aba371a6f4f', 'radc91e1090-11f6-3208-c57f-cf560103d6ce', '3', '总是'),
('DAB4DD7C-E2FC-86B4-E17B-3FFCE087A250', '4DFE1916-B0F0-1AFE-031D-41440DCCA55B', 'e566e989-65fd-f8b2-1679-ebe41475503d', 'rad7b4df87c-dbb7-7ccd-eb36-ed00a20c718b', '3', '做眼保健操休息眼睛'),
('DAE68B96-CF79-5E0E-327A-7665E6BDC90F', 'F657097C-B5DA-BF72-CAE3-0EE04A85B891', 'c7d9d4c4-9137-900c-9cd8-3d941ba8e82e', 'rad93900683-bca1-aefe-be1c-f0bf3b26e8a4', '1', '1-2米'),
('DAEA3A7F-4C99-3AD9-5439-8150D8B9F463', '98AF264E-03BA-4966-CCB1-3EE02FA46455', '5bc2c341-5b4b-b3a8-b208-1aba371a6f4f', 'radc91e1090-11f6-3208-c57f-cf560103d6ce', '2', '经常'),
('DAF56F0B-94B6-4A40-1945-687AFE61C020', '3BB1A79F-34CA-166F-DF0D-3F3203DB26EF', '145beece-5eac-533e-91b6-f23ac8bf46fe', 'rad3d3fb95a-2adb-3048-b15e-6077dd17973e', '1', '0.5-1小时'),
('DB01DBF3-DEDC-1B49-51AE-E2E3D5CB1850', '244E077B-1ECF-506A-D89A-1189662266D9', '4721c7c9-957d-eb74-04d1-bf0a47e60f76', 'rad2131f5b5-f094-248b-586b-0ac26f2e9a3c', '2', '21-30厘米'),
('DB031001-8F3A-9F83-2E61-576AC1EF08D3', 'D81DC3B3-E47D-3A8C-C338-EF4733374C13', '4721c7c9-957d-eb74-04d1-bf0a47e60f76', 'rad2131f5b5-f094-248b-586b-0ac26f2e9a3c', '3', '超过30厘米'),
('DB210E4F-FF74-5A36-5AA3-661A7F3B1B47', 'F657097C-B5DA-BF72-CAE3-0EE04A85B891', '4721c7c9-957d-eb74-04d1-bf0a47e60f76', 'rad2131f5b5-f094-248b-586b-0ac26f2e9a3c', '2', '21-30厘米'),
('DB36F2F3-72EE-5F52-8C33-0CD4925FC4CF', 'F9A6B033-FED8-5917-4D8E-08326A5E5669', 'c7d9d4c4-9137-900c-9cd8-3d941ba8e82e', 'rad93900683-bca1-aefe-be1c-f0bf3b26e8a4', '3', '超过3米'),
('DB5723B0-0B7C-7351-0A7E-46D9AB496D36', 'B2D6D6A2-38BC-F8A7-58D8-6CBEB1AB926D', '4721c7c9-957d-eb74-04d1-bf0a47e60f76', 'rad2131f5b5-f094-248b-586b-0ac26f2e9a3c', '1', '11-20厘米'),
('DB92BD12-A9A6-C6A0-A768-EFB98F1A6EC6', '3BB1A79F-34CA-166F-DF0D-3F3203DB26EF', '91002316-00c9-9553-e567-f0f07f75ac58', 'rad2e79ae09-eb70-d724-0370-fe83ae5a429c', '1', '偶尔'),
('DBD650AF-2104-165E-3188-A29836304BBD', '4E207B40-B9DD-972B-6B38-9E60A3EE80D6', '145beece-5eac-533e-91b6-f23ac8bf46fe', 'rad3d3fb95a-2adb-3048-b15e-6077dd17973e', '4', '超过2小时'),
('DC3E733C-5F41-7CAB-F85C-8DB71712C1CD', 'CD83271F-5EC4-253F-7F2E-07CB2F7525D9', '145beece-5eac-533e-91b6-f23ac8bf46fe', 'rad3d3fb95a-2adb-3048-b15e-6077dd17973e', '1', '0.5-1小时'),
('DC8BA344-852D-2BB7-7121-057F2A8B45F7', 'C652A5EE-4E23-617E-21D5-F359E1992010', '039370e3-e2f6-b813-7ec7-7e0b844ddb4b', 'rad474bca01-e477-99b5-27f3-66d5ac270a60', '0', '是'),
('DD29C797-4873-E19D-6C52-53E5EDBF029B', '476763BF-3A7E-59C3-B6FC-FD9ED7EE91DD', 'c7d9d4c4-9137-900c-9cd8-3d941ba8e82e', 'rad93900683-bca1-aefe-be1c-f0bf3b26e8a4', '3', '超过3米');
INSERT INTO `quiz_data` (`recordID`, `childQuizID`, `askID`, `eleID`, `answerContent`, `statisticalValue`) VALUES
('DD448210-68D8-2E3A-E3F0-9111EE5A397B', 'DD7DA2CB-F771-3E46-D72B-FBD338702BBE', 'e83cb158-83b4-a004-e4d5-ecfeda902fe5', 'rad37519809-e9d6-a9f3-961b-1a8c75b301bd', '0', '从不'),
('DD4D4467-FC31-23E9-48B1-0074C4D6A2E5', '9FA3D59F-9DC2-E62C-84E6-7B5DD301D6C0', '039370e3-e2f6-b813-7ec7-7e0b844ddb4b', 'rad474bca01-e477-99b5-27f3-66d5ac270a60', '2', '不清楚'),
('ddbf1aca-cd7e-5f41-08dd-e8e97da5ba6e', '46e3c57b-3120-a670-2112-88729700a769', 'e566e989-65fd-f8b2-1679-ebe41475503d', 'rad7b4df87c-dbb7-7ccd-eb36-ed00a20c718b', '0,1', '远眺休息眼睛,轻微活动休息眼睛'),
('DDCA4BEB-9A0A-E61A-2B30-25675B084AAF', '030BDFF9-5BDF-A203-ECE8-DD68B137B6D7', 'e566e989-65fd-f8b2-1679-ebe41475503d', 'rad7b4df87c-dbb7-7ccd-eb36-ed00a20c718b', '0,3', '远眺休息眼睛,做眼保健操休息眼睛'),
('DDF0E2BD-0F11-B918-D8EE-5FE61C2027A5', 'C35BA2FC-EC9A-60DE-C617-27A3A166F44E', '145beece-5eac-533e-91b6-f23ac8bf46fe', 'rad3d3fb95a-2adb-3048-b15e-6077dd17973e', '1', '0.5-1小时'),
('DE146411-1A02-6BD1-311D-4EFDEC3E59BD', '68812A2B-64C1-1E9F-3DB3-DF1E468C3608', '145beece-5eac-533e-91b6-f23ac8bf46fe', 'rad3d3fb95a-2adb-3048-b15e-6077dd17973e', '4', '超过2小时'),
('DE7B788F-A001-CC44-E4A7-84E7FCCAE718', 'AB6B921B-753D-9027-4341-64CABC248921', 'c7d9d4c4-9137-900c-9cd8-3d941ba8e82e', 'rad93900683-bca1-aefe-be1c-f0bf3b26e8a4', '2', '2-3米'),
('DEED8A13-4239-FDC2-5C55-B48215C93EFD', '484F2F03-9639-05F6-084B-FA7E4903C7C3', 'e566e989-65fd-f8b2-1679-ebe41475503d', 'rad7b4df87c-dbb7-7ccd-eb36-ed00a20c718b', '0,2,3,4,5', '远眺休息眼睛,交替望远望近休息眼睛,做眼保健操休息眼睛,闭目休息眼睛,户外活动休息眼睛'),
('DF3C0336-B32F-2676-3DFD-4DF92BAB75B7', '68812A2B-64C1-1E9F-3DB3-DF1E468C3608', '4721c7c9-957d-eb74-04d1-bf0a47e60f76', 'rad2131f5b5-f094-248b-586b-0ac26f2e9a3c', '3', '超过30厘米'),
('DF3DAB7E-7CB5-67B5-2AF7-10FA6F3659B1', '63ECECE2-9057-5BF3-90D0-3212F3052C80', 'e83cb158-83b4-a004-e4d5-ecfeda902fe5', 'rad37519809-e9d6-a9f3-961b-1a8c75b301bd', '1', '偶尔'),
('DF42EB18-753C-A8D7-DCC6-E0FAE06EB0B4', '44BF359D-3BD7-5547-3867-1D187F64433A', '9c705ae0-d36e-3de9-138c-4e782190eb18', 'rad7fc0127f-d93f-914e-bb91-ea62b458f9f9', '3', '总是'),
('DF615546-5DA3-A53D-1362-1F654EC98642', 'ED9FC926-8476-8046-F2F7-BC1A0BA1E4D5', '91002316-00c9-9553-e567-f0f07f75ac58', 'rad2e79ae09-eb70-d724-0370-fe83ae5a429c', '1', '偶尔'),
('DF668523-D8F4-4BF2-3B26-2888C206678B', '5A96EEC7-F5ED-4158-60A0-70CA1A8B00B5', '9ae5d237-cbc8-9749-5437-84426c6da284', 'rad439643f6-89be-599c-d173-d8808902d3c5', '3', '1.5-2小时'),
('DF6FDED5-EF62-D5F3-50B0-60877FC4F79A', '5432EE5D-D471-FDB2-A461-715E9D202896', '5bc2c341-5b4b-b3a8-b208-1aba371a6f4f', 'radc91e1090-11f6-3208-c57f-cf560103d6ce', '3', '总是'),
('DF7204DD-46A1-5A5E-3DE4-5AAC87554220', '5A96EEC7-F5ED-4158-60A0-70CA1A8B00B5', '91002316-00c9-9553-e567-f0f07f75ac58', 'rad2e79ae09-eb70-d724-0370-fe83ae5a429c', '0', '从不'),
('DF7A9961-ADB5-1EA5-4728-953027BDCE97', '4A0B15D3-8A26-CB4F-F75E-8950D45F494F', '9c705ae0-d36e-3de9-138c-4e782190eb18', 'rad7fc0127f-d93f-914e-bb91-ea62b458f9f9', '0', '从不'),
('DFBA2C0E-5FA3-2145-05A6-741057D9F547', 'C2CF7220-17A0-EE89-F8B2-9F62976F72F3', '9c705ae0-d36e-3de9-138c-4e782190eb18', 'rad7fc0127f-d93f-914e-bb91-ea62b458f9f9', '3', '总是'),
('E08CE032-454F-6846-BFD3-1FD33FB6C890', '8061CF45-8F9F-13E3-B29C-58B1DFC93FA0', '9c705ae0-d36e-3de9-138c-4e782190eb18', 'rad7fc0127f-d93f-914e-bb91-ea62b458f9f9', '2', '经常'),
('E0B2BD47-3E87-DEFB-C3C0-10921A3A9B9D', 'B922226B-47DD-8B63-449B-383E9A8B2F7A', '91002316-00c9-9553-e567-f0f07f75ac58', 'rad2e79ae09-eb70-d724-0370-fe83ae5a429c', '1', '偶尔'),
('E0C3F144-6FE2-C3CD-1242-FB125A58E1F8', '3B8CB567-353D-A73D-51F8-EEE5200DF84C', '5bc2c341-5b4b-b3a8-b208-1aba371a6f4f', 'radc91e1090-11f6-3208-c57f-cf560103d6ce', '0', '从不'),
('E10B61EF-EC11-3CD2-F435-1FE8C92843A4', 'C652A5EE-4E23-617E-21D5-F359E1992010', 'c7d9d4c4-9137-900c-9cd8-3d941ba8e82e', 'rad93900683-bca1-aefe-be1c-f0bf3b26e8a4', '1', '1-2米'),
('E14E597F-99DD-A40C-F45A-B3743DE609D9', 'D36013E4-8995-4DB2-6F59-51E50DE6D0BF', 'e83cb158-83b4-a004-e4d5-ecfeda902fe5', 'rad37519809-e9d6-a9f3-961b-1a8c75b301bd', '3', '总是'),
('E15461A8-4C4D-8286-8AA8-A97173ADD851', 'F67ADE68-69FE-CE59-7008-E63B1F91E5AB', '039370e3-e2f6-b813-7ec7-7e0b844ddb4b', 'rad474bca01-e477-99b5-27f3-66d5ac270a60', '0', '是'),
('E15E1F2E-97F2-9E2D-7AD6-43606B7D57E5', '4E207B40-B9DD-972B-6B38-9E60A3EE80D6', '4721c7c9-957d-eb74-04d1-bf0a47e60f76', 'rad2131f5b5-f094-248b-586b-0ac26f2e9a3c', '2', '21-30厘米'),
('E199C1AC-54C2-8513-935F-431A0BA7CEC3', 'B4CF14E0-7886-C20E-39AE-5923BCCE169F', '5bc2c341-5b4b-b3a8-b208-1aba371a6f4f', 'radc91e1090-11f6-3208-c57f-cf560103d6ce', '3', '总是'),
('E1AC9641-27F7-38B9-8AE9-357850C3FF96', '1866C035-EFBE-F08D-FD20-6FEC88F5D73E', '9c705ae0-d36e-3de9-138c-4e782190eb18', 'rad7fc0127f-d93f-914e-bb91-ea62b458f9f9', '1', '偶尔'),
('E1C21460-896A-94D1-D992-783510EFBE58', 'C30F948F-4C43-9A47-A02E-29B3DFF2047F', '145beece-5eac-533e-91b6-f23ac8bf46fe', 'rad3d3fb95a-2adb-3048-b15e-6077dd17973e', '2', '1-1.5小时'),
('E1CBCE29-1560-7FEA-9E59-6515AFAF4A14', '7008FFE4-D0A3-18B5-519E-98BF23E4D28F', 'e566e989-65fd-f8b2-1679-ebe41475503d', 'rad7b4df87c-dbb7-7ccd-eb36-ed00a20c718b', '1', '轻微活动休息眼睛'),
('E2333545-61C2-A7BF-7A69-BA91DB7BCFA8', '44BF359D-3BD7-5547-3867-1D187F64433A', 'c7d9d4c4-9137-900c-9cd8-3d941ba8e82e', 'rad93900683-bca1-aefe-be1c-f0bf3b26e8a4', '0', '少于1米'),
('E2D170CA-1F32-2322-C2CC-3CCDC2477982', '3BB1A79F-34CA-166F-DF0D-3F3203DB26EF', '4721c7c9-957d-eb74-04d1-bf0a47e60f76', 'rad2131f5b5-f094-248b-586b-0ac26f2e9a3c', '2', '21-30厘米'),
('E31B3A81-025C-7853-09F1-D9461F3EE824', 'F67ADE68-69FE-CE59-7008-E63B1F91E5AB', 'e566e989-65fd-f8b2-1679-ebe41475503d', 'rad7b4df87c-dbb7-7ccd-eb36-ed00a20c718b', '2,4', '交替望远望近休息眼睛,闭目休息眼睛'),
('E3A819D2-941D-9192-F6DF-909A635EA76A', 'C3BBC740-0938-2D72-821D-D05A30E3EBF4', '039370e3-e2f6-b813-7ec7-7e0b844ddb4b', 'rad474bca01-e477-99b5-27f3-66d5ac270a60', '1', '否'),
('E3F63743-D093-61B0-64F9-22E6691F2535', '4E207B40-B9DD-972B-6B38-9E60A3EE80D6', '5bc2c341-5b4b-b3a8-b208-1aba371a6f4f', 'radc91e1090-11f6-3208-c57f-cf560103d6ce', '1', '偶尔'),
('E426F1CB-B088-DEDC-EFD2-9FFD20522C17', 'B922226B-47DD-8B63-449B-383E9A8B2F7A', '6a1fe386-2add-0f8b-661c-de506d475b21', 'radc797a541-2c01-03bd-0500-e390bbe83822', '0', '少于15厘米'),
('e43833ed-1405-0f88-ca36-d2711d1d4b81', 'E0BA3932-5BA8-8C16-7867-6B8689B21BA5', '67c32e3e-ae1f-8274-370b-d88c6b33a53e', 'radf2e9260e-eee6-3699-4b3e-16dcd727ed1a', '5', '从不休息'),
('E440A349-7BE0-945D-EB28-3D076D843021', 'D8580F15-04B8-E0B5-526A-EB7DD20B7C15', '4721c7c9-957d-eb74-04d1-bf0a47e60f76', 'rad2131f5b5-f094-248b-586b-0ac26f2e9a3c', '1', '11-20厘米'),
('E447A7E8-2116-A1F6-B043-6E09FE01307C', '4829D924-3E87-A91F-E1A8-F6060DF8962F', 'e566e989-65fd-f8b2-1679-ebe41475503d', 'rad7b4df87c-dbb7-7ccd-eb36-ed00a20c718b', '1,2,4,5', '轻微活动休息眼睛,交替望远望近休息眼睛,闭目休息眼睛,户外活动休息眼睛'),
('E44EB59D-D1F5-A655-D383-455C3A489216', '31974BD1-6D95-F803-AD70-4559ADBA5890', 'e566e989-65fd-f8b2-1679-ebe41475503d', 'rad7b4df87c-dbb7-7ccd-eb36-ed00a20c718b', '8', '看绿色植物休息眼睛'),
('E45235D1-2C8F-5828-0D49-57A55BE6072F', '2DB3AC6D-A112-06A2-359B-9DF7E956280D', '9ae5d237-cbc8-9749-5437-84426c6da284', 'rad439643f6-89be-599c-d173-d8808902d3c5', '1', '0.5-1小时'),
('E4717DBE-95C2-0363-10EA-A8C4190E2036', 'D3CC81A1-4699-56D6-391C-62F35B4DA2B8', '67c32e3e-ae1f-8274-370b-d88c6b33a53e', 'radf2e9260e-eee6-3699-4b3e-16dcd727ed1a', '5', '从不休息'),
('E4737679-C70C-363D-007B-CD2A96159EBA', '01C3F245-74B1-CE18-8628-5E42233CD937', 'c7d9d4c4-9137-900c-9cd8-3d941ba8e82e', 'rad93900683-bca1-aefe-be1c-f0bf3b26e8a4', '2', '2-3米'),
('E48EF73D-A54C-AB98-3D89-14B1D6A5A3E9', '01C3F245-74B1-CE18-8628-5E42233CD937', '6a1fe386-2add-0f8b-661c-de506d475b21', 'radc797a541-2c01-03bd-0500-e390bbe83822', '0', '少于15厘米'),
('E4E7105D-B1A9-3B90-DDAA-632C83B4A67A', 'DA3636C9-417E-D8FC-7800-52F460768C00', '9c705ae0-d36e-3de9-138c-4e782190eb18', 'rad7fc0127f-d93f-914e-bb91-ea62b458f9f9', '2', '经常'),
('E5115D00-E165-903A-6821-1F0A0B902FC8', '3B8CB567-353D-A73D-51F8-EEE5200DF84C', '9c705ae0-d36e-3de9-138c-4e782190eb18', 'rad7fc0127f-d93f-914e-bb91-ea62b458f9f9', '0', '从不'),
('E5B112B1-A3D6-3E19-6B6E-E5FE138D4D59', '68812A2B-64C1-1E9F-3DB3-DF1E468C3608', '91002316-00c9-9553-e567-f0f07f75ac58', 'rad2e79ae09-eb70-d724-0370-fe83ae5a429c', '1', '偶尔'),
('E5B4828A-769F-DF3A-1F01-70C02CEDCF0B', '594DED5C-E68E-3F48-4CE5-39FF7B6E748B', '5bc2c341-5b4b-b3a8-b208-1aba371a6f4f', 'radc91e1090-11f6-3208-c57f-cf560103d6ce', '2', '经常'),
('E5D120A4-3276-FDE5-B215-6DCD64760148', '476E1E91-C9FC-7AC3-5776-6916ECC17162', '039370e3-e2f6-b813-7ec7-7e0b844ddb4b', 'rad474bca01-e477-99b5-27f3-66d5ac270a60', '0', '是'),
('E6191645-1AC7-F89C-C90D-6667CA0A607C', '9FA3D59F-9DC2-E62C-84E6-7B5DD301D6C0', 'e566e989-65fd-f8b2-1679-ebe41475503d', 'rad7b4df87c-dbb7-7ccd-eb36-ed00a20c718b', '0,1,2,8', '远眺休息眼睛,轻微活动休息眼睛,交替望远望近休息眼睛,看绿色植物休息眼睛'),
('E64F84AF-39E6-A205-1537-F68991969C15', '6759C623-872D-0BF0-119B-34E079815692', '91002316-00c9-9553-e567-f0f07f75ac58', 'rad2e79ae09-eb70-d724-0370-fe83ae5a429c', '2', '经常'),
('E66825FE-9D5E-54F9-9E39-85267C7DBE22', 'C2CF7220-17A0-EE89-F8B2-9F62976F72F3', '91002316-00c9-9553-e567-f0f07f75ac58', 'rad2e79ae09-eb70-d724-0370-fe83ae5a429c', '0', '从不'),
('E6719F59-61BA-17BF-D381-DA390BE079C3', 'F657097C-B5DA-BF72-CAE3-0EE04A85B891', '039370e3-e2f6-b813-7ec7-7e0b844ddb4b', 'rad474bca01-e477-99b5-27f3-66d5ac270a60', '2', '不清楚'),
('E68E61B7-E27A-7FD0-CC1E-24197385B292', '4A0B15D3-8A26-CB4F-F75E-8950D45F494F', '145beece-5eac-533e-91b6-f23ac8bf46fe', 'rad3d3fb95a-2adb-3048-b15e-6077dd17973e', '1', '0.5-1小时'),
('E693C752-4911-192A-C8A0-DFC1875DC8FB', '0861E976-846A-3786-FD6C-A7AFB67773FF', '4721c7c9-957d-eb74-04d1-bf0a47e60f76', 'rad2131f5b5-f094-248b-586b-0ac26f2e9a3c', '3', '超过30厘米'),
('E69FEEAD-8591-C689-3A49-496036D29BAC', 'AFF85C0F-0FBE-798D-752A-751527612DAA', 'c7d9d4c4-9137-900c-9cd8-3d941ba8e82e', 'rad93900683-bca1-aefe-be1c-f0bf3b26e8a4', '3', '超过3米'),
('E7AB71FB-FD31-D4B4-AA68-3C5598064DDB', '98F141FB-2511-826C-471D-7668C10E2CFD', 'e83cb158-83b4-a004-e4d5-ecfeda902fe5', 'rad37519809-e9d6-a9f3-961b-1a8c75b301bd', '3', '总是'),
('E7CD2CDF-6225-CC1F-C035-0A7AF2CE2024', 'E8859928-868C-F675-560A-81C6C514FCC4', '145beece-5eac-533e-91b6-f23ac8bf46fe', 'rad3d3fb95a-2adb-3048-b15e-6077dd17973e', '3', '1.5-2小时'),
('E7E6DE1E-61B7-E2AD-5DDE-4B8A578BCAFB', 'F4322BA4-183B-25DF-7285-774667C0F36A', '145beece-5eac-533e-91b6-f23ac8bf46fe', 'rad3d3fb95a-2adb-3048-b15e-6077dd17973e', '2', '1-1.5小时'),
('E81877B9-AF5A-49F0-BC0E-F40573E1FB1A', '4C24D38B-8E28-B833-067A-0D24DC5A06AA', '9ae5d237-cbc8-9749-5437-84426c6da284', 'rad439643f6-89be-599c-d173-d8808902d3c5', '2', '1-1.5小时'),
('E86C6FD3-21A8-A40B-0FD0-D2B61774479D', '479CD03A-3725-D961-AF8A-FB1FA8FC138B', 'e83cb158-83b4-a004-e4d5-ecfeda902fe5', 'rad37519809-e9d6-a9f3-961b-1a8c75b301bd', '3', '总是'),
('E8A7E7DA-D756-AD78-46D0-F1F5CAFD42EA', 'C652A5EE-4E23-617E-21D5-F359E1992010', '91002316-00c9-9553-e567-f0f07f75ac58', 'rad2e79ae09-eb70-d724-0370-fe83ae5a429c', '0', '从不'),
('E8BCDA1A-B387-88DA-5033-E7C3ADED14D9', '4829D924-3E87-A91F-E1A8-F6060DF8962F', '039370e3-e2f6-b813-7ec7-7e0b844ddb4b', 'rad474bca01-e477-99b5-27f3-66d5ac270a60', '1', '否'),
('E8BF91CC-99D1-4F79-D632-BE8D37B5461E', 'F7A459D2-0B5D-1018-0527-BBCDE352EE31', 'e566e989-65fd-f8b2-1679-ebe41475503d', 'rad7b4df87c-dbb7-7ccd-eb36-ed00a20c718b', '1,2,3,4,8', '轻微活动休息眼睛,交替望远望近休息眼睛,做眼保健操休息眼睛,闭目休息眼睛,看绿色植物休息眼睛'),
('E9066344-FA4F-1118-ED1C-8CBA7E2C4AB1', '476763BF-3A7E-59C3-B6FC-FD9ED7EE91DD', '039370e3-e2f6-b813-7ec7-7e0b844ddb4b', 'rad474bca01-e477-99b5-27f3-66d5ac270a60', '1', '否'),
('E9A3F2B8-5629-8A2D-9A70-5FB3EC017FC8', 'B670929B-C8F0-DD41-C3E2-DE3501F72643', '9ae5d237-cbc8-9749-5437-84426c6da284', 'rad439643f6-89be-599c-d173-d8808902d3c5', '2', '1-1.5小时'),
('E9C587E1-B143-4C9B-1465-CCE6D513E3C6', 'B1F7DED9-D53E-E265-6749-7A3C93743573', '9c705ae0-d36e-3de9-138c-4e782190eb18', 'rad7fc0127f-d93f-914e-bb91-ea62b458f9f9', '2', '经常'),
('E9DECEDC-9FAC-7828-CEB6-5219C7155CFF', 'BF0D0869-87B5-62DA-0F21-4459A8BE911C', '91002316-00c9-9553-e567-f0f07f75ac58', 'rad2e79ae09-eb70-d724-0370-fe83ae5a429c', '1', '偶尔'),
('E9F74B76-B249-0C78-D916-EFD8DB59019B', '9FA3D59F-9DC2-E62C-84E6-7B5DD301D6C0', '9ae5d237-cbc8-9749-5437-84426c6da284', 'rad439643f6-89be-599c-d173-d8808902d3c5', '2', '1-1.5小时'),
('EA0ED1B4-268C-C9A3-B594-309E3C68E0CB', '484F2F03-9639-05F6-084B-FA7E4903C7C3', '145beece-5eac-533e-91b6-f23ac8bf46fe', 'rad3d3fb95a-2adb-3048-b15e-6077dd17973e', '0', '0.5小时以内'),
('ea4c88a3-c156-14cb-7c8a-bcf16a9f6b1d', 'E0BA3932-5BA8-8C16-7867-6B8689B21BA5', '6a1fe386-2add-0f8b-661c-de506d475b21', 'radc797a541-2c01-03bd-0500-e390bbe83822', '1', '15-30厘米'),
('EAD96364-D0DE-4613-5F10-76940B373C4E', 'F9A6B033-FED8-5917-4D8E-08326A5E5669', '4721c7c9-957d-eb74-04d1-bf0a47e60f76', 'rad2131f5b5-f094-248b-586b-0ac26f2e9a3c', '1', '11-20厘米'),
('EAE98D68-E0F7-80FE-F223-7BB696402454', '0701F3FD-5C1A-481F-713D-4AA9B4CA314E', '5bc2c341-5b4b-b3a8-b208-1aba371a6f4f', 'radc91e1090-11f6-3208-c57f-cf560103d6ce', '3', '总是'),
('EB01D02A-0DC0-CC26-B030-8180FC04580F', '030BDFF9-5BDF-A203-ECE8-DD68B137B6D7', '91002316-00c9-9553-e567-f0f07f75ac58', 'rad2e79ae09-eb70-d724-0370-fe83ae5a429c', '3', '总是'),
('EB026A81-729D-D0D6-FC66-251B30D619A3', '20BAB38A-F4C2-919B-1F36-DD3800A5FB6D', '91002316-00c9-9553-e567-f0f07f75ac58', 'rad2e79ae09-eb70-d724-0370-fe83ae5a429c', '0', '从不'),
('EB13F23F-4FD8-80DB-F60A-F7AF7E53DCC4', '476E1E91-C9FC-7AC3-5776-6916ECC17162', 'e83cb158-83b4-a004-e4d5-ecfeda902fe5', 'rad37519809-e9d6-a9f3-961b-1a8c75b301bd', '2', '经常'),
('EB591598-C291-EAFA-7CD3-63F0D1C6EE7F', 'A9479D2A-1659-3C66-8E53-FAF567636504', '145beece-5eac-533e-91b6-f23ac8bf46fe', 'rad3d3fb95a-2adb-3048-b15e-6077dd17973e', '4', '超过2小时'),
('EBD0966A-60E7-4135-7286-8F1B91547037', 'B670929B-C8F0-DD41-C3E2-DE3501F72643', '5bc2c341-5b4b-b3a8-b208-1aba371a6f4f', 'radc91e1090-11f6-3208-c57f-cf560103d6ce', '1', '偶尔'),
('EBE8F42C-9F03-F0A8-AA5E-B77F362CF427', '1866C035-EFBE-F08D-FD20-6FEC88F5D73E', '6a1fe386-2add-0f8b-661c-de506d475b21', 'radc797a541-2c01-03bd-0500-e390bbe83822', '1', '15-30厘米'),
('EC370588-0BE2-FD6B-75E1-B0A9EAA75139', 'B563CC59-188A-4236-6463-4A581651AD55', '6a1fe386-2add-0f8b-661c-de506d475b21', 'radc797a541-2c01-03bd-0500-e390bbe83822', '0', '少于15厘米'),
('EC878FA0-A51F-D87D-3763-6205FF9DC2F0', '71CB2A51-CEE6-F214-809A-09F6205C5083', '145beece-5eac-533e-91b6-f23ac8bf46fe', 'rad3d3fb95a-2adb-3048-b15e-6077dd17973e', '5', '从不休息'),
('ECA83D1A-49A4-2B25-4236-9EAE03D079D9', '4829D924-3E87-A91F-E1A8-F6060DF8962F', '67c32e3e-ae1f-8274-370b-d88c6b33a53e', 'radf2e9260e-eee6-3699-4b3e-16dcd727ed1a', '0', '0.5小时以内'),
('ECDC2D7D-EF45-2878-7A88-41E06444CBE0', '8FDAFC98-136D-30F6-CF6B-B8845F3685BD', '9c705ae0-d36e-3de9-138c-4e782190eb18', 'rad7fc0127f-d93f-914e-bb91-ea62b458f9f9', '0', '从不'),
('ED0388F8-6D39-8603-C56D-BAA4184B9032', 'EDB0960E-01AE-EDE6-1E1D-34EC8E420548', '9ae5d237-cbc8-9749-5437-84426c6da284', 'rad439643f6-89be-599c-d173-d8808902d3c5', '5', '从不休息'),
('ED08C829-71F4-6868-1F56-EAFF28D46FD0', '1866C035-EFBE-F08D-FD20-6FEC88F5D73E', '4721c7c9-957d-eb74-04d1-bf0a47e60f76', 'rad2131f5b5-f094-248b-586b-0ac26f2e9a3c', '1', '11-20厘米'),
('ED1D1417-85AA-1626-DD1B-D7161DAF349F', '495765A4-1659-0572-D78F-98E920B210B5', '6a1fe386-2add-0f8b-661c-de506d475b21', 'radc797a541-2c01-03bd-0500-e390bbe83822', '2', '31-50厘米'),
('ED3F6D5B-00AD-4D01-EFC2-546F9CD6FBE1', 'D9305346-0B38-C07D-2017-BA5E2F88303C', 'e566e989-65fd-f8b2-1679-ebe41475503d', 'rad7b4df87c-dbb7-7ccd-eb36-ed00a20c718b', '0,1,3,4,5', '远眺休息眼睛,轻微活动休息眼睛,做眼保健操休息眼睛,闭目休息眼睛,户外活动休息眼睛'),
('ED4B431A-1212-CD79-D0BC-0F5F0124763C', '31974BD1-6D95-F803-AD70-4559ADBA5890', 'c7d9d4c4-9137-900c-9cd8-3d941ba8e82e', 'rad93900683-bca1-aefe-be1c-f0bf3b26e8a4', '1', '1-2米'),
('ED57C3D3-562E-A3FD-7067-70D21525E8D2', 'B1F7DED9-D53E-E265-6749-7A3C93743573', '4721c7c9-957d-eb74-04d1-bf0a47e60f76', 'rad2131f5b5-f094-248b-586b-0ac26f2e9a3c', '1', '11-20厘米'),
('EE00D74C-FA0F-2DBA-A5ED-4A80A0F8A3E3', 'B7D72601-8A15-1A95-C509-E439DDE324AE', '039370e3-e2f6-b813-7ec7-7e0b844ddb4b', 'rad474bca01-e477-99b5-27f3-66d5ac270a60', '0', '是'),
('ee05310a-28da-da09-50e8-2ab272405e29', '2cd4fb5d-b929-39c2-955f-4faa1f0b4307', '699465b7-0fae-7310-487a-8d4cd6f5fd5e', 'rad7e66191b-516b-a106-bfa3-04e544492a3b', '2', '1-1.5小时'),
('EE1E7917-40F2-A92E-F045-CAE6574F013D', '476763BF-3A7E-59C3-B6FC-FD9ED7EE91DD', 'e83cb158-83b4-a004-e4d5-ecfeda902fe5', 'rad37519809-e9d6-a9f3-961b-1a8c75b301bd', '0', '从不'),
('ee8de99c-f1c3-8385-6977-072b8f530865', '46e3c57b-3120-a670-2112-88729700a769', '9ae5d237-cbc8-9749-5437-84426c6da284', 'rad439643f6-89be-599c-d173-d8808902d3c5', '3', '1.5-2小时'),
('EF02E52A-96FF-2D03-C0FD-B27C85DD9C15', 'B7D72601-8A15-1A95-C509-E439DDE324AE', 'c7d9d4c4-9137-900c-9cd8-3d941ba8e82e', 'rad93900683-bca1-aefe-be1c-f0bf3b26e8a4', '3', '超过3米'),
('EF57B2F8-3C60-37CD-FCD7-A646A360C797', 'F657097C-B5DA-BF72-CAE3-0EE04A85B891', '5bc2c341-5b4b-b3a8-b208-1aba371a6f4f', 'radc91e1090-11f6-3208-c57f-cf560103d6ce', '1', '偶尔'),
('EF816E32-421C-A006-0408-884F5F7974B1', '4E207B40-B9DD-972B-6B38-9E60A3EE80D6', 'e566e989-65fd-f8b2-1679-ebe41475503d', 'rad7b4df87c-dbb7-7ccd-eb36-ed00a20c718b', '1,5', '轻微活动休息眼睛,户外活动休息眼睛'),
('EF969206-DBA5-C89B-86F6-40B245B016AD', '0D5833DE-6F06-A80C-6162-CB03A6224EAC', '039370e3-e2f6-b813-7ec7-7e0b844ddb4b', 'rad474bca01-e477-99b5-27f3-66d5ac270a60', '1', '否'),
('F07F2783-719D-0E17-9027-275A79405A53', '4EECC38A-BF84-F30F-1BE7-213D1EFBB617', '5bc2c341-5b4b-b3a8-b208-1aba371a6f4f', 'radc91e1090-11f6-3208-c57f-cf560103d6ce', '3', '总是'),
('F090CEA3-CB20-7E91-DE1C-C4A0B4B89CF8', 'AFF85C0F-0FBE-798D-752A-751527612DAA', '67c32e3e-ae1f-8274-370b-d88c6b33a53e', 'radf2e9260e-eee6-3699-4b3e-16dcd727ed1a', '2', '1-1.5小时'),
('F0987A04-B4DB-E225-56A8-FD75469AC3B7', 'E8859928-868C-F675-560A-81C6C514FCC4', '9ae5d237-cbc8-9749-5437-84426c6da284', 'rad439643f6-89be-599c-d173-d8808902d3c5', '1', '0.5-1小时'),
('F0AD30AD-C705-AA07-C06B-B31FF62413D3', '5467762E-9C18-AE51-A3F1-915D5BFB21EE', '67c32e3e-ae1f-8274-370b-d88c6b33a53e', 'radf2e9260e-eee6-3699-4b3e-16dcd727ed1a', '5', '从不休息'),
('F0CFE6F1-F3A8-707D-6082-492AF2CCAAD8', '253B0D0F-1832-4553-AF8D-DB12076F2805', '91002316-00c9-9553-e567-f0f07f75ac58', 'rad2e79ae09-eb70-d724-0370-fe83ae5a429c', '1', '偶尔'),
('F0E808BF-514E-B9D7-4B1A-879195587C21', '5A96EEC7-F5ED-4158-60A0-70CA1A8B00B5', 'e83cb158-83b4-a004-e4d5-ecfeda902fe5', 'rad37519809-e9d6-a9f3-961b-1a8c75b301bd', '1', '偶尔'),
('F115CF2E-EEEB-789F-1643-E58ACA71F096', '20B9DF5E-4829-36B1-B9AF-936A3ABE4E82', 'c7d9d4c4-9137-900c-9cd8-3d941ba8e82e', 'rad93900683-bca1-aefe-be1c-f0bf3b26e8a4', '2', '2-3米'),
('F122846D-E7B9-25F5-C47F-BF0785545C75', 'B563CC59-188A-4236-6463-4A581651AD55', '9ae5d237-cbc8-9749-5437-84426c6da284', 'rad439643f6-89be-599c-d173-d8808902d3c5', '5', '从不休息'),
('F1B379EA-2706-5BFA-85D5-96A7CBFB6250', '5F4A3B52-3FEF-7614-EF5D-2C4700B55778', 'e83cb158-83b4-a004-e4d5-ecfeda902fe5', 'rad37519809-e9d6-a9f3-961b-1a8c75b301bd', '3', '总是'),
('F1E82F22-939E-28F4-7EC6-FB6C06ED1723', '441D80A7-FFDF-11BD-1925-DC889D5F7111', '9ae5d237-cbc8-9749-5437-84426c6da284', 'rad439643f6-89be-599c-d173-d8808902d3c5', '2', '1-1.5小时'),
('F1E8BD9B-A40D-8ACB-910E-6E5A24E98B75', 'E295B98F-DA83-5E72-4401-8D6DAC3F0DBB', 'e566e989-65fd-f8b2-1679-ebe41475503d', 'rad7b4df87c-dbb7-7ccd-eb36-ed00a20c718b', '1', '轻微活动休息眼睛'),
('F20425CF-FF99-1105-F5D8-085D57125CEC', '99A6D9E1-7736-A3EF-B801-B7A15B64D9A1', '67c32e3e-ae1f-8274-370b-d88c6b33a53e', 'radf2e9260e-eee6-3699-4b3e-16dcd727ed1a', '5', '从不休息'),
('F23CAC80-3585-3353-2B62-7A0902A7DFCC', '31974BD1-6D95-F803-AD70-4559ADBA5890', '039370e3-e2f6-b813-7ec7-7e0b844ddb4b', 'rad474bca01-e477-99b5-27f3-66d5ac270a60', '2', '不清楚'),
('F37CD8DD-60F8-C16B-C85D-EA313A9F5FE6', '3FEE4C58-6EFE-0D2F-B672-F26C2BBFFF1F', 'c7d9d4c4-9137-900c-9cd8-3d941ba8e82e', 'rad93900683-bca1-aefe-be1c-f0bf3b26e8a4', '2', '2-3米'),
('F3954785-0F7E-1988-A89E-54F8F0DF55EE', 'B563CC59-188A-4236-6463-4A581651AD55', 'c7d9d4c4-9137-900c-9cd8-3d941ba8e82e', 'rad93900683-bca1-aefe-be1c-f0bf3b26e8a4', '1', '1-2米'),
('f3c08ecc-7e2f-3e12-0a81-bbd76e85c24b', '2cd4fb5d-b929-39c2-955f-4faa1f0b4307', 'b30bebaf-675b-8d25-bdc1-ed14515ccca1', 'rad0635e5b1-55c3-29e1-ad1c-1e25764188a6', '1', '否'),
('F4068187-7745-A853-0A4B-108F5399137F', 'A20928C1-E897-E4CC-8582-2588F9FA29CF', '5bc2c341-5b4b-b3a8-b208-1aba371a6f4f', 'radc91e1090-11f6-3208-c57f-cf560103d6ce', '3', '总是'),
('F4837290-FFED-9D27-085D-B766C44786F6', '0701F3FD-5C1A-481F-713D-4AA9B4CA314E', '6a1fe386-2add-0f8b-661c-de506d475b21', 'radc797a541-2c01-03bd-0500-e390bbe83822', '0', '少于15厘米'),
('F4C2B48E-F657-CD64-2105-D20470928B07', 'F7689B92-C69C-A217-8C12-BEA7C248E8F6', '039370e3-e2f6-b813-7ec7-7e0b844ddb4b', 'rad474bca01-e477-99b5-27f3-66d5ac270a60', '1', '否'),
('F4E40574-A242-0310-20CA-5403D585FCF9', '61539D46-2310-AAFE-1339-01B660CD4C66', '91002316-00c9-9553-e567-f0f07f75ac58', 'rad2e79ae09-eb70-d724-0370-fe83ae5a429c', '3', '总是'),
('F4F455EB-E156-9392-0EB1-D873F5C53596', 'C35BA2FC-EC9A-60DE-C617-27A3A166F44E', '4721c7c9-957d-eb74-04d1-bf0a47e60f76', 'rad2131f5b5-f094-248b-586b-0ac26f2e9a3c', '1', '11-20厘米'),
('F53BD390-700B-A45C-E80D-AA200FF090BE', 'B563CC59-188A-4236-6463-4A581651AD55', '5bc2c341-5b4b-b3a8-b208-1aba371a6f4f', 'radc91e1090-11f6-3208-c57f-cf560103d6ce', '3', '总是'),
('F54ADFD0-7E7D-74D6-5ACE-5B8EAF864C85', '20BAB38A-F4C2-919B-1F36-DD3800A5FB6D', '6a1fe386-2add-0f8b-661c-de506d475b21', 'radc797a541-2c01-03bd-0500-e390bbe83822', '1', '15-30厘米'),
('F5A47813-8839-339D-74DB-2E8116BEE6D8', '4DFE1916-B0F0-1AFE-031D-41440DCCA55B', '039370e3-e2f6-b813-7ec7-7e0b844ddb4b', 'rad474bca01-e477-99b5-27f3-66d5ac270a60', '2', '不清楚'),
('F5B87A7A-93EA-907B-1220-046058C62448', 'F7A459D2-0B5D-1018-0527-BBCDE352EE31', 'c7d9d4c4-9137-900c-9cd8-3d941ba8e82e', 'rad93900683-bca1-aefe-be1c-f0bf3b26e8a4', '2', '2-3米'),
('F5CD3201-18DE-0B11-9E37-48DC02CEB831', '4E207B40-B9DD-972B-6B38-9E60A3EE80D6', '91002316-00c9-9553-e567-f0f07f75ac58', 'rad2e79ae09-eb70-d724-0370-fe83ae5a429c', '2', '经常'),
('F5D228E8-D763-5F80-E8EF-992DD40B1973', 'B922226B-47DD-8B63-449B-383E9A8B2F7A', '4721c7c9-957d-eb74-04d1-bf0a47e60f76', 'rad2131f5b5-f094-248b-586b-0ac26f2e9a3c', '2', '21-30厘米'),
('F62C94FC-F28B-5A5F-16DE-F1962DA8FACF', '5A96EEC7-F5ED-4158-60A0-70CA1A8B00B5', '4721c7c9-957d-eb74-04d1-bf0a47e60f76', 'rad2131f5b5-f094-248b-586b-0ac26f2e9a3c', '3', '超过30厘米'),
('F62E0EDC-D349-B852-3971-00C0C044DE6D', 'BF0D0869-87B5-62DA-0F21-4459A8BE911C', '9ae5d237-cbc8-9749-5437-84426c6da284', 'rad439643f6-89be-599c-d173-d8808902d3c5', '5', '从不休息'),
('F6519DD3-843C-42D0-BCCB-831923188EB7', '071CFB9A-B4A3-7541-3FD9-A31A6CED19A0', '4721c7c9-957d-eb74-04d1-bf0a47e60f76', 'rad2131f5b5-f094-248b-586b-0ac26f2e9a3c', '2', '21-30厘米'),
('F66244C6-2F05-021C-682D-E57CB4AB27CC', 'ADAEF9AA-4DCA-CAD7-24E5-4B53F5824FC7', '5bc2c341-5b4b-b3a8-b208-1aba371a6f4f', 'radc91e1090-11f6-3208-c57f-cf560103d6ce', '3', '总是'),
('F667099F-9D71-806A-283C-3BDB4C182179', '8880E589-3970-162E-FFDD-8DE5744D79B9', '9ae5d237-cbc8-9749-5437-84426c6da284', 'rad439643f6-89be-599c-d173-d8808902d3c5', '5', '从不休息'),
('f7192930-3027-e414-7124-0e681f841a7f', '566897c3-bd75-0c2c-3ae0-6fc01db39ff7', '4bfa6256-3f7a-63ba-930c-fb6e667811d3', 'txt2-cbb36d5c-bd39-c6ad-b88c-e27b446e377a-1', '22:30', '22:30'),
('F72ABAD1-484A-B0AF-EED1-7B3B3AE315CE', 'B4CF14E0-7886-C20E-39AE-5923BCCE169F', 'e83cb158-83b4-a004-e4d5-ecfeda902fe5', 'rad37519809-e9d6-a9f3-961b-1a8c75b301bd', '3', '总是'),
('F765DB42-A9B5-8AAB-CDD1-04C007F4DB89', '24E1F4D7-3A24-42AB-322C-1C28CF7D944B', '145beece-5eac-533e-91b6-f23ac8bf46fe', 'rad3d3fb95a-2adb-3048-b15e-6077dd17973e', '1', '0.5-1小时'),
('F7C9B2EF-009E-3FE8-ACCC-3E0866601F53', '495765A4-1659-0572-D78F-98E920B210B5', 'e566e989-65fd-f8b2-1679-ebe41475503d', 'rad7b4df87c-dbb7-7ccd-eb36-ed00a20c718b', '0,1,2,3', '远眺休息眼睛,轻微活动休息眼睛,交替望远望近休息眼睛,做眼保健操休息眼睛'),
('F7D33D7C-99B4-95DE-5951-1616D292859D', '7397EC4A-1473-987A-DA84-7FD15EE09BEB', '9c705ae0-d36e-3de9-138c-4e782190eb18', 'rad7fc0127f-d93f-914e-bb91-ea62b458f9f9', '1', '偶尔'),
('F7EACA2D-2C65-6FF4-2229-EFEFD18B935D', 'D3CC81A1-4699-56D6-391C-62F35B4DA2B8', 'e83cb158-83b4-a004-e4d5-ecfeda902fe5', 'rad37519809-e9d6-a9f3-961b-1a8c75b301bd', '1', '偶尔'),
('F80E3317-E8D1-8564-B867-EDC683AEB439', 'DA3636C9-417E-D8FC-7800-52F460768C00', '6a1fe386-2add-0f8b-661c-de506d475b21', 'radc797a541-2c01-03bd-0500-e390bbe83822', '2', '31-50厘米'),
('F824581F-3E94-6E8D-05DB-5300A21DE6E2', 'B922226B-47DD-8B63-449B-383E9A8B2F7A', '145beece-5eac-533e-91b6-f23ac8bf46fe', 'rad3d3fb95a-2adb-3048-b15e-6077dd17973e', '1', '0.5-1小时'),
('F82F5D01-33E2-7B27-72DE-1A8CBA357D82', '93484759-D692-672D-9228-4C5AFCAA9ADF', 'e83cb158-83b4-a004-e4d5-ecfeda902fe5', 'rad37519809-e9d6-a9f3-961b-1a8c75b301bd', '2', '经常'),
('F85A87EE-2998-1977-CBC5-4759A0865E01', '6C8AE7BE-4018-D77A-7504-6BCC32E66B29', '9ae5d237-cbc8-9749-5437-84426c6da284', 'rad439643f6-89be-599c-d173-d8808902d3c5', '0', '0.5小时以内'),
('F899C4D2-07DC-B6BB-9DF9-4863143E070D', '5432EE5D-D471-FDB2-A461-715E9D202896', '91002316-00c9-9553-e567-f0f07f75ac58', 'rad2e79ae09-eb70-d724-0370-fe83ae5a429c', '1', '偶尔'),
('F8D68825-6EB9-80CF-CE6F-AA9F71467D3A', 'C3BBC740-0938-2D72-821D-D05A30E3EBF4', 'c7d9d4c4-9137-900c-9cd8-3d941ba8e82e', 'rad93900683-bca1-aefe-be1c-f0bf3b26e8a4', '2', '2-3米'),
('F8FD0FCD-B2A2-38F2-0AC7-DB41DA6C82B8', '1866C035-EFBE-F08D-FD20-6FEC88F5D73E', 'e83cb158-83b4-a004-e4d5-ecfeda902fe5', 'rad37519809-e9d6-a9f3-961b-1a8c75b301bd', '1', '偶尔'),
('F93DBC7F-B504-3A8B-D91E-FE7536602264', '594DED5C-E68E-3F48-4CE5-39FF7B6E748B', '9c705ae0-d36e-3de9-138c-4e782190eb18', 'rad7fc0127f-d93f-914e-bb91-ea62b458f9f9', '1', '偶尔'),
('F96435E2-0B68-2E1C-D907-8A61D9A7E5DB', 'A9EB8C13-5723-0267-7E50-458CFB1FBDE8', '145beece-5eac-533e-91b6-f23ac8bf46fe', 'rad3d3fb95a-2adb-3048-b15e-6077dd17973e', '0', '0.5小时以内'),
('F97A021B-96F9-4454-9B41-18BC71D65B56', '4E207B40-B9DD-972B-6B38-9E60A3EE80D6', '6a1fe386-2add-0f8b-661c-de506d475b21', 'radc797a541-2c01-03bd-0500-e390bbe83822', '1', '15-30厘米'),
('F97E554D-97B2-C863-798D-1D722B41E57E', '3BB1A79F-34CA-166F-DF0D-3F3203DB26EF', '5bc2c341-5b4b-b3a8-b208-1aba371a6f4f', 'radc91e1090-11f6-3208-c57f-cf560103d6ce', '3', '总是'),
('f98c810f-b47a-832f-b3a5-c5ad4ac50167', '2cd4fb5d-b929-39c2-955f-4faa1f0b4307', '2de91bce-edf7-8e1c-05a5-dc9874581333', 'radc9422eea-de86-ee8a-32a0-41da9fd496f2', '2', '经常'),
('F9CBC2C3-70DE-46D1-F0A5-CCCD10618A80', '8880E589-3970-162E-FFDD-8DE5744D79B9', 'e566e989-65fd-f8b2-1679-ebe41475503d', 'rad7b4df87c-dbb7-7ccd-eb36-ed00a20c718b', '0,1,2,3', '远眺休息眼睛,轻微活动休息眼睛,交替望远望近休息眼睛,做眼保健操休息眼睛'),
('F9DA6B22-4A78-EEAF-2CA3-B768DFAF5E63', 'A20928C1-E897-E4CC-8582-2588F9FA29CF', '67c32e3e-ae1f-8274-370b-d88c6b33a53e', 'radf2e9260e-eee6-3699-4b3e-16dcd727ed1a', '2', '1-1.5小时'),
('F9F70128-0346-613F-8C13-4CA3F72CBBF4', 'B1F7DED9-D53E-E265-6749-7A3C93743573', '145beece-5eac-533e-91b6-f23ac8bf46fe', 'rad3d3fb95a-2adb-3048-b15e-6077dd17973e', '0', '0.5小时以内'),
('FA1048E3-A898-DD6E-D130-6F886BC5F801', '441D80A7-FFDF-11BD-1925-DC889D5F7111', '6a1fe386-2add-0f8b-661c-de506d475b21', 'radc797a541-2c01-03bd-0500-e390bbe83822', '1', '15-30厘米'),
('FA1DEB72-280B-21E1-DEBD-2F00B7A0BFCD', '3539514C-1172-B3FF-F6BF-DBC512B1EAD2', '145beece-5eac-533e-91b6-f23ac8bf46fe', 'rad3d3fb95a-2adb-3048-b15e-6077dd17973e', '4', '超过2小时'),
('FAED0D83-66A5-1783-9915-CDE7E6EA9A77', '071CFB9A-B4A3-7541-3FD9-A31A6CED19A0', '039370e3-e2f6-b813-7ec7-7e0b844ddb4b', 'rad474bca01-e477-99b5-27f3-66d5ac270a60', '0', '是'),
('FAFB9955-CE35-C7E2-B8D4-7B67C6DD0EA4', '5432EE5D-D471-FDB2-A461-715E9D202896', '039370e3-e2f6-b813-7ec7-7e0b844ddb4b', 'rad474bca01-e477-99b5-27f3-66d5ac270a60', '2', '不清楚'),
('FB6F6528-AC53-F2F6-E197-86F1DCAF3A2B', '80FFED84-104B-6235-B9E0-8AB8D9812941', '5bc2c341-5b4b-b3a8-b208-1aba371a6f4f', 'radc91e1090-11f6-3208-c57f-cf560103d6ce', '3', '总是'),
('FC2C4BAF-6E75-5ED7-85D0-E150522A961B', 'FA76F62E-40C5-8251-1DE5-815C9EB00048', '67c32e3e-ae1f-8274-370b-d88c6b33a53e', 'radf2e9260e-eee6-3699-4b3e-16dcd727ed1a', '2', '1-1.5小时'),
('FC30998A-D15C-27C6-D2A4-2C2034AC543B', '8880E589-3970-162E-FFDD-8DE5744D79B9', 'c7d9d4c4-9137-900c-9cd8-3d941ba8e82e', 'rad93900683-bca1-aefe-be1c-f0bf3b26e8a4', '1', '1-2米'),
('FC320CC6-18FA-1E10-FD9C-4DE801761AD4', 'A9479D2A-1659-3C66-8E53-FAF567636504', '5bc2c341-5b4b-b3a8-b208-1aba371a6f4f', 'radc91e1090-11f6-3208-c57f-cf560103d6ce', '1', '偶尔'),
('FD0EE7A0-DEBF-D72C-7E42-AB66AE342721', '98AF264E-03BA-4966-CCB1-3EE02FA46455', '67c32e3e-ae1f-8274-370b-d88c6b33a53e', 'radf2e9260e-eee6-3699-4b3e-16dcd727ed1a', '1', '0.5-1小时'),
('FD64B8CD-45AC-2212-256E-75543177D53D', '7397EC4A-1473-987A-DA84-7FD15EE09BEB', '039370e3-e2f6-b813-7ec7-7e0b844ddb4b', 'rad474bca01-e477-99b5-27f3-66d5ac270a60', '0', '是'),
('FD6DB4E6-B11F-C788-E76E-2DDFEFDB750D', '3BB1A79F-34CA-166F-DF0D-3F3203DB26EF', 'e83cb158-83b4-a004-e4d5-ecfeda902fe5', 'rad37519809-e9d6-a9f3-961b-1a8c75b301bd', '3', '总是'),
('FDD9A55D-DFC4-C5C6-6976-5B5D4A5FE93C', 'B4CF14E0-7886-C20E-39AE-5923BCCE169F', 'e566e989-65fd-f8b2-1679-ebe41475503d', 'rad7b4df87c-dbb7-7ccd-eb36-ed00a20c718b', '1,3,4,5,8', '轻微活动休息眼睛,做眼保健操休息眼睛,闭目休息眼睛,户外活动休息眼睛,看绿色植物休息眼睛'),
('FE1AEC4A-9E30-47D1-A3EC-FE2564D17D87', 'D9305346-0B38-C07D-2017-BA5E2F88303C', '039370e3-e2f6-b813-7ec7-7e0b844ddb4b', 'rad474bca01-e477-99b5-27f3-66d5ac270a60', '2', '不清楚'),
('FE319F1C-9AB3-FBFF-E82D-9DF9842B0243', '441D80A7-FFDF-11BD-1925-DC889D5F7111', '145beece-5eac-533e-91b6-f23ac8bf46fe', 'rad3d3fb95a-2adb-3048-b15e-6077dd17973e', '1', '0.5-1小时'),
('FE3A096C-A7BD-D3F3-0C1E-77461BCABB89', '3BB1A79F-34CA-166F-DF0D-3F3203DB26EF', 'c7d9d4c4-9137-900c-9cd8-3d941ba8e82e', 'rad93900683-bca1-aefe-be1c-f0bf3b26e8a4', '1', '1-2米'),
('FE3DD82A-25F0-89B6-C3D3-FEA643536DD3', '24E1F4D7-3A24-42AB-322C-1C28CF7D944B', '91002316-00c9-9553-e567-f0f07f75ac58', 'rad2e79ae09-eb70-d724-0370-fe83ae5a429c', '2', '经常'),
('FE67AF25-8933-14A1-4724-39468F76C12D', 'A9479D2A-1659-3C66-8E53-FAF567636504', '039370e3-e2f6-b813-7ec7-7e0b844ddb4b', 'rad474bca01-e477-99b5-27f3-66d5ac270a60', '1', '否'),
('FE6E807B-AE28-1578-4D65-56EB6D84E8D1', '98ACAC8B-0A70-711A-DFDD-CDFCA20ECD27', '6a1fe386-2add-0f8b-661c-de506d475b21', 'radc797a541-2c01-03bd-0500-e390bbe83822', '2', '31-50厘米'),
('FE7F8F5A-1018-9717-8713-5E784BE71935', '0861E976-846A-3786-FD6C-A7AFB67773FF', '5bc2c341-5b4b-b3a8-b208-1aba371a6f4f', 'radc91e1090-11f6-3208-c57f-cf560103d6ce', '2', '经常'),
('FF042644-ADFE-D074-BE72-D2085C7464A5', 'E295B98F-DA83-5E72-4401-8D6DAC3F0DBB', 'e83cb158-83b4-a004-e4d5-ecfeda902fe5', 'rad37519809-e9d6-a9f3-961b-1a8c75b301bd', '3', '总是'),
('FF055435-5D06-ACE2-4CE3-BEA9B5E1BEB4', 'C2CF7220-17A0-EE89-F8B2-9F62976F72F3', 'c7d9d4c4-9137-900c-9cd8-3d941ba8e82e', 'rad93900683-bca1-aefe-be1c-f0bf3b26e8a4', '0', '少于1米'),
('FF1C1755-3981-9F0B-1DDD-5B623F86051A', 'D3CC81A1-4699-56D6-391C-62F35B4DA2B8', '5bc2c341-5b4b-b3a8-b208-1aba371a6f4f', 'radc91e1090-11f6-3208-c57f-cf560103d6ce', '0', '从不'),
('FF7CC63F-3889-E89A-9B81-8FB808B45B89', '01C3F245-74B1-CE18-8628-5E42233CD937', '9c705ae0-d36e-3de9-138c-4e782190eb18', 'rad7fc0127f-d93f-914e-bb91-ea62b458f9f9', '2', '经常'),
('FF946474-5447-BF7C-672C-79588E5337DD', '7BF08113-36CB-6A5E-AD30-650C8EBD189E', '9ae5d237-cbc8-9749-5437-84426c6da284', 'rad439643f6-89be-599c-d173-d8808902d3c5', '5', '从不休息'),
('FFAE9487-0B97-DBF1-0008-E3F30F56AB1F', 'C35BA2FC-EC9A-60DE-C617-27A3A166F44E', '91002316-00c9-9553-e567-f0f07f75ac58', 'rad2e79ae09-eb70-d724-0370-fe83ae5a429c', '0', '从不');

-- --------------------------------------------------------

--
-- 表的结构 `quiz_templates`
--

CREATE TABLE `quiz_templates` (
  `templateID` varchar(36) NOT NULL,
  `createUserID` varchar(36) NOT NULL,
  `name` varchar(50) NOT NULL,
  `createDateTime` datetime NOT NULL,
  `status` varchar(3) NOT NULL,
  `layoutStyle` varchar(3) NOT NULL,
  `askCount` int(5) NOT NULL,
  `tabCount` int(5) DEFAULT NULL,
  `tabName` tinytext,
  `dataCount` int(5) NOT NULL
) ENGINE=InnoDB DEFAULT CHARSET=utf8;

--
-- 转存表中的数据 `quiz_templates`
--

INSERT INTO `quiz_templates` (`templateID`, `createUserID`, `name`, `createDateTime`, `status`, `layoutStyle`, `askCount`, `tabCount`, `tabName`, `dataCount`) VALUES
('93d66b26-555b-1eef-c66a-aa195f0e1778', '1c39c1f2-0057-8235-9197-3d84ab554228', '2016-2017暑假调查问卷随访', '2017-05-14 21:56:33', '1', '001', 12, NULL, NULL, 12);

-- --------------------------------------------------------

--
-- 表的结构 `users`
--

CREATE TABLE `users` (
  `userID` varchar(36) NOT NULL,
  `userStatus` varchar(2) NOT NULL,
  `loginID` varchar(20) NOT NULL,
  `password` varchar(16) NOT NULL,
  `name` varchar(50) DEFAULT NULL,
  `corporation` varchar(50) DEFAULT NULL,
  `email` varchar(50) DEFAULT NULL,
  `onlineFlag` varchar(1) DEFAULT NULL
) ENGINE=InnoDB DEFAULT CHARSET=utf8;

--
-- 转存表中的数据 `users`
--

INSERT INTO `users` (`userID`, `userStatus`, `loginID`, `password`, `name`, `corporation`, `email`, `onlineFlag`) VALUES
('05C34014-BC0C-1271-5B96-0AC4DC7582AE', '4', '18806260377', '260377', '18806260377', NULL, NULL, NULL),
('07A1591B-A055-8254-5BEA-95BA0555BE1F', '4', '14708020529', '020529', '14708020529', NULL, NULL, NULL),
('0B6711B1-8016-F44F-5A40-89EF8473A3C7', '4', '18510176815', '176815', '18510176815', NULL, NULL, NULL),
('0BAABEED-566B-2E22-36EA-83D903DD0D26', '4', '18705250513', '250513', '18705250513', NULL, NULL, NULL),
('0C43B9F5-9439-E027-BDE6-D76263E7BEE9', '4', '15512291349', '291349', '15512291349', NULL, NULL, NULL),
('0DD3D1AA-C093-415B-CFCD-33DA2C25E43A', '4', '18106154531', '154531', '18106154531', NULL, NULL, NULL),
('11042C79-F3DF-2CA3-6998-AE3210C98DBB', '4', '13004290327', '290327', '13004290327', NULL, NULL, NULL),
('137CE7D6-C7B4-7D42-A33D-6CE851A76943', '4', '18307198066', '198066', '18307198066', NULL, NULL, NULL),
('177F7AC9-3C49-1E5C-ABBA-D88C00052080', '4', '18202280512', '280512', '18202280512', NULL, NULL, NULL),
('18264475-2849-EB1F-1BC7-6D9587D05362', '4', '13912164238', '164238', '13912164238', NULL, NULL, NULL),
('185843D6-0934-9465-69E4-19A39A0BA845', '4', '13703306030', '306030', '13703306030', NULL, NULL, NULL),
('1C089EE1-E341-3ADA-411A-A10D2BA3AF8A', '4', '13402104281', '104281', '13402104281', NULL, NULL, NULL),
('1C31D3AE-429D-E2BB-3569-955E7C09C52B', '4', '15305113318', '113318', '15305113318', NULL, NULL, NULL),
('1c39c1f2-0057-8235-9197-3d84ab554228', '1', 'GIEDC', 'GIEDC', '高视', '北京高视', 'lijiaxuan@gvchina.com', NULL),
('1D7C9652-52B8-36DF-2782-DC8BC1AC5171', '4', '13510225350', '225350', '13510225350', NULL, NULL, NULL),
('1D8E4C90-C12F-DF31-E17A-FCC5C12B3DE3', '4', '15901075737', '075737', '15901075737', NULL, NULL, NULL),
('1DC7513A-5BA3-DED4-C5E2-191A203DCBC3', '4', '13403195317', '195317', '13403195317', NULL, NULL, NULL),
('2AF13510-95B0-79D5-0281-919800C0454D', '4', '15508138630', '138630', '15508138630', NULL, NULL, NULL),
('2D69E32D-240E-C4AC-2CBD-359E503AE398', '4', '18106285583', '285583', '18106285583', NULL, NULL, NULL),
('2E68DBF2-483E-54B7-50C1-7F2AF6CF8140', '4', '13808170025', '170025', '13808170025', NULL, NULL, NULL),
('2FF391B5-BAA1-4F1D-2568-721199678DFE', '4', '15112208397', '208397', '15112208397', NULL, NULL, NULL),
('306D97F5-1F4B-49AA-CB3A-1A6C9D8606FA', '4', '14707146032', '146032', '14707146032', NULL, NULL, NULL),
('30F5E527-08BE-A8F3-8AE1-FEC61B1623BE', '4', '15703187640', '187640', '15703187640', NULL, NULL, NULL),
('3212BFED-83E4-8C75-7206-E7975CA79630', '4', '15812141013', '141013', '15812141013', NULL, NULL, NULL),
('3A4E6078-923B-BB33-D986-5C40BE5C5DBF', '4', '15901068545', '068545', '15901068545', NULL, NULL, NULL),
('3F1562C8-DD1C-82CD-C1AD-EF14D6198254', '4', '13001316829', '316829', '13001316829', NULL, NULL, NULL),
('41B6876C-BF8F-644B-B23D-9E66096EF270', '4', '13806304221', '304221', '13806304221', NULL, NULL, NULL),
('449CFCCE-BC83-A42C-10FD-71A074777469', '4', '14709214449', '214449', '14709214449', NULL, NULL, NULL),
('453DEBAC-B39C-EE1C-A934-7893AEE7B85B', '4', '18407010521', '010521', '18407010521', NULL, NULL, NULL),
('45C6AC24-1A54-4848-A7AE-BA54BF3AEC69', '4', '13704160364', '160364', '13704160364', NULL, NULL, NULL),
('4632C255-CA77-E0EA-DEBE-3C0BE389A6A8', '4', '18208204571', '204571', '18208204571', NULL, NULL, NULL),
('48F47DEE-D960-8542-44D4-2009A8EEE353', '4', '18803175417', '175417', '18803175417', NULL, NULL, NULL),
('4FB3EAA5-8BC3-E9D9-BB86-E5472E6E5F3F', '4', '13410300813', '300813', '13410300813', NULL, NULL, NULL),
('504C8BA3-EB1F-E31F-508E-C193D11F9A27', '4', '13807032959', '032959', '13807032959', NULL, NULL, NULL),
('5202261C-7415-2011-9CF4-3D0A42E077C1', '4', '18907304503', '304503', '18907304503', NULL, NULL, NULL),
('53D4C43A-9A45-20D5-3EB5-E3CDCF12BB59', '4', '18504033867', '033867', '18504033867', NULL, NULL, NULL),
('567169EE-B7F0-F586-6445-E8D1333B8D54', '4', '15309039026', '039026', '15309039026', NULL, NULL, NULL),
('5B66F1F5-81E1-C7FF-EE23-267C8508DF71', '4', '13007258045', '258045', '13007258045', NULL, NULL, NULL),
('5D2DA973-8C9D-B479-FC18-0A1314A00692', '4', '18907018074', '018074', '18907018074', NULL, NULL, NULL),
('5F8F2290-D263-C727-1624-586F5D97B641', '4', '13910126127', '126127', '13910126127', NULL, NULL, NULL),
('5FB17B1B-1B69-2F77-0300-D636A66B1E98', '4', '18911284221', '284221', '18911284221', NULL, NULL, NULL),
('607F02D1-4797-EDB3-50B8-0B0634A74BF0', '4', '15701114226', '114226', '15701114226', NULL, NULL, NULL),
('60A97B41-66F6-C526-7E62-A41F84F11BB1', '4', '18505206935', '206935', '18505206935', NULL, NULL, NULL),
('60DAF9C7-D74B-3F51-265F-582EBFB4837E', '4', '13603013069', '013069', '13603013069', NULL, NULL, NULL),
('651BEA3B-262D-BDC8-2194-DC7BB6469EC7', '4', '15104264497', '264497', '15104264497', NULL, NULL, NULL),
('65F029DC-2F05-A780-A34C-1BB1C1A5C7B3', '4', '18004164229', '164229', '18004164229', NULL, NULL, NULL),
('6607D445-8037-88E7-3E74-60A1DE473555', '4', '13908223587', '223587', '13908223587', NULL, NULL, NULL),
('6AF1DA64-6CF6-2092-1EE4-811197C82EBF', '4', '15004068371', '068371', '15004068371', NULL, NULL, NULL),
('6E6B24FD-12BB-99C6-49A5-F1369831D119', '4', '13712291365', '291365', '13712291365', NULL, NULL, NULL),
('7132EB5F-84D7-F3E4-FFB4-FE8ECDFD7CFE', '4', '18007165526', '165526', '18007165526', NULL, NULL, NULL),
('7828E110-1920-0BB4-167C-78C53C963E44', '4', '14408190191', '190191', '14408190191', NULL, NULL, NULL),
('797F8A3D-52FA-F260-FCA5-FE09EF8AF113', '4', '15804224228', '224228', '15804224228', NULL, NULL, NULL),
('7A2DBFC1-92E6-5BB9-1C67-F8F544EABA6E', '4', '15708200511', '200511', '15708200511', NULL, NULL, NULL),
('7B869D7A-8E83-97DD-A025-CB173B43ED8D', '4', '18508209232', '209232', '18508209232', NULL, NULL, NULL),
('808D940B-D8CA-3541-ADD3-ECE3463F2E8E', '4', '15111062511', '062511', '15111062511', NULL, NULL, NULL),
('83071846-8E1E-ECF1-CEA0-3D50B9C7E7DF', '4', '18608165414', '165414', '18608165414', NULL, NULL, NULL),
('843EB9F2-3A48-9F4F-F3ED-7907279EE547', '4', '13910205136', '205136', '13910205136', NULL, NULL, NULL),
('869EE792-E5FB-3B82-3222-9DB80650DA9D', '4', '17810260852', '260852', '17810260852', NULL, NULL, NULL),
('8A6D0681-E0EC-5B56-5B80-4CE13474096A', '4', '17807067412', '067412', '17807067412', NULL, NULL, NULL),
('8A9BC16D-3D5B-D1F3-3CD1-A210537B1349', '4', '18010086819', '086819', '18010086819', NULL, NULL, NULL),
('8C85FA31-B02F-298D-3259-74B5CAB71803', '4', '13302114228', '114228', '13302114228', NULL, NULL, NULL),
('8FCE86AB-CFDA-4F0A-5E0A-2527A23787E8', '4', '13410226875', '226875', '13410226875', NULL, NULL, NULL),
('960C9182-AEC1-FEC9-6B7E-97164C44360C', '4', '13407021816', '021816', '13407021816', NULL, NULL, NULL),
('984A36A2-A385-C009-C645-C59F56AD0E55', '4', '15311216827', '216827', '15311216827', NULL, NULL, NULL),
('9942F5E9-3061-5587-67DB-31CB4B5FC841', '4', '18910074222', '074222', '18910074222', NULL, NULL, NULL),
('9C4A54D1-AE10-FD99-D0CD-E0F0F78C05BE', '4', '13104264505', '264505', '13104264505', NULL, NULL, NULL),
('9E0FB16F-E7F7-97B7-765D-579686B055BA', '4', '18603291047', '291047', '18603291047', NULL, NULL, NULL),
('9EE427B3-453B-CECD-66D1-BE81B3566EF2', '4', '18212074475', '074475', '18212074475', NULL, NULL, NULL),
('A0335007-5AD6-AC7A-CC03-30D886A94BE6', '4', '13908240513', '240513', '13908240513', NULL, NULL, NULL),
('B0ABAAD3-569D-86A9-E312-36DCC35CE732', '4', '13412140524', '140524', '13412140524', NULL, NULL, NULL),
('B3AB4657-110B-7BDF-0278-F5E2357CF498', '4', '18501160323', '160323', '18501160323', NULL, NULL, NULL),
('B9A523A2-3FFA-91D9-AF1A-8A66BBE4C346', '4', '13209170237', '170237', '13209170237', NULL, NULL, NULL),
('BA6178B8-1642-608F-4EF9-733627DA1CDB', '4', '13211224229', '224229', '13211224229', NULL, NULL, NULL),
('BA8A01DE-7DC4-0E38-577B-BE88250B74C9', '4', '15809304027', '304027', '15809304027', NULL, NULL, NULL),
('bbe6b277-582c-4735-1fdd-c6c7aebdab5a', '4', '1390911091521', '091521', '1390911091521', NULL, NULL, NULL),
('BE03F69C-DF6C-8905-AFA9-BE1E7F0F33C6', '4', '15508123620', '123620', '15508123620', NULL, NULL, NULL),
('BECF2ABF-4E61-3ABD-27A0-699F2A7ED13C', '4', '18106224536', '224536', '18106224536', NULL, NULL, NULL),
('C047A907-6D84-A779-3ACC-D5474F569CF0', '4', '13902048828', '048828', '13902048828', NULL, NULL, NULL),
('C1EF24BE-4F09-3268-9663-AD824654A46B', '4', '17610170053', '170053', '17610170053', NULL, NULL, NULL),
('C286E7DE-0956-844E-4F03-A6FA6507E9DE', '4', '15105091015', '091015', '15105091015', NULL, NULL, NULL),
('C5506754-D4D2-E497-2C98-2A03CEB4784D', '4', '18511284239', '284239', '18511284239', NULL, NULL, NULL),
('D20E4DC8-B226-C13D-5318-074ECEB13725', '4', '13005184221', '184221', '13005184221', NULL, NULL, NULL),
('D4834FE5-4718-C4D0-4FC5-5ABE69B3A16C', '4', '13502105218', '105218', '13502105218', NULL, NULL, NULL),
('D58D7604-B9FE-FB81-C387-24E5C1396083', '4', '18805183587', '183587', '18805183587', NULL, NULL, NULL),
('D5B015B3-8A24-7F10-CB99-FF98A2CB3891', '4', '15603291346', '291346', '15603291346', NULL, NULL, NULL),
('D8761216-84FD-4A8F-C435-DFFADD00AAE9', '4', '17601131171', '131171', '17601131171', NULL, NULL, NULL),
('D8C35C8B-B6D0-7459-35B8-3BA3C82D93A0', '4', '18807051978', '051978', '18807051978', NULL, NULL, NULL),
('D9A7C97D-C81D-0EBF-BBE8-FA5A0FC1170D', '4', '18502105218', '105218', '18502105218', NULL, NULL, NULL),
('DA34F298-0C1C-5F08-5501-CB243F5773AC', '4', '13811233138', '233138', '13811233138', NULL, NULL, NULL),
('DBFD29D4-84C1-7595-5922-51276DBA6BF3', '4', '14409034215', '034215', '14409034215', NULL, NULL, NULL),
('DD20FC9C-5DE7-C788-420C-F78764E84411', '4', '13505264221', '264221', '13505264221', NULL, NULL, NULL),
('DD667C05-5BAD-76C8-23DE-2BDB7FD9AE28', '4', '18401190610', '190610', '18401190610', NULL, NULL, NULL),
('DDC092B0-8D25-EDBF-72F9-E975444055B2', '4', '13410180085', '180085', '13410180085', NULL, NULL, NULL),
('E072F78D-E385-023C-3E0D-F8790E19B848', '4', '13301175967', '175967', '13301175967', NULL, NULL, NULL),
('E0934E77-0776-5B92-4390-934072D46FEE', '4', '15211026843', '026843', '15211026843', NULL, NULL, NULL),
('E1151514-8C59-6880-55C2-0BBE3B5AD611', '4', '13207130018', '130018', '13207130018', NULL, NULL, NULL),
('E11E459C-81B5-054C-4B15-C08BB355D8D5', '4', '15304193134', '193134', '15304193134', NULL, NULL, NULL),
('E1B1EDCB-3472-EFD0-8E27-C536C22E8C4C', '4', '18707150473', '150473', '18707150473', NULL, NULL, NULL),
('E724FC99-496A-AABA-3E70-259E7FD0DA4C', '4', '15309150048', '150048', '15309150048', NULL, NULL, NULL),
('E7BD9A5D-BD5A-5C5F-354D-1148F5B8CF21', '4', '18803194025', '194025', '18803194025', NULL, NULL, NULL),
('E7D9F894-0994-A44D-FC0B-750F68C35758', '4', '14703273129', '273129', '14703273129', NULL, NULL, NULL),
('E84BD825-9354-A6CF-96FB-9EBAFFEA167D', '4', '14406010511', '010511', '14406010511', NULL, NULL, NULL),
('EAD42495-1254-B194-CCC0-91FAE71D66FA', '4', '15502142319', '142319', '15502142319', NULL, NULL, NULL),
('EE005980-2566-B158-F15F-66B96E9F7C58', '4', '18410062187', '062187', '18410062187', NULL, NULL, NULL),
('F7E36EB1-4861-0EF7-04FF-001392255358', '4', '15901104463', '104463', '15901104463', NULL, NULL, NULL),
('F9C906B0-0FAF-733C-0671-F81E05CDB61A', '4', '13411304811', '304811', '13411304811', NULL, NULL, NULL),
('FB9EA16A-433F-82EA-1006-3281068CB022', '4', '17812038310', '038310', '17812038310', NULL, NULL, NULL),
('FEB74DB1-FE76-709B-4C26-95FCD4AA50F5', '4', '18802085723', '085723', '18802085723', NULL, NULL, NULL);

--
-- Indexes for dumped tables
--

--
-- Indexes for table `children`
--
ALTER TABLE `children`
  ADD PRIMARY KEY (`childID`);

--
-- Indexes for table `child_quiz`
--
ALTER TABLE `child_quiz`
  ADD PRIMARY KEY (`childQuizID`);

--
-- Indexes for table `dict_quiz_statistics`
--
ALTER TABLE `dict_quiz_statistics`
  ADD PRIMARY KEY (`statisticalID`);

--
-- Indexes for table `quiz`
--
ALTER TABLE `quiz`
  ADD PRIMARY KEY (`quizID`);

--
-- Indexes for table `quiz_ask`
--
ALTER TABLE `quiz_ask`
  ADD PRIMARY KEY (`askID`);

--
-- Indexes for table `quiz_ask_elements`
--
ALTER TABLE `quiz_ask_elements`
  ADD PRIMARY KEY (`elementID`);

--
-- Indexes for table `quiz_data`
--
ALTER TABLE `quiz_data`
  ADD PRIMARY KEY (`recordID`);

--
-- Indexes for table `quiz_templates`
--
ALTER TABLE `quiz_templates`
  ADD PRIMARY KEY (`templateID`);

--
-- Indexes for table `users`
--
ALTER TABLE `users`
  ADD PRIMARY KEY (`userID`);

DELIMITER $$
--
-- 事件
--
CREATE DEFINER=`root`@`localhost` EVENT `event_update_quiz_status` ON SCHEDULE EVERY 1 SECOND STARTS '2017-06-02 14:07:10' ON COMPLETION PRESERVE ENABLE DO call edc_questionnaire.update_quiz_status()$$

DELIMITER ;

/*!40101 SET CHARACTER_SET_CLIENT=@OLD_CHARACTER_SET_CLIENT */;
/*!40101 SET CHARACTER_SET_RESULTS=@OLD_CHARACTER_SET_RESULTS */;
/*!40101 SET COLLATION_CONNECTION=@OLD_COLLATION_CONNECTION */;
